id_mahasiswa;Marital_status;Application_mode;Application_order;Course;Daytime_evening_attendance;Previous_qualification;Previous_qualification_grade;Nacionality;Mothers_qualification;Fathers_qualification;Mothers_occupation;Fathers_occupation;Admission_grade;Displaced;Educational_special_needs;Debtor;Tuition_fees_up_to_date;Gender;Scholarship_holder;Age_at_enrollment;International;Curricular_units_1st_sem_credited;Curricular_units_1st_sem_enrolled;Curricular_units_1st_sem_evaluations;Curricular_units_1st_sem_approved;Curricular_units_1st_sem_grade;Curricular_units_1st_sem_without_evaluations;Curricular_units_2nd_sem_credited;Curricular_units_2nd_sem_enrolled;Curricular_units_2nd_sem_evaluations;Curricular_units_2nd_sem_approved;Curricular_units_2nd_sem_grade;Curricular_units_2nd_sem_without_evaluations;Unemployment_rate;Inflation_rate;GDP;Status;skor_gerbang;pita_gerbang;skor_tahun_pertama;pita_tahun_pertama;asal_skor
MHS0001;1;17;5;171;1;1;122.0;1;19;12;5;9;127.3;1;0;0;1;1;0;20;0;0;0;0;0;0.0;0;0;0;0;0;0.0;0;10.8;1.4;1.74;Dropout;0.5636;Prioritas;0.5072;Prioritas;data uji
MHS0002;1;15;1;9254;1;1;160.0;1;1;3;3;3;142.5;1;0;0;0;1;0;19;0;0;6;6;6;14.0;0;0;6;6;6;13.666666666666666;0;13.9;-0.3;0.79;Graduate;0.8632;Kritis;0.2858;Aman;validasi silang
MHS0003;1;1;5;9070;1;1;122.0;1;37;37;9;9;124.8;1;0;0;0;1;0;19;0;0;6;0;0;0.0;0;0;6;0;0;0.0;0;10.8;1.4;1.74;Dropout;0.875;Kritis;0.9796;Kritis;validasi silang
MHS0004;1;17;2;9773;1;1;122.0;1;38;37;5;3;119.6;1;0;0;1;0;0;20;0;0;6;8;6;13.428571428571429;0;0;6;10;5;12.4;0;9.4;-0.8;-3.12;Graduate;0.4032;Prioritas;0.0885;Aman;validasi silang
MHS0005;2;39;1;8014;0;1;100.0;1;37;38;9;9;141.5;0;0;0;1;0;0;45;0;0;6;9;5;12.333333333333334;0;0;6;6;6;13.0;0;13.9;-0.3;0.79;Graduate;0.1675;Aman;0.0413;Aman;validasi silang
MHS0006;2;39;1;9991;0;19;133.1;1;37;37;9;7;114.8;0;0;1;1;1;0;50;0;0;5;10;5;11.857142857142858;0;0;5;17;5;11.5;5;16.2;0.3;-0.92;Graduate;0.9123;Kritis;0.4448;Prioritas;data uji
MHS0007;1;1;1;9500;1;1;142.0;1;19;38;7;10;128.4;1;0;0;1;0;1;18;0;0;7;9;7;13.3;0;0;8;8;8;14.345;0;15.5;2.8;-4.06;Graduate;0.045;Aman;0.0303;Aman;data uji
MHS0008;1;18;4;9254;1;1;119.0;1;37;37;9;9;113.1;1;0;0;0;1;0;22;0;0;5;5;0;0.0;0;0;5;5;0;0.0;0;15.5;2.8;-4.06;Dropout;0.9703;Kritis;0.9798;Kritis;validasi silang
MHS0009;1;1;3;9238;1;1;137.0;62;1;1;9;9;129.3;0;0;0;1;0;1;21;1;0;6;8;6;13.875;0;0;6;7;6;14.142857142857142;0;16.2;0.3;-0.92;Graduate;0.0351;Aman;0.0633;Aman;validasi silang
MHS0010;1;1;1;9238;1;1;138.0;1;1;19;4;7;123.0;1;0;1;0;0;0;18;0;0;6;9;5;11.4;0;0;6;14;2;13.5;0;8.9;1.4;3.51;Dropout;0.8175;Kritis;0.9732;Kritis;validasi silang
MHS0011;1;1;1;9670;1;1;139.0;1;38;19;5;7;130.6;1;0;0;1;0;0;18;0;0;6;6;6;12.333333333333334;0;0;6;7;5;14.2;0;13.9;-0.3;0.79;Graduate;0.1581;Aman;0.0674;Aman;validasi silang
MHS0012;1;1;1;9500;1;1;136.0;1;19;38;9;9;119.3;1;0;0;1;0;1;18;0;0;8;8;7;13.214285714285714;0;0;8;8;7;13.214285714285714;0;12.7;3.7;-1.7;Graduate;0.0354;Aman;0.0275;Aman;data uji
MHS0013;1;1;2;9853;1;1;133.0;1;19;37;4;9;130.2;1;0;0;1;0;0;19;0;0;6;6;0;0.0;0;0;6;0;0;0.0;0;12.7;3.7;-1.7;Dropout;0.4129;Prioritas;0.9794;Kritis;validasi silang
MHS0014;1;53;1;9254;1;42;110.0;1;1;1;4;7;111.8;1;0;0;1;0;1;21;0;0;6;7;6;10.571428571428571;0;0;6;8;5;11.0;0;8.9;1.4;3.51;Graduate;0.124;Aman;0.0757;Aman;validasi silang
MHS0015;1;1;1;9085;1;1;149.0;1;38;37;5;5;137.1;1;0;0;1;0;1;18;0;0;5;7;4;13.25;0;0;5;5;5;12.0;0;10.8;1.4;1.74;Graduate;0.0598;Aman;0.0349;Aman;validasi silang
MHS0016;1;1;1;9773;1;1;127.0;1;19;37;9;3;120.7;1;0;0;1;0;0;20;0;0;6;6;5;13.2;0;0;6;7;0;0.0;0;15.5;2.8;-4.06;Dropout;0.2798;Prioritas;0.9747;Kritis;data uji
MHS0017;1;18;1;9238;1;1;137.0;1;19;38;5;8;137.4;1;0;0;1;0;0;18;0;0;6;10;1;12.0;0;0;6;14;2;11.0;0;10.8;1.4;1.74;Enrolled;0.1533;Aman;0.9791;Kritis;mahasiswa aktif
MHS0018;1;17;2;9500;1;1;135.0;1;19;1;5;4;127.3;1;0;0;1;0;0;18;0;0;7;8;7;13.30625;0;0;8;8;8;14.545;0;15.5;2.8;-4.06;Graduate;0.3324;Prioritas;0.081;Aman;data uji
MHS0019;1;1;1;9130;1;1;137.0;1;3;19;3;5;136.3;1;0;0;1;0;0;20;0;0;5;8;4;12.5;1;0;5;8;4;12.25;2;10.8;1.4;1.74;Graduate;0.2486;Prioritas;0.0763;Aman;data uji
MHS0020;1;1;1;9853;1;1;140.0;1;19;19;7;7;124.6;1;0;0;1;0;0;18;0;0;7;7;6;11.666666666666666;0;0;7;8;6;13.5;0;16.2;0.3;-0.92;Enrolled;0.6151;Prioritas;0.1214;Aman;mahasiswa aktif
MHS0021;1;1;3;171;1;1;122.0;1;1;1;9;8;120.3;0;0;0;1;0;1;21;0;0;0;0;0;0.0;0;0;0;0;0;0.0;0;11.1;0.6;2.02;Graduate;0.1063;Aman;0.4092;Prioritas;data uji
MHS0022;1;18;4;9556;1;1;127.0;1;1;38;4;7;121.8;1;0;0;1;0;0;20;0;0;7;14;7;11.4375;0;0;8;9;8;11.425;0;12.7;3.7;-1.7;Enrolled;0.3803;Prioritas;0.0578;Aman;mahasiswa aktif
MHS0023;1;1;4;9500;1;1;142.0;1;19;19;1;1;125.5;1;0;0;1;0;0;18;0;0;8;12;7;12.857142857142858;0;0;8;12;7;12.857142857142858;0;12.7;3.7;-1.7;Graduate;0.1381;Aman;0.0431;Aman;data uji
MHS0024;1;1;4;9670;1;1;125.0;1;1;38;4;7;114.9;1;0;0;1;0;1;19;0;0;6;8;6;13.375;0;0;6;7;6;12.285714285714286;0;11.1;0.6;2.02;Graduate;0.0623;Aman;0.0364;Aman;validasi silang
MHS0025;1;1;1;9500;1;1;126.0;1;19;19;3;7;123.9;0;0;0;1;0;0;19;0;0;7;8;6;13.296666666666669;0;0;8;9;7;14.114285714285714;0;11.1;0.6;2.02;Graduate;0.0869;Aman;0.0558;Aman;validasi silang
MHS0026;1;1;1;9238;1;1;151.0;1;19;38;9;9;157.0;1;0;1;1;0;1;18;0;0;6;8;5;11.6;0;0;6;12;4;11.0;0;7.6;2.6;0.32;Enrolled;0.0417;Aman;0.3492;Aman;mahasiswa aktif
MHS0027;1;17;2;9238;1;1;115.0;1;19;38;7;8;116.4;1;0;0;1;0;0;21;0;0;6;9;6;11.375;0;0;6;9;6;13.285714285714286;0;16.2;0.3;-0.92;Graduate;0.3025;Prioritas;0.0403;Aman;validasi silang
MHS0028;1;1;1;9085;1;1;138.0;1;19;19;3;3;131.0;1;0;0;1;0;0;18;0;0;5;9;5;12.666666666666666;2;0;5;7;4;13.0;0;9.4;-0.8;-3.12;Enrolled;0.1466;Aman;0.0748;Aman;mahasiswa aktif
MHS0029;1;1;1;9147;1;1;135.0;1;19;1;9;9;122.1;1;0;0;1;0;0;20;0;0;5;6;5;12.0;0;0;5;6;5;12.333333333333334;0;16.2;0.3;-0.92;Graduate;0.4407;Prioritas;0.032;Aman;validasi silang
MHS0030;1;17;2;9500;1;1;127.0;1;3;3;1;10;118.8;1;0;0;1;1;0;19;0;0;7;9;6;12.933333333333332;0;0;7;7;6;13.716666666666669;0;16.2;0.3;-0.92;Enrolled;0.3458;Prioritas;0.1126;Aman;mahasiswa aktif
MHS0031;1;44;1;9003;1;39;150.0;1;4;5;4;2;150.0;0;0;0;1;1;0;21;0;0;6;15;5;11.857142857142858;0;0;6;17;5;10.571428571428571;0;16.2;0.3;-0.92;Enrolled;0.4089;Prioritas;0.1609;Aman;mahasiswa aktif
MHS0032;1;51;1;9070;1;1;125.0;1;42;3;125;124;130.0;1;0;0;1;1;0;20;0;2;6;7;6;12.833333333333334;0;0;6;9;4;13.4;0;8.9;1.4;3.51;Graduate;0.4116;Prioritas;0.3339;Aman;validasi silang
MHS0033;1;1;1;9147;1;1;143.0;1;1;1;4;6;138.8;0;0;0;0;1;0;18;0;0;5;9;3;11.333333333333334;0;0;5;8;2;13.5;0;8.9;1.4;3.51;Enrolled;0.8591;Kritis;0.9786;Kritis;mahasiswa aktif
MHS0034;1;18;1;8014;0;1;138.0;1;19;1;9;5;134.5;1;0;0;1;0;0;19;0;0;6;6;6;12.666666666666666;0;0;6;8;6;14.375;0;12.4;0.5;1.79;Graduate;0.1601;Aman;0.0318;Aman;validasi silang
MHS0035;1;1;1;9991;0;1;130.0;1;2;37;3;9;131.4;0;0;0;1;1;0;34;0;0;5;6;5;12.4;0;0;5;9;5;13.428571428571429;0;13.9;-0.3;0.79;Graduate;0.335;Prioritas;0.0525;Aman;validasi silang
MHS0036;1;39;1;33;1;1;130.0;1;38;37;9;6;102.5;0;0;1;0;1;0;37;0;0;7;7;0;0.0;0;0;7;7;1;10.0;0;8.9;1.4;3.51;Dropout;0.9829;Kritis;0.9795;Kritis;validasi silang
MHS0037;1;39;1;9119;1;10;133.1;1;34;37;0;0;128.8;1;0;0;1;1;0;43;0;0;5;0;0;0.0;0;0;5;0;0;0.0;0;7.6;2.6;0.32;Dropout;0.9624;Kritis;0.9795;Kritis;validasi silang
MHS0038;1;43;1;9147;1;1;140.0;1;37;37;6;6;122.9;0;0;0;1;0;0;55;0;0;5;10;1;10.0;0;0;5;8;2;12.0;2;16.2;0.3;-0.92;Dropout;0.4284;Prioritas;0.978;Kritis;data uji
MHS0039;4;39;1;9991;0;1;120.0;1;19;19;9;3;113.9;1;0;0;1;0;0;39;0;0;5;8;5;11.0;0;0;5;5;5;11.6;0;7.6;2.6;0.32;Graduate;0.6308;Prioritas;0.0605;Aman;validasi silang
MHS0040;1;44;1;9130;1;39;120.0;6;4;4;3;6;120.0;0;0;1;0;0;0;20;1;2;6;13;3;11.666666666666666;0;1;6;11;3;12.0;0;12.4;0.5;1.79;Dropout;0.9104;Kritis;0.9685;Kritis;validasi silang
MHS0041;1;1;5;9773;1;1;126.0;1;3;3;2;2;121.1;0;0;1;1;0;0;18;0;0;6;6;4;12.75;0;0;5;5;0;0.0;0;12.7;3.7;-1.7;Dropout;0.4986;Prioritas;0.9756;Kritis;validasi silang
MHS0042;1;1;2;9147;1;1;133.0;1;3;19;2;7;120.4;1;0;0;1;0;0;22;0;0;5;5;5;14.8;0;0;5;5;5;15.8;0;8.9;1.4;3.51;Graduate;0.2854;Prioritas;0.0565;Aman;data uji
MHS0043;1;1;6;9500;1;1;103.0;1;1;3;2;2;100.6;1;1;0;1;0;0;22;0;0;7;9;5;13.928;0;0;8;9;7;14.342857142857142;0;11.1;0.6;2.02;Graduate;0.1627;Aman;0.198;Aman;validasi silang
MHS0044;1;17;1;9773;1;1;120.0;1;1;38;5;5;121.4;0;0;0;0;0;0;20;0;0;6;7;4;13.0;0;0;6;7;5;13.8;0;12.4;0.5;1.79;Dropout;0.8774;Kritis;0.76;Kritis;validasi silang
MHS0045;1;39;1;9991;0;1;133.1;1;37;37;9;9;109.7;0;0;0;1;0;0;29;0;0;5;0;0;0.0;0;0;5;0;0;0.0;0;16.2;0.3;-0.92;Dropout;0.6223;Prioritas;0.9787;Kritis;validasi silang
MHS0046;1;17;1;9991;0;1;154.0;1;38;38;4;5;134.1;0;0;0;1;0;0;24;0;0;5;9;2;11.5;0;0;5;11;3;14.333333333333334;1;7.6;2.6;0.32;Enrolled;0.2606;Prioritas;0.9491;Kritis;mahasiswa aktif
MHS0047;1;17;2;9238;1;1;130.0;1;19;19;9;9;127.6;1;0;0;1;0;0;18;0;0;6;6;6;11.666666666666666;0;0;6;8;5;13.2;0;11.1;0.6;2.02;Graduate;0.1271;Aman;0.0757;Aman;validasi silang
MHS0048;1;17;6;9500;1;1;132.0;1;37;19;7;7;132.4;1;0;0;1;0;1;22;0;0;7;8;6;13.516666666666666;0;0;8;9;7;13.771428571428572;0;11.1;0.6;2.02;Graduate;0.0861;Aman;0.0543;Aman;validasi silang
MHS0049;1;44;1;8014;0;39;130.0;1;1;19;9;9;133.4;0;0;0;1;0;1;21;0;3;6;6;6;11.5;0;2;6;7;6;13.285714285714286;0;12.4;0.5;1.79;Graduate;0.0411;Aman;0.0294;Aman;validasi silang
MHS0050;1;1;1;9238;1;1;139.0;1;37;38;9;9;126.1;0;0;0;1;0;1;19;0;0;6;7;5;12.333333333333334;0;0;6;7;6;12.833333333333334;0;12.7;3.7;-1.7;Graduate;0.0357;Aman;0.0284;Aman;validasi silang
MHS0051;1;39;1;9254;1;1;130.0;1;19;38;9;7;113.5;0;0;0;1;0;1;24;0;0;6;6;6;13.666666666666666;0;0;6;6;6;14.166666666666666;0;12.4;0.5;1.79;Graduate;0.2753;Prioritas;0.0292;Aman;data uji
MHS0052;1;1;1;9500;1;1;139.0;1;37;38;6;6;121.3;1;0;0;1;0;1;19;0;0;8;10;6;11.833333333333334;0;0;8;10;6;11.833333333333334;0;9.4;-0.8;-3.12;Enrolled;0.0201;Aman;0.104;Aman;mahasiswa aktif
MHS0053;1;1;1;9773;1;1;127.0;1;1;19;7;7;121.8;1;0;0;1;0;1;20;0;0;6;11;4;14.0;0;0;6;12;3;11.0;0;9.4;-0.8;-3.12;Enrolled;0.086;Aman;0.6253;Prioritas;mahasiswa aktif
MHS0054;1;1;3;9130;1;1;167.0;1;37;37;90;90;159.3;0;0;0;1;0;0;19;0;0;5;7;5;14.714285714285714;0;0;5;5;5;15.8;0;7.6;2.6;0.32;Graduate;0.4071;Prioritas;0.057;Aman;validasi silang
MHS0055;1;39;1;9991;0;1;130.0;1;38;38;9;9;120.0;0;0;0;1;0;0;27;0;0;5;12;5;10.6;0;0;5;10;5;11.0;0;9.4;-0.8;-3.12;Dropout;0.4666;Prioritas;0.0827;Aman;data uji
MHS0056;1;1;1;9500;1;1;130.0;1;1;19;5;5;129.1;1;0;0;1;0;0;18;0;0;7;9;7;13.044444444444444;0;0;8;10;8;13.595;0;15.5;2.8;-4.06;Graduate;0.1676;Aman;0.0519;Aman;validasi silang
MHS0057;2;7;1;9254;1;3;130.0;1;1;3;4;3;130.0;0;0;0;1;0;0;39;0;0;6;10;0;0.0;0;0;6;6;0;0.0;0;12.4;0.5;1.79;Dropout;0.538;Prioritas;0.9795;Kritis;validasi silang
MHS0058;1;39;1;9130;1;40;129.0;1;3;3;2;2;155.3;1;0;0;1;0;0;27;0;0;6;9;5;13.0;0;5;11;13;10;12.9;0;12.4;0.5;1.79;Dropout;0.5139;Prioritas;0.0724;Aman;validasi silang
MHS0059;1;17;1;9500;1;1;141.0;1;38;38;7;10;139.8;1;0;0;1;0;0;18;0;0;8;8;8;14.935;0;0;8;8;8;14.935;0;9.4;-0.8;-3.12;Graduate;0.1091;Aman;0.0281;Aman;validasi silang
MHS0060;1;1;3;171;1;1;125.0;1;38;37;4;9;115.2;1;0;0;1;0;0;18;0;0;0;0;0;0.0;0;0;0;0;0;0.0;0;7.6;2.6;0.32;Enrolled;0.2556;Prioritas;0.4262;Prioritas;mahasiswa aktif
MHS0061;1;1;2;9500;1;1;125.0;1;19;19;9;9;114.9;0;0;0;1;0;0;18;0;0;7;8;6;13.133333333333333;0;0;8;12;7;12.221428571428572;0;16.2;0.3;-0.92;Graduate;0.1555;Aman;0.061;Aman;data uji
MHS0062;1;44;1;9238;1;39;130.0;1;19;1;9;9;131.9;0;0;0;1;0;1;21;0;3;6;7;6;12.0;0;2;6;7;6;12.0;0;13.9;-0.3;0.79;Graduate;0.0784;Aman;0.0321;Aman;validasi silang
MHS0063;1;17;3;171;1;1;133.0;1;1;37;4;7;126.0;1;0;0;1;1;1;19;0;0;0;0;0;0.0;0;0;0;0;0;0.0;0;10.8;1.4;1.74;Enrolled;0.2507;Prioritas;0.1836;Aman;mahasiswa aktif
MHS0064;1;17;1;9070;1;1;127.0;1;1;1;3;4;130.2;1;0;0;1;1;0;19;0;0;6;6;5;11.4;0;0;6;8;1;10.0;0;10.8;1.4;1.74;Enrolled;0.3681;Prioritas;0.971;Kritis;mahasiswa aktif
MHS0065;1;43;1;9070;1;1;116.0;1;1;1;3;3;120.9;0;0;0;1;1;0;24;0;0;6;6;0;0.0;0;0;6;6;0;0.0;0;12.7;3.7;-1.7;Enrolled;0.3255;Prioritas;0.9801;Kritis;mahasiswa aktif
MHS0066;4;42;1;9500;1;19;133.1;1;1;1;5;5;126.0;1;0;0;1;1;0;29;0;2;7;10;5;11.9;0;1;8;10;5;11.0;0;13.9;-0.3;0.79;Dropout;0.4501;Prioritas;0.8548;Kritis;validasi silang
MHS0067;1;1;3;171;1;1;139.0;1;19;19;5;3;128.2;1;0;0;1;1;1;19;0;0;0;0;0;0.0;0;0;0;0;0;0.0;0;10.8;1.4;1.74;Graduate;0.2034;Aman;0.2376;Aman;validasi silang
MHS0068;1;44;1;9003;1;39;130.0;1;19;37;9;9;130.0;1;0;0;1;1;0;23;0;0;6;8;6;12.571428571428571;0;0;6;7;6;12.428571428571429;0;8.9;1.4;3.51;Graduate;0.3241;Prioritas;0.0338;Aman;data uji
MHS0069;1;1;3;9147;1;1;125.0;1;1;38;7;7;120.1;0;0;1;1;1;0;19;0;0;5;8;5;11.2;0;0;5;10;4;10.75;3;16.2;0.3;-0.92;Dropout;0.7843;Kritis;0.3589;Aman;data uji
MHS0070;1;39;1;9254;1;1;160.0;1;19;37;7;10;100.0;0;0;0;1;1;0;26;0;0;6;7;6;12.0;0;0;6;8;5;10.8;0;12.7;3.7;-1.7;Enrolled;0.8417;Kritis;0.0807;Aman;mahasiswa aktif
MHS0071;1;17;1;9147;1;1;148.0;1;38;37;5;5;134.0;0;0;0;1;1;0;18;0;0;5;9;0;0.0;0;0;5;5;0;0.0;0;7.6;2.6;0.32;Enrolled;0.503;Prioritas;0.9798;Kritis;mahasiswa aktif
MHS0072;1;17;1;9500;1;1;150.0;1;37;19;8;4;130.8;0;0;0;1;1;0;24;0;0;7;8;7;11.975;0;0;8;8;8;13.75;0;13.9;-0.3;0.79;Graduate;0.6393;Prioritas;0.0379;Aman;validasi silang
MHS0073;1;1;1;171;1;1;141.0;1;19;19;5;10;135.8;1;0;0;1;1;0;19;0;0;0;0;0;0.0;0;0;0;0;0;0.0;0;15.5;2.8;-4.06;Dropout;0.4382;Prioritas;0.4632;Prioritas;validasi silang
MHS0074;1;17;4;9254;1;1;118.0;1;38;37;5;7;111.7;1;0;0;1;1;0;18;0;0;6;12;3;11.666666666666666;0;0;6;12;1;12.0;0;12.4;0.5;1.79;Dropout;0.6402;Prioritas;0.9758;Kritis;validasi silang
MHS0075;1;1;2;9773;1;1;142.0;1;38;38;9;9;132.9;1;0;0;1;1;0;18;0;0;6;8;6;12.333333333333334;0;0;6;11;3;12.333333333333334;0;10.8;1.4;1.74;Graduate;0.2309;Prioritas;0.5665;Prioritas;validasi silang
MHS0076;1;17;3;9147;1;1;120.0;1;19;19;4;7;115.5;1;0;1;1;1;0;18;0;0;5;8;3;10.333333333333334;0;0;5;11;3;10.857142857142858;0;10.8;1.4;1.74;Dropout;0.7874;Kritis;0.9652;Kritis;validasi silang
MHS0077;1;18;4;9254;1;1;106.0;1;19;37;7;7;106.0;1;0;0;1;1;1;21;0;0;6;8;4;10.5;0;0;6;11;1;11.0;0;9.4;-0.8;-3.12;Dropout;0.2876;Prioritas;0.9522;Kritis;validasi silang
MHS0078;1;17;4;9773;1;1;121.0;1;1;19;9;8;120.3;1;0;1;1;1;1;19;0;0;6;6;6;13.666666666666666;0;0;6;6;6;13.333333333333334;0;8.9;1.4;3.51;Graduate;0.3757;Prioritas;0.0527;Aman;validasi silang
MHS0079;1;17;4;9500;1;1;150.0;1;38;37;9;9;130.8;0;0;0;1;1;1;22;0;0;7;7;7;14.842857142857142;0;0;8;9;8;15.055555555555555;0;16.2;0.3;-0.92;Graduate;0.1105;Aman;0.0353;Aman;validasi silang
MHS0080;2;39;1;8014;0;1;120.0;1;37;37;9;6;117.0;0;0;0;1;1;0;33;0;0;6;8;6;12.0;0;0;6;6;6;11.666666666666666;0;10.8;1.4;1.74;Graduate;0.2912;Prioritas;0.0353;Aman;validasi silang
MHS0081;1;1;6;9853;1;1;114.0;1;19;19;9;9;110.2;1;0;0;1;1;0;20;0;0;6;8;5;12.2;0;0;6;7;5;12.2;0;10.8;1.4;1.74;Dropout;0.6808;Kritis;0.1561;Aman;validasi silang
MHS0082;1;39;1;9991;0;2;140.0;1;3;3;2;2;155.7;1;0;0;1;1;0;35;0;0;1;1;0;0.0;1;0;5;0;0;0.0;0;10.8;1.4;1.74;Dropout;0.7261;Kritis;0.9737;Kritis;validasi silang
MHS0083;1;39;1;9003;1;4;160.0;1;3;3;4;2;180.4;0;0;1;1;1;0;24;0;6;12;17;6;12.166666666666666;0;7;12;14;10;13.3;0;12.4;0.5;1.79;Dropout;0.5414;Prioritas;0.7481;Kritis;validasi silang
MHS0084;1;17;1;9254;1;1;120.0;1;19;19;4;4;125.5;0;0;0;1;1;0;18;0;0;5;6;5;12.0;0;0;5;8;3;11.333333333333334;0;12.7;3.7;-1.7;Enrolled;0.6202;Prioritas;0.6894;Kritis;mahasiswa aktif
MHS0085;2;39;1;8014;0;1;130.0;1;37;37;9;6;110.0;1;0;0;1;0;0;33;0;0;6;7;6;11.0;0;0;6;11;5;11.0;0;9.4;-0.8;-3.12;Graduate;0.201;Aman;0.0986;Aman;validasi silang
MHS0086;1;42;1;9500;1;1;160.0;1;37;38;9;7;161.0;1;0;0;1;0;1;22;0;0;8;8;7;13.08;0;0;8;8;7;13.08;0;10.8;1.4;1.74;Graduate;0.0413;Aman;0.029;Aman;validasi silang
MHS0087;1;39;1;9670;1;1;120.0;1;1;19;4;5;100.0;0;0;0;1;0;1;25;0;0;5;7;4;10.5;0;0;5;7;5;11.6;0;9.4;-0.8;-3.12;Graduate;0.1871;Aman;0.0457;Aman;validasi silang
MHS0088;1;17;1;9070;1;1;124.0;1;19;38;4;0;117.6;1;0;0;1;1;0;20;0;0;6;9;6;10.666666666666666;1;0;6;6;5;11.2;0;7.6;2.6;0.32;Graduate;0.2288;Prioritas;0.0758;Aman;validasi silang
MHS0089;1;1;6;9147;1;1;143.0;1;38;37;9;9;128.7;1;0;0;1;1;0;23;0;0;5;6;4;14.0;0;0;5;5;5;13.8;0;11.1;0.6;2.02;Enrolled;0.4646;Prioritas;0.077;Aman;mahasiswa aktif
MHS0090;1;43;2;9119;1;1;115.0;1;38;19;9;6;112.2;1;0;1;1;1;0;18;0;0;5;9;2;10.0;0;0;5;9;0;0.0;0;15.5;2.8;-4.06;Enrolled;0.8447;Kritis;0.9798;Kritis;mahasiswa aktif
MHS0091;1;39;1;9500;1;1;133.1;1;1;1;4;10;100.8;0;0;0;1;1;0;24;0;0;7;18;0;0.0;0;0;7;7;0;0.0;0;13.9;-0.3;0.79;Dropout;0.567;Prioritas;0.9795;Kritis;validasi silang
MHS0092;1;17;2;9773;1;1;133.1;41;19;1;9;9;105.0;1;0;0;0;0;0;21;1;0;6;6;6;14.0;0;0;6;6;6;13.5;0;8.9;1.4;3.51;Graduate;0.854;Kritis;0.2018;Aman;validasi silang
MHS0093;1;15;1;9130;1;1;133.1;41;1;1;4;4;100.0;0;0;0;1;0;0;26;1;0;6;7;2;12.0;1;0;6;6;0;0.0;0;8.9;1.4;3.51;Dropout;0.2232;Prioritas;0.9794;Kritis;validasi silang
MHS0094;2;39;1;9853;1;10;133.1;1;37;34;0;0;115.5;0;0;0;1;0;0;39;0;0;6;12;3;12.666666666666666;0;0;6;14;0;0.0;1;7.6;2.6;0.32;Dropout;0.8099;Kritis;0.9789;Kritis;data uji
MHS0095;2;39;1;8014;0;1;133.1;1;37;19;9;9;114.0;0;0;0;1;0;0;44;0;2;8;11;8;11.875;0;0;6;7;6;12.333333333333334;0;12.7;3.7;-1.7;Graduate;0.2684;Prioritas;0.0364;Aman;validasi silang
MHS0096;1;15;1;9119;1;1;130.0;26;38;3;9;2;137.0;1;0;0;1;1;0;19;1;0;5;9;5;14.0;0;0;5;11;3;13.25;0;13.9;-0.3;0.79;Enrolled;0.2915;Prioritas;0.7426;Kritis;mahasiswa aktif
MHS0097;1;1;5;9773;1;1;135.0;1;37;1;5;5;124.9;1;0;0;1;0;0;18;0;0;6;6;6;13.666666666666666;0;0;6;6;6;13.333333333333334;0;8.9;1.4;3.51;Graduate;0.2725;Prioritas;0.0542;Aman;data uji
MHS0098;1;1;5;9500;1;1;132.0;1;37;37;7;7;120.3;1;0;0;1;0;1;18;0;0;7;7;7;13.75;0;0;8;9;8;14.47777777777778;0;12.4;0.5;1.79;Graduate;0.0526;Aman;0.028;Aman;validasi silang
MHS0099;1;1;1;9085;1;1;135.0;1;1;2;9;1;134.3;1;0;0;1;0;0;19;0;0;5;7;5;14.2;2;0;5;7;5;13.8;0;12.7;3.7;-1.7;Enrolled;0.2421;Prioritas;0.052;Aman;mahasiswa aktif
MHS0100;1;1;4;9500;1;1;115.0;1;3;3;2;2;111.5;1;0;1;0;0;0;19;0;0;7;10;4;11.96;0;0;7;7;0;0.0;0;13.9;-0.3;0.79;Dropout;0.8879;Kritis;0.9801;Kritis;data uji
MHS0101;1;53;1;9085;1;42;130.0;1;38;38;9;9;128.8;0;0;0;1;0;0;21;0;7;10;12;8;12.875;0;4;9;14;5;13.4;0;8.9;1.4;3.51;Dropout;0.1368;Aman;0.5726;Prioritas;data uji
MHS0102;1;1;4;171;1;1;133.1;1;1;1;9;10;110.0;1;0;0;1;0;0;20;0;0;0;0;0;0.0;0;0;0;0;0;0.0;0;16.2;0.3;-0.92;Graduate;0.4237;Prioritas;0.8558;Kritis;validasi silang
MHS0103;2;39;1;8014;0;1;130.0;1;37;37;6;5;113.5;1;0;0;1;0;0;36;0;0;6;0;0;0.0;0;0;6;0;0;0.0;0;9.4;-0.8;-3.12;Dropout;0.2639;Prioritas;0.9784;Kritis;validasi silang
MHS0104;4;39;1;9003;1;12;133.1;1;37;37;9;6;160.0;0;0;0;1;0;0;43;0;13;18;19;18;14.63157894736842;0;10;13;14;13;14.23076923076923;1;15.5;2.8;-4.06;Graduate;0.3246;Prioritas;0.0462;Aman;validasi silang
MHS0105;1;18;1;9853;1;1;123.0;1;19;19;9;7;117.4;1;0;0;1;0;0;19;0;0;6;0;0;0.0;0;0;6;0;0;0.0;0;11.1;0.6;2.02;Dropout;0.6176;Prioritas;0.9792;Kritis;validasi silang
MHS0106;1;51;1;9070;1;1;130.0;1;3;1;2;8;122.2;0;0;1;1;0;0;20;0;4;10;12;10;13.0;0;5;11;11;11;12.272727272727272;0;11.1;0.6;2.02;Graduate;0.4509;Prioritas;0.0664;Aman;validasi silang
MHS0107;1;1;2;9238;1;1;122.0;1;37;38;4;7;118.2;1;0;0;1;0;0;19;0;0;6;0;0;0.0;0;0;6;0;0;0.0;0;16.2;0.3;-0.92;Dropout;0.155;Aman;0.9799;Kritis;validasi silang
MHS0108;1;1;1;9085;1;1;113.0;1;1;1;4;4;106.7;1;0;0;1;0;0;20;0;0;6;15;4;14.2;0;0;6;17;4;13.25;0;15.5;2.8;-4.06;Dropout;0.3567;Prioritas;0.7073;Kritis;validasi silang
MHS0109;1;1;5;9500;1;1;111.0;1;3;4;4;3;108.2;1;0;0;1;0;0;20;0;2;7;9;6;13.266666666666666;0;0;7;10;5;12.3;0;12.4;0.5;1.79;Dropout;0.1431;Aman;0.1769;Aman;validasi silang
MHS0110;1;17;2;9853;1;1;133.1;1;19;1;9;3;107.0;1;0;0;1;0;0;20;0;0;7;12;6;11.666666666666666;0;0;7;10;3;13.0;0;16.2;0.3;-0.92;Enrolled;0.7444;Kritis;0.7854;Kritis;mahasiswa aktif
MHS0111;1;1;1;9238;1;1;142.0;1;37;37;6;7;136.1;1;0;0;1;0;0;18;0;0;6;8;6;13.857142857142858;0;0;6;6;6;15.0;0;13.9;-0.3;0.79;Graduate;0.1034;Aman;0.0347;Aman;validasi silang
MHS0112;1;17;2;9147;1;1;123.0;1;1;38;4;7;115.3;1;0;0;1;0;1;18;0;0;5;9;3;13.0;0;0;5;11;3;11.0;0;8.9;1.4;3.51;Enrolled;0.1296;Aman;0.639;Prioritas;mahasiswa aktif
MHS0113;1;1;1;9085;1;1;131.0;1;19;19;9;9;139.8;1;0;0;1;0;0;19;0;0;5;6;5;13.4;0;0;5;5;5;12.8;0;10.8;1.4;1.74;Graduate;0.1321;Aman;0.0371;Aman;validasi silang
MHS0114;1;1;3;9773;1;1;158.0;1;1;38;4;7;157.0;1;0;0;1;0;0;18;0;0;6;6;6;12.666666666666666;0;0;6;7;6;12.571428571428571;0;10.8;1.4;1.74;Graduate;0.1903;Aman;0.1034;Aman;validasi silang
MHS0115;1;17;2;9500;1;1;122.0;1;37;37;9;9;131.0;1;0;0;1;0;0;18;0;0;7;7;6;12.516666666666666;1;0;7;7;6;12.516666666666666;1;7.6;2.6;0.32;Dropout;0.1191;Aman;0.0484;Aman;validasi silang
MHS0116;1;43;1;9500;1;1;130.0;1;38;38;9;5;100.0;0;0;0;1;0;0;20;0;0;7;11;6;11.616666666666667;0;0;7;7;7;13.0;0;13.9;-0.3;0.79;Enrolled;0.184;Aman;0.0449;Aman;mahasiswa aktif
MHS0117;1;17;1;9238;1;1;154.0;1;19;37;9;7;140.4;1;0;0;1;0;1;20;0;0;6;13;2;10.0;0;0;6;12;4;10.75;0;7.6;2.6;0.32;Enrolled;0.0394;Aman;0.8142;Kritis;mahasiswa aktif
MHS0118;1;17;1;9147;1;1;120.0;1;19;19;3;3;113.4;0;0;0;1;0;0;20;0;0;5;11;3;10.333333333333334;0;0;5;10;3;10.666666666666666;0;12.4;0.5;1.79;Enrolled;0.3884;Prioritas;0.8932;Kritis;mahasiswa aktif
MHS0119;1;1;2;9085;1;1;140.0;1;37;38;9;7;137.0;0;0;0;1;0;0;18;0;0;5;12;5;13.142857142857142;2;0;5;6;5;11.4;0;9.4;-0.8;-3.12;Graduate;0.125;Aman;0.0637;Aman;validasi silang
MHS0120;1;1;1;9147;1;1;127.0;1;2;19;4;5;121.8;0;0;0;1;0;0;18;0;0;5;5;5;12.6;0;0;5;5;5;14.0;0;11.1;0.6;2.02;Graduate;0.2328;Prioritas;0.0341;Aman;validasi silang
MHS0121;1;17;1;9254;1;1;133.1;1;1;1;4;5;131.0;1;0;0;1;0;0;21;0;0;6;12;3;11.0;0;0;6;12;2;11.0;0;9.4;-0.8;-3.12;Dropout;0.4217;Prioritas;0.9776;Kritis;validasi silang
MHS0122;1;1;2;9147;1;1;120.0;1;19;19;9;7;118.6;1;0;0;1;0;0;19;0;0;5;8;5;10.8;0;0;5;9;4;11.25;2;16.2;0.3;-0.92;Graduate;0.4151;Prioritas;0.0552;Aman;validasi silang
MHS0123;1;1;1;171;1;1;137.0;1;3;19;2;9;122.3;0;0;0;1;0;0;19;0;0;0;0;0;0.0;0;0;0;0;0;0.0;0;10.8;1.4;1.74;Dropout;0.2773;Prioritas;0.8195;Kritis;data uji
MHS0124;1;1;1;9670;1;1;131.0;1;38;38;9;9;127.9;0;0;0;1;0;1;19;0;0;5;5;5;12.8;0;0;5;5;5;14.2;0;9.4;-0.8;-3.12;Graduate;0.0409;Aman;0.0275;Aman;validasi silang
MHS0125;1;1;1;9085;1;1;130.0;1;19;38;4;7;121.3;1;0;0;1;0;0;19;0;0;6;15;6;14.166666666666666;0;0;6;13;6;12.2;0;15.5;2.8;-4.06;Graduate;0.2397;Prioritas;0.0361;Aman;validasi silang
MHS0126;1;17;6;9556;1;1;122.0;1;1;1;4;5;117.1;1;0;0;1;0;0;19;0;0;7;12;5;12.1;0;0;7;0;0;0.0;0;13.9;-0.3;0.79;Dropout;0.455;Prioritas;0.9754;Kritis;validasi silang
MHS0127;1;44;1;9085;1;39;160.0;1;37;37;9;9;160.0;1;0;0;1;0;0;20;0;1;6;7;6;14.166666666666666;0;1;6;17;5;13.77777777777778;0;12.4;0.5;1.79;Graduate;0.2248;Prioritas;0.0653;Aman;validasi silang
MHS0128;1;1;1;9853;1;1;146.0;1;19;38;9;3;145.3;1;0;0;1;0;1;18;0;0;6;8;5;12.8;0;0;6;7;5;13.4;0;9.4;-0.8;-3.12;Enrolled;0.1332;Aman;0.0484;Aman;mahasiswa aktif
MHS0129;1;17;3;9238;1;1;131.0;1;1;39;5;3;122.6;1;0;0;1;0;0;18;0;0;6;7;6;13.0;0;0;6;6;6;13.666666666666666;0;12.4;0.5;1.79;Graduate;0.2662;Prioritas;0.0464;Aman;validasi silang
MHS0130;1;17;6;9500;1;1;132.0;1;1;37;8;9;128.0;1;0;0;1;0;0;19;0;0;7;7;7;13.467142857142855;0;0;8;9;8;15.011111111111113;0;12.4;0.5;1.79;Graduate;0.41;Prioritas;0.0915;Aman;validasi silang
MHS0131;1;1;3;9500;1;1;138.0;1;19;19;5;8;124.9;1;0;0;1;0;1;18;0;0;7;9;7;13.2375;0;0;8;9;7;13.742857142857144;0;13.9;-0.3;0.79;Dropout;0.05;Aman;0.0498;Aman;data uji
MHS0132;1;17;2;9070;1;1;130.0;1;37;37;9;9;123.7;1;0;0;1;0;0;18;0;0;6;6;6;12.333333333333334;0;0;6;6;6;13.0;0;7.6;2.6;0.32;Graduate;0.1917;Aman;0.0471;Aman;data uji
MHS0133;1;1;4;9147;1;1;126.0;1;1;19;4;8;120.1;1;0;0;1;0;0;19;0;0;5;7;5;12.4;0;0;5;5;5;14.6;0;8.9;1.4;3.51;Graduate;0.2763;Prioritas;0.0388;Aman;data uji
MHS0134;1;17;6;9500;1;1;148.0;1;1;19;3;3;131.7;1;0;0;1;0;0;19;0;0;7;8;5;14.0;0;0;7;7;0;0.0;0;13.9;-0.3;0.79;Dropout;0.1675;Aman;0.9737;Kritis;validasi silang
MHS0135;1;43;1;9238;1;1;130.0;1;38;37;9;7;133.2;0;0;0;1;0;0;20;0;5;9;15;9;11.666666666666666;0;2;7;8;7;11.714285714285714;0;7.6;2.6;0.32;Graduate;0.0954;Aman;0.0462;Aman;data uji
MHS0136;1;1;1;9670;1;1;117.0;1;1;38;3;9;109.3;0;0;1;0;0;1;19;0;0;6;7;5;12.0;0;0;6;9;4;12.5;0;12.4;0.5;1.79;Dropout;0.7014;Kritis;0.8432;Kritis;validasi silang
MHS0137;1;17;1;9670;1;1;120.0;1;19;19;5;5;113.0;1;0;0;1;0;0;20;0;0;5;7;4;12.2;0;0;5;5;4;11.5;0;7.6;2.6;0.32;Graduate;0.3058;Prioritas;0.1507;Aman;validasi silang
MHS0138;1;1;1;9773;1;1;153.0;1;1;1;141;175;157.9;0;0;1;1;0;1;18;0;0;6;6;6;14.833333333333334;0;0;6;6;6;14.833333333333334;0;8.9;1.4;3.51;Graduate;0.0995;Aman;0.044;Aman;data uji
MHS0139;1;1;2;9500;1;1;117.0;1;19;1;4;7;112.1;0;0;0;1;0;1;20;0;0;7;9;5;13.188;0;0;8;9;7;12.892857142857142;0;11.1;0.6;2.02;Enrolled;0.0459;Aman;0.0715;Aman;mahasiswa aktif
MHS0140;1;18;1;9500;1;1;178.0;1;19;1;4;8;174.7;0;0;0;1;0;0;18;0;0;7;8;7;17.125;0;0;8;8;8;17.5875;0;13.9;-0.3;0.79;Graduate;0.1311;Aman;0.0681;Aman;validasi silang
MHS0141;1;1;5;9500;1;1;129.0;1;37;37;9;9;128.8;1;0;0;1;0;0;19;0;0;7;7;6;12.666666666666666;0;0;7;7;6;12.666666666666666;0;7.6;2.6;0.32;Graduate;0.0981;Aman;0.0413;Aman;data uji
MHS0142;1;1;6;9773;1;1;116.0;1;19;1;4;4;110.1;1;0;0;1;0;1;19;0;0;6;8;6;12.666666666666666;0;0;6;10;5;12.0;0;12.4;0.5;1.79;Graduate;0.1334;Aman;0.2214;Aman;validasi silang
MHS0143;1;51;1;9147;1;1;99.0;1;3;1;3;3;99.7;1;0;1;0;0;0;22;0;0;5;8;0;0.0;0;0;5;7;0;0.0;0;8.9;1.4;3.51;Enrolled;0.9596;Kritis;0.98;Kritis;mahasiswa aktif
MHS0144;1;1;3;9238;1;1;135.0;1;1;12;9;10;121.0;1;0;0;1;0;1;19;0;0;6;7;6;11.333333333333334;0;0;6;6;6;11.5;0;12.4;0.5;1.79;Graduate;0.0229;Aman;0.0493;Aman;validasi silang
MHS0145;1;1;3;9500;1;1;141.0;1;19;19;9;7;131.7;1;0;0;1;0;1;19;0;0;7;10;7;13.605;0;0;8;11;8;12.33125;0;15.5;2.8;-4.06;Graduate;0.0552;Aman;0.0362;Aman;validasi silang
MHS0146;1;17;5;9853;1;1;132.0;1;37;38;5;6;119.1;1;0;0;1;0;1;19;0;0;6;10;5;12.0;0;0;6;9;5;10.8;0;9.4;-0.8;-3.12;Graduate;0.2571;Prioritas;0.3216;Aman;data uji
MHS0147;1;1;4;9254;1;1;132.0;1;12;19;9;9;124.7;1;0;0;1;0;0;19;0;0;5;10;0;0.0;0;0;5;10;0;0.0;0;7.6;2.6;0.32;Dropout;0.2586;Prioritas;0.9799;Kritis;validasi silang
MHS0148;1;17;1;9254;1;1;113.0;1;1;37;9;10;117.2;1;0;0;1;0;0;20;0;0;6;8;5;11.2;0;0;6;12;3;11.666666666666666;0;7.6;2.6;0.32;Dropout;0.3217;Prioritas;0.8202;Kritis;validasi silang
MHS0149;1;1;1;9147;1;1;134.0;1;3;19;2;10;128.8;0;0;0;1;0;0;18;0;0;5;10;5;13.375;0;0;5;9;5;14.166666666666666;0;13.9;-0.3;0.79;Graduate;0.2934;Prioritas;0.0439;Aman;validasi silang
MHS0150;1;1;1;9500;1;1;136.0;1;1;19;9;9;131.5;0;0;0;1;0;1;20;0;0;7;8;6;13.863333333333337;0;0;8;9;7;14.178571428571429;0;11.1;0.6;2.02;Graduate;0.026;Aman;0.0301;Aman;data uji
MHS0151;1;1;1;171;1;1;136.0;1;3;37;2;8;121.7;1;0;0;1;0;0;18;0;0;0;0;0;0.0;0;0;0;0;0;0.0;0;9.4;-0.8;-3.12;Enrolled;0.3077;Prioritas;0.6051;Prioritas;mahasiswa aktif
MHS0152;1;1;1;9085;1;1;129.0;1;1;38;4;7;123.4;0;0;0;1;0;0;19;0;0;5;6;5;12.4;0;0;5;6;5;13.4;0;7.6;2.6;0.32;Graduate;0.1349;Aman;0.0284;Aman;validasi silang
MHS0153;1;17;1;9853;1;1;138.0;1;38;38;7;6;124.7;1;0;0;1;0;0;18;0;0;6;11;3;12.333333333333334;0;0;6;10;5;10.833333333333334;0;9.4;-0.8;-3.12;Enrolled;0.4839;Prioritas;0.7441;Kritis;mahasiswa aktif
MHS0154;1;1;1;9853;1;1;137.0;1;37;37;9;9;132.8;1;0;0;1;0;0;18;0;0;6;7;6;13.333333333333334;0;0;6;8;5;11.8;0;7.6;2.6;0.32;Graduate;0.3771;Prioritas;0.0911;Aman;data uji
MHS0155;1;43;1;9853;1;1;115.0;1;3;37;2;5;108.7;1;0;0;1;0;0;21;0;0;6;10;3;12.666666666666666;0;0;6;12;3;10.0;0;9.4;-0.8;-3.12;Dropout;0.5994;Prioritas;0.9679;Kritis;data uji
MHS0156;1;1;1;9853;1;1;129.0;1;38;37;6;6;138.1;0;0;0;1;0;0;19;0;0;6;8;6;12.0;0;0;6;10;4;11.5;0;7.6;2.6;0.32;Dropout;0.2283;Prioritas;0.1636;Aman;validasi silang
MHS0157;1;1;1;9147;1;1;131.0;1;38;38;9;9;126.5;0;0;0;1;0;1;18;0;0;5;5;5;10.6;0;0;5;5;5;11.8;0;12.4;0.5;1.79;Graduate;0.0652;Aman;0.0337;Aman;validasi silang
MHS0158;1;17;2;9238;1;1;133.0;1;1;37;7;9;127.4;1;0;0;1;0;1;18;0;0;6;8;6;12.25;0;0;6;7;6;11.857142857142858;0;12.7;3.7;-1.7;Graduate;0.0781;Aman;0.0327;Aman;validasi silang
MHS0159;1;1;3;9238;1;1;125.0;1;19;1;9;10;123.6;1;0;0;1;0;0;20;0;0;6;10;4;11.0;0;0;6;9;6;11.833333333333334;0;9.4;-0.8;-3.12;Graduate;0.1332;Aman;0.1007;Aman;validasi silang
MHS0160;1;39;1;8014;0;1;120.0;1;1;19;6;8;122.0;0;0;0;1;0;1;24;0;0;6;11;5;11.0;0;0;6;9;5;12.6;0;11.1;0.6;2.02;Graduate;0.0728;Aman;0.0654;Aman;validasi silang
MHS0161;1;1;1;9670;1;1;128.0;1;19;1;4;1;118.2;0;0;0;1;0;0;19;0;0;6;6;6;13.166666666666666;0;0;6;9;6;13.0;0;10.8;1.4;1.74;Dropout;0.1254;Aman;0.0309;Aman;validasi silang
MHS0162;1;1;1;9500;1;1;127.0;1;19;37;9;7;123.9;1;0;0;1;0;1;18;0;0;7;9;7;12.855555555555554;0;0;8;12;7;12.761111111111113;0;15.5;2.8;-4.06;Graduate;0.0467;Aman;0.038;Aman;validasi silang
MHS0163;1;1;2;9500;1;1;134.0;1;19;19;9;9;125.8;1;0;0;1;0;0;18;0;0;7;8;7;14.91875;0;0;8;8;8;15.355;0;15.5;2.8;-4.06;Graduate;0.1438;Aman;0.0336;Aman;validasi silang
MHS0164;1;17;5;9853;1;1;132.0;1;12;12;4;4;123.3;1;0;0;1;0;0;21;0;0;6;13;4;11.5;0;0;6;10;3;11.0;0;10.8;1.4;1.74;Dropout;0.6704;Kritis;0.9362;Kritis;validasi silang
MHS0165;1;17;2;9670;1;1;124.0;1;1;19;5;4;124.4;0;0;0;1;0;0;19;0;0;5;5;5;14.2;0;0;5;5;5;14.2;0;7.6;2.6;0.32;Graduate;0.2663;Prioritas;0.0368;Aman;validasi silang
MHS0166;1;17;1;9773;1;1;133.1;1;19;37;7;7;126.0;0;0;0;1;0;1;19;0;0;6;6;6;12.5;0;0;6;7;6;13.0;0;15.5;2.8;-4.06;Graduate;0.1729;Aman;0.0298;Aman;data uji
MHS0167;3;39;1;9003;1;1;170.0;1;1;37;6;6;170.0;0;0;1;1;0;0;47;0;0;1;1;0;0.0;0;0;6;0;0;0.0;0;8.9;1.4;3.51;Enrolled;0.3739;Prioritas;0.9774;Kritis;mahasiswa aktif
MHS0168;1;17;3;9238;1;1;125.0;1;19;19;7;8;121.5;0;0;0;1;0;0;19;0;0;6;10;5;11.666666666666666;0;0;6;12;4;11.0;0;13.9;-0.3;0.79;Graduate;0.2787;Prioritas;0.2076;Aman;validasi silang
MHS0169;1;39;1;9500;1;3;130.0;1;2;2;1;1;130.0;0;0;0;1;0;0;29;0;1;8;8;7;14.257142857142856;0;1;8;8;7;14.257142857142856;0;12.7;3.7;-1.7;Graduate;0.4;Prioritas;0.0516;Aman;validasi silang
MHS0170;1;43;1;9238;1;1;125.0;1;19;19;4;8;117.0;1;0;0;1;0;0;21;0;0;6;13;3;12.0;0;0;6;12;2;11.333333333333334;0;16.2;0.3;-0.92;Dropout;0.1508;Aman;0.9778;Kritis;validasi silang
MHS0171;1;39;1;9085;1;1;130.0;1;37;19;9;7;130.0;1;0;0;1;0;0;28;0;0;5;13;4;11.25;1;0;5;11;4;10.5;0;12.7;3.7;-1.7;Enrolled;0.4188;Prioritas;0.3784;Aman;mahasiswa aktif
MHS0172;1;17;2;9556;1;1;133.1;1;37;37;3;10;108.0;0;0;0;1;0;0;20;0;0;7;8;7;12.457142857142856;0;0;8;8;8;13.5625;0;15.5;2.8;-4.06;Graduate;0.3442;Prioritas;0.0397;Aman;validasi silang
MHS0173;1;17;1;9500;1;1;131.0;1;2;38;4;5;132.3;1;0;0;1;0;0;19;0;0;7;7;6;11.683333333333332;0;0;7;7;6;11.683333333333332;0;7.6;2.6;0.32;Graduate;0.0833;Aman;0.0383;Aman;validasi silang
MHS0174;1;42;1;8014;0;1;150.0;1;19;2;4;6;148.0;0;0;0;1;0;0;26;0;0;6;10;3;11.666666666666666;0;0;6;8;5;12.0;0;9.4;-0.8;-3.12;Graduate;0.1701;Aman;0.6083;Prioritas;validasi silang
MHS0175;1;17;2;9254;1;1;125.0;1;37;37;9;8;122.6;1;0;1;0;0;0;20;0;0;6;8;4;11.75;0;0;6;6;6;13.166666666666666;0;11.1;0.6;2.02;Dropout;0.9631;Kritis;0.7644;Kritis;data uji
MHS0176;1;1;1;9670;1;1;131.0;1;37;37;9;9;123.0;1;0;0;1;0;1;18;0;0;5;6;3;11.666666666666666;0;0;5;6;4;13.5;0;7.6;2.6;0.32;Enrolled;0.0441;Aman;0.2528;Aman;mahasiswa aktif
MHS0177;1;39;1;9853;1;1;130.0;1;37;19;9;5;102.5;0;0;0;1;0;0;27;0;0;6;9;5;13.2;0;0;6;10;5;12.0;0;7.6;2.6;0.32;Graduate;0.7322;Kritis;0.5661;Prioritas;validasi silang
MHS0178;1;1;2;9500;1;1;123.0;1;34;34;90;90;113.3;1;0;0;1;0;0;20;0;0;7;8;4;11.95;0;0;7;8;4;11.95;0;7.6;2.6;0.32;Dropout;0.4065;Prioritas;0.7379;Kritis;validasi silang
MHS0179;1;1;5;9853;1;1;141.0;1;37;19;9;5;133.0;1;0;0;1;0;0;18;0;0;6;8;5;12.4;0;0;6;12;5;10.4;0;9.4;-0.8;-3.12;Dropout;0.4727;Prioritas;0.3662;Aman;validasi silang
MHS0180;1;7;1;9500;1;3;140.0;1;1;1;9;5;140.0;0;0;0;1;0;0;33;0;2;7;8;6;14.35;0;3;8;10;6;14.583333333333334;0;16.2;0.3;-0.92;Dropout;0.4206;Prioritas;0.142;Aman;validasi silang
MHS0181;1;43;1;9853;1;1;140.0;1;3;1;3;3;128.3;1;0;0;1;0;0;35;0;19;21;21;21;12.61904761904762;0;13;19;19;19;12.789473684210526;0;12.4;0.5;1.79;Graduate;0.6094;Prioritas;0.049;Aman;validasi silang
MHS0182;1;44;1;9991;0;39;140.0;1;37;19;9;8;140.0;0;0;0;1;0;1;26;0;2;6;7;6;12.666666666666666;0;2;6;7;6;13.166666666666666;1;9.4;-0.8;-3.12;Enrolled;0.1402;Aman;0.0379;Aman;mahasiswa aktif
MHS0183;1;39;1;9773;1;19;133.1;1;19;19;3;4;104.0;0;0;1;0;0;0;27;0;0;6;6;5;12.0;0;0;6;6;0;0.0;0;11.1;0.6;2.02;Dropout;0.9881;Kritis;0.9792;Kritis;validasi silang
MHS0184;1;18;3;9070;1;1;131.0;1;1;37;5;5;122.3;1;0;0;0;0;0;19;0;0;6;6;6;12.166666666666666;0;0;6;6;0;0.0;0;15.5;2.8;-4.06;Dropout;0.887;Kritis;0.9709;Kritis;data uji
MHS0185;1;17;2;9254;1;1;143.0;1;1;19;4;6;135.0;0;0;0;1;0;0;20;0;0;6;0;0;0.0;0;0;6;0;0;0.0;0;11.1;0.6;2.02;Dropout;0.2288;Prioritas;0.9799;Kritis;validasi silang
MHS0186;1;18;2;9147;1;1;132.0;1;3;3;5;7;119.1;1;0;1;0;0;0;20;0;0;5;9;3;10.0;0;0;5;9;3;10.571428571428571;0;10.8;1.4;1.74;Dropout;0.9686;Kritis;0.9714;Kritis;validasi silang
MHS0187;1;43;1;9238;1;1;143.0;1;1;37;5;9;126.6;0;0;1;0;0;0;21;0;5;10;18;8;11.5;0;0;6;12;4;10.0;0;9.4;-0.8;-3.12;Enrolled;0.8936;Kritis;0.9644;Kritis;mahasiswa aktif
MHS0188;1;17;3;9500;1;1;141.0;1;38;1;9;4;129.0;1;0;0;1;0;1;18;0;0;7;7;6;13.05;0;0;7;7;6;13.05;0;7.6;2.6;0.32;Graduate;0.0543;Aman;0.0469;Aman;data uji
MHS0189;1;39;1;9085;1;1;133.1;1;1;19;9;9;162.3;1;0;0;1;0;0;24;0;0;6;10;2;11.0;0;0;6;6;0;0.0;0;8.9;1.4;3.51;Dropout;0.2136;Aman;0.9784;Kritis;validasi silang
MHS0190;1;17;4;9070;1;1;148.0;1;1;3;4;1;163.4;1;0;0;1;0;0;20;0;0;6;7;6;11.5;0;0;6;6;6;12.0;0;16.2;0.3;-0.92;Graduate;0.2043;Aman;0.0631;Aman;validasi silang
MHS0191;1;1;1;9254;1;1;125.0;1;19;38;9;8;121.5;0;0;0;1;0;1;21;0;0;6;7;6;12.0;0;0;6;6;6;12.5;0;13.9;-0.3;0.79;Graduate;0.093;Aman;0.0285;Aman;validasi silang
MHS0192;1;1;1;8014;0;1;120.0;1;1;37;7;3;122.8;0;0;0;1;0;0;23;0;0;6;13;2;10.0;0;0;5;12;1;10.0;0;9.4;-0.8;-3.12;Enrolled;0.1227;Aman;0.9791;Kritis;mahasiswa aktif
MHS0193;1;39;1;9147;1;1;140.0;1;12;3;4;3;118.0;1;0;0;1;0;0;24;0;0;5;5;0;0.0;0;0;5;5;0;0.0;0;7.6;2.6;0.32;Dropout;0.5799;Prioritas;0.9795;Kritis;validasi silang
MHS0194;1;51;1;9853;1;1;139.0;1;1;1;4;10;134.0;0;0;0;1;0;0;21;0;0;6;0;0;0.0;0;0;6;0;0;0.0;0;12.4;0.5;1.79;Dropout;0.5487;Prioritas;0.9799;Kritis;validasi silang
MHS0195;1;1;4;9500;1;1;142.0;1;38;38;9;8;129.8;1;0;0;1;0;0;18;0;0;8;8;7;12.242857142857144;0;0;8;8;7;12.242857142857144;0;12.7;3.7;-1.7;Graduate;0.12;Aman;0.0312;Aman;validasi silang
MHS0196;1;39;1;9991;0;40;130.0;1;19;1;3;4;152.0;1;0;0;1;0;0;27;0;0;5;0;0;0.0;0;0;5;0;0;0.0;0;8.9;1.4;3.51;Dropout;0.3035;Prioritas;0.9783;Kritis;validasi silang
MHS0197;1;18;6;9500;1;1;126.0;1;37;37;5;5;122.8;1;0;0;1;0;0;18;0;0;8;8;8;12.93375;0;0;8;8;8;12.93375;0;9.4;-0.8;-3.12;Graduate;0.2648;Prioritas;0.037;Aman;validasi silang
MHS0198;1;7;1;9119;1;3;150.0;1;3;2;2;2;150.0;0;0;0;1;0;0;35;0;0;5;0;0;0.0;0;0;5;0;0;0.0;0;13.9;-0.3;0.79;Dropout;0.8524;Kritis;0.9792;Kritis;data uji
MHS0199;1;1;1;9853;1;1;130.0;1;19;19;3;8;131.8;0;0;0;1;0;0;18;0;0;7;9;7;12.571428571428571;0;0;7;8;7;14.428571428571429;0;11.1;0.6;2.02;Graduate;0.46;Prioritas;0.0476;Aman;validasi silang
MHS0200;1;39;1;9500;1;1;120.0;1;1;3;175;121;105.9;0;0;0;1;0;0;35;0;0;3;4;3;11.816666666666668;0;0;3;3;3;11.333333333333334;0;11.1;0.6;2.02;Enrolled;0.3231;Prioritas;0.235;Aman;mahasiswa aktif
MHS0201;1;1;1;9085;1;1;138.0;1;1;1;4;7;132.1;1;0;0;1;0;0;19;0;0;5;9;4;13.75;0;0;5;13;4;14.333333333333334;2;10.8;1.4;1.74;Graduate;0.1549;Aman;0.2412;Aman;validasi silang
MHS0202;1;1;4;9238;1;1;127.0;1;19;19;4;0;127.4;1;0;0;1;0;0;20;0;0;6;8;6;11.166666666666666;0;0;6;6;6;11.333333333333334;0;7.6;2.6;0.32;Graduate;0.0986;Aman;0.065;Aman;validasi silang
MHS0203;1;1;4;9500;1;1;140.0;1;19;19;7;7;129.5;1;0;0;1;0;0;18;0;0;8;8;7;12.324285714285711;0;0;8;8;7;12.324285714285711;0;10.8;1.4;1.74;Graduate;0.1542;Aman;0.0299;Aman;validasi silang
MHS0204;1;44;1;9238;1;39;130.0;1;38;38;5;10;126.7;0;0;1;1;0;0;21;0;3;6;6;6;12.166666666666666;0;2;6;7;6;11.714285714285714;0;13.9;-0.3;0.79;Graduate;0.3928;Prioritas;0.0623;Aman;validasi silang
MHS0205;1;17;2;9238;1;1;128.0;1;19;37;9;8;116.5;0;0;0;1;0;1;18;0;0;6;11;5;11.142857142857142;0;0;6;11;4;11.25;0;16.2;0.3;-0.92;Graduate;0.0859;Aman;0.1117;Aman;validasi silang
MHS0206;1;1;1;9238;1;1;132.0;1;34;34;0;0;119.1;1;0;0;1;0;0;18;0;0;6;9;4;11.0;0;0;6;9;4;10.75;0;7.6;2.6;0.32;Graduate;0.398;Prioritas;0.6648;Kritis;validasi silang
MHS0207;1;1;2;9500;1;1;149.0;1;19;38;9;9;126.5;1;0;0;1;0;0;18;0;0;8;8;7;12.914285714285713;0;0;8;8;7;12.914285714285713;0;12.7;3.7;-1.7;Graduate;0.1367;Aman;0.0317;Aman;validasi silang
MHS0208;1;1;4;9773;1;1;155.0;1;3;19;1;4;149.8;1;0;0;1;0;1;18;0;0;6;6;6;13.833333333333334;0;0;6;6;6;14.166666666666666;0;16.2;0.3;-0.92;Graduate;0.0998;Aman;0.0642;Aman;data uji
MHS0209;1;1;1;9085;1;1;120.0;1;19;1;8;7;115.1;1;0;0;1;0;0;19;0;0;6;8;6;13.857142857142858;0;0;6;9;5;13.4;0;13.9;-0.3;0.79;Graduate;0.4561;Prioritas;0.0539;Aman;data uji
MHS0210;1;39;1;9254;1;19;133.1;1;3;19;2;3;124.5;0;0;0;1;0;1;36;0;0;6;7;6;13.714285714285714;0;0;6;6;5;12.8;0;16.2;0.3;-0.92;Dropout;0.3433;Prioritas;0.0441;Aman;validasi silang
MHS0211;1;1;2;9500;1;1;131.0;1;38;1;7;4;128.3;1;0;0;1;0;1;18;0;0;8;8;7;12.642857142857142;0;0;8;8;7;12.642857142857142;0;12.7;3.7;-1.7;Graduate;0.046;Aman;0.031;Aman;validasi silang
MHS0212;1;1;1;9500;1;1;149.0;1;37;37;9;9;136.0;0;0;0;1;0;1;18;0;0;7;7;6;12.916666666666666;0;0;7;7;6;12.916666666666666;0;7.6;2.6;0.32;Graduate;0.0266;Aman;0.0282;Aman;validasi silang
MHS0213;1;43;1;9130;1;1;140.0;1;1;3;9;2;140.0;1;0;0;1;0;1;20;0;0;6;8;6;15.625;0;0;6;8;6;15.857142857142858;0;13.9;-0.3;0.79;Graduate;0.1248;Aman;0.0369;Aman;validasi silang
MHS0214;1;39;1;9991;0;1;133.1;1;37;37;9;9;126.3;0;0;0;1;0;1;26;0;0;5;7;0;0.0;0;0;5;8;0;0.0;0;16.2;0.3;-0.92;Dropout;0.2774;Prioritas;0.9788;Kritis;data uji
MHS0215;1;43;1;9773;1;1;122.0;1;1;1;4;5;126.9;0;0;0;1;0;0;21;0;0;6;8;6;11.714285714285714;0;0;6;7;6;12.0;0;7.6;2.6;0.32;Graduate;0.2426;Prioritas;0.0601;Aman;validasi silang
MHS0216;1;39;1;9556;1;40;130.0;1;1;1;4;5;145.0;0;0;0;1;0;0;25;0;0;7;10;6;12.125;0;0;8;9;8;13.3125;0;15.5;2.8;-4.06;Enrolled;0.5152;Prioritas;0.0806;Aman;mahasiswa aktif
MHS0217;1;18;1;9147;1;1;121.0;1;19;3;5;5;115.8;1;0;0;1;0;1;19;0;0;5;7;5;11.6;0;0;5;5;5;11.6;0;12.4;0.5;1.79;Graduate;0.2424;Prioritas;0.0339;Aman;validasi silang
MHS0218;1;39;1;8014;0;1;120.0;1;19;37;8;7;100.0;1;0;0;1;0;0;24;0;0;6;11;1;10.0;0;0;6;6;0;0.0;6;9.4;-0.8;-3.12;Dropout;0.6332;Prioritas;0.9795;Kritis;validasi silang
MHS0219;1;39;1;8014;0;1;133.1;1;1;19;5;4;102.5;0;0;0;1;0;1;27;0;0;6;16;1;10.0;0;0;6;13;0;0.0;0;8.9;1.4;3.51;Dropout;0.1504;Aman;0.9789;Kritis;validasi silang
MHS0220;1;17;1;9085;1;1;121.0;1;19;37;1;3;131.5;0;0;0;1;0;0;21;0;0;5;10;0;0.0;1;0;5;9;2;13.5;0;7.6;2.6;0.32;Dropout;0.2222;Prioritas;0.9735;Kritis;data uji
MHS0221;1;1;1;9147;1;1;133.0;1;38;38;7;7;147.0;0;0;0;1;0;1;18;0;0;5;7;4;13.0;0;0;5;8;3;12.333333333333334;0;9.4;-0.8;-3.12;Graduate;0.0847;Aman;0.3785;Aman;validasi silang
MHS0222;2;1;4;9853;1;1;134.0;1;37;37;5;7;122.5;0;1;0;1;0;1;19;0;0;6;6;6;13.333333333333334;0;0;6;6;6;14.5;0;10.8;1.4;1.74;Graduate;0.2689;Prioritas;0.058;Aman;validasi silang
MHS0223;1;1;3;9254;1;1;115.0;1;1;1;3;3;117.5;1;0;0;1;0;0;18;0;0;6;9;4;11.25;0;0;6;13;2;12.5;0;9.4;-0.8;-3.12;Dropout;0.288;Prioritas;0.9443;Kritis;data uji
MHS0224;1;51;1;9500;1;1;127.0;1;19;1;5;9;150.0;0;0;0;1;0;1;19;0;0;7;9;5;13.85;0;0;8;9;7;12.19285714285714;0;11.1;0.6;2.02;Graduate;0.0362;Aman;0.1655;Aman;validasi silang
MHS0225;1;18;1;9500;1;1;135.0;1;1;38;4;5;127.5;1;0;0;1;0;1;19;0;0;7;8;6;13.741666666666667;0;0;8;9;7;14.9125;0;16.2;0.3;-0.92;Graduate;0.0621;Aman;0.0399;Aman;data uji
MHS0226;2;7;1;9991;0;43;140.0;1;40;5;3;3;140.0;0;0;0;1;0;0;33;0;2;6;7;6;15.333333333333334;0;0;5;5;5;15.8;0;11.1;0.6;2.02;Graduate;0.509;Prioritas;0.0516;Aman;validasi silang
MHS0227;2;7;1;9147;1;3;130.0;1;1;4;3;10;130.0;0;0;0;1;0;0;45;0;0;5;6;5;11.0;0;0;5;5;5;13.8;0;12.4;0.5;1.79;Graduate;0.5963;Prioritas;0.0539;Aman;validasi silang
MHS0228;1;1;1;9238;1;1;135.0;1;1;1;9;9;133.3;0;0;0;1;0;1;20;0;0;6;6;6;12.0;0;0;6;7;6;12.857142857142858;0;11.1;0.6;2.02;Graduate;0.0363;Aman;0.0333;Aman;validasi silang
MHS0229;1;39;2;9670;1;1;140.0;1;34;34;0;0;97.0;1;0;0;1;0;0;28;0;0;5;5;0;0.0;0;0;5;5;0;0.0;0;7.6;2.6;0.32;Dropout;0.8395;Kritis;0.9791;Kritis;validasi silang
MHS0230;1;43;1;9500;1;1;120.0;1;1;1;5;8;112.0;1;0;0;1;0;1;19;0;0;8;15;7;11.571428571428571;0;0;8;15;7;11.571428571428571;0;12.7;3.7;-1.7;Graduate;0.0615;Aman;0.0656;Aman;validasi silang
MHS0231;1;1;2;9254;1;1;140.0;1;1;37;4;5;123.6;1;0;0;1;0;0;18;0;0;6;10;6;12.857142857142858;0;0;6;6;3;12.666666666666666;0;12.7;3.7;-1.7;Graduate;0.3337;Prioritas;0.1724;Aman;validasi silang
MHS0232;1;39;1;9254;1;3;133.1;1;19;19;4;6;130.5;0;0;0;1;0;0;38;0;0;6;0;0;0.0;0;0;6;0;0;0.0;0;15.5;2.8;-4.06;Dropout;0.6296;Prioritas;0.9795;Kritis;validasi silang
MHS0233;1;1;2;9670;1;1;135.0;1;1;3;4;3;133.3;0;0;0;1;0;0;19;0;0;5;5;5;13.0;0;0;5;5;5;13.2;0;9.4;-0.8;-3.12;Graduate;0.1317;Aman;0.0399;Aman;validasi silang
MHS0234;1;1;1;9254;1;1;123.0;1;1;37;9;9;132.1;0;0;0;1;0;1;21;0;0;6;9;5;11.0;0;0;6;8;5;12.0;0;15.5;2.8;-4.06;Graduate;0.1222;Aman;0.0564;Aman;validasi silang
MHS0235;1;1;1;9147;1;1;133.1;1;37;1;9;10;100.0;0;0;0;1;0;0;21;0;0;5;12;3;12.0;0;0;5;12;1;15.0;3;16.2;0.3;-0.92;Dropout;0.4494;Prioritas;0.9692;Kritis;validasi silang
MHS0236;1;1;1;9238;1;1;154.0;1;38;37;9;9;140.4;0;0;0;1;0;1;22;0;0;6;6;5;12.6;0;0;6;6;6;13.0;0;10.8;1.4;1.74;Graduate;0.0289;Aman;0.0281;Aman;validasi silang
MHS0237;1;1;1;9853;1;1;148.0;1;19;19;5;7;141.7;0;0;0;1;0;1;18;0;0;6;8;5;13.4;0;0;6;7;6;13.166666666666666;0;9.4;-0.8;-3.12;Graduate;0.1906;Aman;0.0351;Aman;validasi silang
MHS0238;1;17;2;9238;1;1;133.0;1;37;37;3;9;119.7;0;1;0;1;0;1;18;0;0;6;9;6;11.333333333333334;0;0;6;9;6;11.571428571428571;0;15.5;2.8;-4.06;Graduate;0.0751;Aman;0.0396;Aman;validasi silang
MHS0239;1;1;1;9130;1;1;126.0;1;19;1;9;9;122.5;1;0;0;0;0;0;25;0;0;5;14;4;13.5;2;0;5;10;4;14.25;0;9.4;-0.8;-3.12;Dropout;0.9045;Kritis;0.8904;Kritis;validasi silang
MHS0240;1;39;1;9085;1;19;133.1;1;19;19;9;7;140.0;0;0;1;0;0;0;24;0;2;6;11;3;11.75;0;1;6;14;3;10.333333333333334;0;16.2;0.3;-0.92;Dropout;0.9721;Kritis;0.9791;Kritis;data uji
MHS0241;1;1;3;9500;1;1;125.0;1;3;1;4;4;119.4;1;0;0;1;0;0;19;0;0;7;10;6;12.471428571428572;0;0;7;8;7;11.4625;0;12.4;0.5;1.79;Enrolled;0.1773;Aman;0.0671;Aman;mahasiswa aktif
MHS0242;1;16;1;171;1;1;145.0;1;3;3;3;3;155.0;1;0;0;1;0;0;24;0;11;17;19;11;12.909090909090908;0;9;13;15;9;13.555555555555555;0;12.4;0.5;1.79;Enrolled;0.1789;Aman;0.7012;Kritis;mahasiswa aktif
MHS0243;1;1;2;9147;1;1;118.0;1;37;19;5;5;119.1;1;0;0;1;0;1;20;0;0;5;5;5;11.6;0;0;5;5;5;13.6;0;12.4;0.5;1.79;Graduate;0.1128;Aman;0.0331;Aman;validasi silang
MHS0244;1;39;1;9147;1;1;120.0;1;37;1;9;1;122.7;0;0;0;0;0;0;25;0;0;5;5;0;0.0;0;0;5;9;0;0.0;0;10.8;1.4;1.74;Dropout;0.9338;Kritis;0.9795;Kritis;validasi silang
MHS0245;1;1;1;9147;1;1;127.0;1;38;19;9;10;117.9;0;0;0;1;0;1;20;0;5;10;13;9;12.9;0;4;10;12;10;12.363636363636363;0;8.9;1.4;3.51;Graduate;0.0692;Aman;0.0406;Aman;validasi silang
MHS0246;1;7;1;9500;1;3;130.0;1;19;38;5;3;130.0;0;0;0;1;0;0;23;0;0;8;8;8;13.22;0;0;8;8;8;13.22;0;9.4;-0.8;-3.12;Graduate;0.2699;Prioritas;0.0288;Aman;validasi silang
MHS0247;1;17;3;9500;1;1;129.0;1;19;37;7;6;120.0;1;0;0;1;0;1;19;0;0;8;8;7;13.151428571428571;0;0;8;8;7;13.151428571428571;0;10.8;1.4;1.74;Graduate;0.0417;Aman;0.0281;Aman;validasi silang
MHS0248;1;44;1;9003;1;39;130.0;1;37;37;9;10;130.0;0;0;1;0;0;0;29;0;0;6;13;3;12.75;0;0;6;8;3;11.333333333333334;0;13.9;-0.3;0.79;Dropout;0.9198;Kritis;0.9779;Kritis;validasi silang
MHS0249;1;1;3;9254;1;1;121.0;1;19;37;4;7;116.8;1;0;0;1;0;0;21;0;0;6;8;6;11.333333333333334;0;0;6;8;4;12.25;0;11.1;0.6;2.02;Graduate;0.3441;Prioritas;0.1064;Aman;validasi silang
MHS0250;1;1;1;9670;1;1;136.0;1;19;1;9;8;123.4;1;0;0;1;0;1;18;0;0;6;10;6;13.25;0;0;6;13;5;14.142857142857142;0;11.1;0.6;2.02;Graduate;0.0619;Aman;0.0567;Aman;validasi silang
MHS0251;1;1;3;9070;1;1;125.0;1;19;38;9;9;125.4;1;0;0;1;0;0;19;0;0;6;7;5;12.4;0;0;6;6;5;12.4;0;9.4;-0.8;-3.12;Enrolled;0.1441;Aman;0.0584;Aman;mahasiswa aktif
MHS0252;1;1;3;9773;1;1;131.0;1;38;37;7;7;127.2;1;0;0;1;0;1;18;0;0;6;6;6;15.0;0;0;6;6;6;12.833333333333334;0;8.9;1.4;3.51;Dropout;0.0661;Aman;0.044;Aman;data uji
MHS0253;1;1;1;9085;1;1;122.0;1;9;19;90;6;103.4;0;0;0;1;0;0;19;0;0;5;6;5;14.4;0;0;5;6;5;13.0;0;7.6;2.6;0.32;Graduate;0.3525;Prioritas;0.0343;Aman;validasi silang
MHS0254;1;1;1;9773;1;1;127.0;1;37;37;9;8;123.2;1;0;0;1;0;0;18;0;0;6;12;1;11.0;0;0;6;12;0;0.0;0;9.4;-0.8;-3.12;Enrolled;0.2149;Aman;0.9801;Kritis;mahasiswa aktif
MHS0255;1;17;1;9147;1;1;136.0;1;1;1;4;4;124.1;0;0;0;1;0;0;18;0;0;5;8;5;12.4;0;0;5;6;5;10.8;0;8.9;1.4;3.51;Graduate;0.4309;Prioritas;0.0378;Aman;validasi silang
MHS0256;2;39;1;9556;1;19;133.1;1;38;37;7;7;99.5;1;0;1;0;0;1;37;0;0;7;13;1;16.0;0;0;7;12;0;0.0;0;8.9;1.4;3.51;Dropout;0.9446;Kritis;0.9773;Kritis;validasi silang
MHS0257;1;17;1;9991;0;40;127.0;1;37;37;6;6;124.9;0;0;0;1;0;0;29;0;0;5;10;5;13.571428571428571;0;0;5;14;5;12.333333333333334;3;16.2;0.3;-0.92;Graduate;0.3398;Prioritas;0.0933;Aman;validasi silang
MHS0258;1;17;3;9070;1;1;116.0;1;37;37;9;9;110.8;0;0;0;1;0;0;18;0;0;6;6;6;11.833333333333334;0;0;6;6;6;12.5;0;7.6;2.6;0.32;Enrolled;0.2171;Aman;0.0402;Aman;mahasiswa aktif
MHS0259;1;1;1;9238;1;1;121.0;1;1;1;9;8;118.9;1;0;0;1;0;1;19;0;0;6;8;5;11.666666666666666;0;0;6;9;5;12.666666666666666;0;12.4;0.5;1.79;Graduate;0.0401;Aman;0.0367;Aman;validasi silang
MHS0260;1;43;1;9238;1;1;124.0;1;1;1;3;1;118.8;1;0;1;0;0;0;22;0;6;10;16;6;11.833333333333334;0;2;7;8;2;13.0;0;16.2;0.3;-0.92;Dropout;0.8943;Kritis;0.9693;Kritis;validasi silang
MHS0261;1;1;1;9254;1;1;131.0;1;37;38;9;7;137.0;0;0;0;1;0;1;20;0;0;6;8;6;11.166666666666666;0;0;6;10;5;10.6;0;15.5;2.8;-4.06;Graduate;0.0986;Aman;0.0979;Aman;data uji
MHS0262;1;39;1;8014;0;1;100.0;1;37;37;99;99;100.0;0;0;0;1;0;0;34;0;0;6;0;0;0.0;0;0;6;0;0;0.0;0;12.7;3.7;-1.7;Dropout;0.2356;Prioritas;0.9795;Kritis;validasi silang
MHS0263;1;43;1;9119;1;1;130.0;1;37;38;9;9;120.0;0;0;1;0;0;0;30;0;8;12;17;8;11.75;0;6;12;19;6;12.166666666666666;2;7.6;2.6;0.32;Dropout;0.9796;Kritis;0.9321;Kritis;validasi silang
MHS0264;1;1;1;9238;1;1;135.0;1;1;1;4;4;122.8;0;0;0;1;0;0;18;0;0;6;7;6;14.0;0;0;6;7;6;14.0;0;10.8;1.4;1.74;Graduate;0.1497;Aman;0.0383;Aman;validasi silang
MHS0265;1;1;1;9238;1;1;130.0;1;38;19;9;5;121.6;0;0;0;1;0;0;18;0;0;6;6;6;12.833333333333334;0;0;6;6;6;12.0;0;12.4;0.5;1.79;Graduate;0.1023;Aman;0.0289;Aman;data uji
MHS0266;1;1;2;9773;1;1;146.0;1;3;1;1;3;149.2;1;0;0;1;0;0;18;0;0;6;11;4;12.25;0;0;6;10;3;11.666666666666666;0;9.4;-0.8;-3.12;Graduate;0.1435;Aman;0.8499;Kritis;validasi silang
MHS0267;1;17;4;9500;1;1;146.0;1;4;1;2;3;140.0;1;0;0;1;0;0;18;0;0;8;8;7;14.828571428571427;0;0;8;8;7;14.828571428571427;0;12.7;3.7;-1.7;Graduate;0.1627;Aman;0.0397;Aman;validasi silang
MHS0268;1;1;2;9773;1;1;154.0;1;38;38;9;9;133.4;1;0;0;1;0;1;19;0;0;6;7;5;11.4;0;0;6;8;5;12.8;0;12.7;3.7;-1.7;Graduate;0.0575;Aman;0.0875;Aman;validasi silang
MHS0269;1;1;1;9070;1;1;137.0;1;37;37;9;9;126.2;1;0;0;1;0;1;19;0;0;6;6;6;13.0;0;0;6;8;6;12.5;0;10.8;1.4;1.74;Graduate;0.0491;Aman;0.0286;Aman;validasi silang
MHS0270;1;1;5;9500;1;1;151.0;1;1;1;9;9;127.8;0;0;0;1;0;1;18;0;0;8;8;7;13.671428571428573;0;0;8;8;7;13.671428571428573;0;12.7;3.7;-1.7;Graduate;0.0581;Aman;0.0279;Aman;validasi silang
MHS0271;1;44;1;9003;1;39;150.0;1;37;38;4;8;150.0;0;0;0;1;0;1;21;0;0;6;9;6;12.666666666666666;0;0;6;8;5;12.8;0;13.9;-0.3;0.79;Graduate;0.0663;Aman;0.0635;Aman;validasi silang
MHS0272;1;1;2;9147;1;1;121.0;1;1;19;9;9;113.7;1;0;0;0;0;0;20;0;0;5;10;2;10.0;0;0;5;12;1;13.0;0;7.6;2.6;0.32;Dropout;0.8083;Kritis;0.9784;Kritis;validasi silang
MHS0273;1;17;1;9147;1;1;122.0;1;12;19;4;8;117.8;1;0;0;1;0;0;20;0;0;5;10;5;13.5;0;0;5;8;5;12.333333333333334;0;13.9;-0.3;0.79;Graduate;0.5968;Prioritas;0.036;Aman;validasi silang
MHS0274;1;1;1;9500;1;1;143.0;1;5;1;2;5;136.7;0;0;0;1;0;0;19;0;2;7;8;7;12.67;0;1;8;8;8;13.55;0;11.1;0.6;2.02;Graduate;0.1311;Aman;0.0356;Aman;validasi silang
MHS0275;1;1;1;9238;1;1;152.0;1;1;38;4;5;144.7;0;0;0;1;0;0;20;0;0;6;8;6;14.5;0;0;6;7;6;15.428571428571429;0;16.2;0.3;-0.92;Graduate;0.0823;Aman;0.0337;Aman;validasi silang
MHS0276;1;17;3;9500;1;1;145.0;1;12;1;4;10;139.8;1;0;0;1;0;0;18;0;0;7;7;7;13.685714285714283;0;0;8;8;8;15.3875;0;13.9;-0.3;0.79;Graduate;0.2614;Prioritas;0.1721;Aman;validasi silang
MHS0277;1;42;1;9853;1;1;120.0;1;37;38;3;3;113.7;0;0;0;1;0;0;20;0;0;6;8;5;11.0;0;0;6;10;3;10.666666666666666;0;12.7;3.7;-1.7;Dropout;0.5789;Prioritas;0.8916;Kritis;data uji
MHS0278;2;7;1;9130;1;3;140.0;1;5;4;2;0;140.0;0;0;1;0;0;0;29;0;7;9;16;7;11.555555555555555;4;5;7;12;5;13.2;2;7.6;2.6;0.32;Dropout;0.979;Kritis;0.9471;Kritis;validasi silang
MHS0279;1;1;1;9500;1;1;143.0;1;19;19;5;6;142.3;0;0;0;1;0;1;18;0;0;7;7;7;13.79714285714286;0;0;8;8;8;13.775;0;12.4;0.5;1.79;Enrolled;0.0216;Aman;0.0287;Aman;mahasiswa aktif
MHS0280;1;1;1;9500;1;1;129.0;1;19;19;5;5;119.6;1;0;0;1;0;1;20;0;0;7;8;7;14.00375;0;0;8;11;7;13.812857142857142;0;15.5;2.8;-4.06;Graduate;0.0577;Aman;0.0376;Aman;validasi silang
MHS0281;1;16;2;9147;1;1;139.0;1;38;37;9;9;123.7;1;0;0;1;0;1;22;0;0;5;8;4;12.0;0;0;5;8;4;11.4;2;16.2;0.3;-0.92;Graduate;0.1618;Aman;0.0877;Aman;validasi silang
MHS0282;4;1;1;8014;0;1;133.1;1;39;19;4;10;143.0;1;0;0;1;0;1;47;0;0;6;9;5;14.166666666666666;0;0;6;7;6;14.166666666666666;0;16.2;0.3;-0.92;Graduate;0.0764;Aman;0.0462;Aman;validasi silang
MHS0283;2;51;1;9991;0;1;127.0;1;37;37;8;4;100.1;0;0;0;1;0;0;31;0;1;5;5;5;14.0;0;0;5;5;5;13.8;0;8.9;1.4;3.51;Graduate;0.5768;Prioritas;0.0619;Aman;validasi silang
MHS0284;1;1;1;9070;1;1;126.0;1;19;37;7;5;119.4;0;0;0;1;0;1;21;0;0;6;7;5;13.8;0;0;6;6;6;12.833333333333334;0;16.2;0.3;-0.92;Graduate;0.1068;Aman;0.0339;Aman;validasi silang
MHS0285;1;1;1;8014;0;1;128.0;1;38;38;0;0;122.1;0;0;0;1;0;0;21;0;0;6;8;5;12.8;0;0;6;10;6;11.857142857142858;0;7.6;2.6;0.32;Graduate;0.1179;Aman;0.0461;Aman;validasi silang
MHS0286;2;39;1;9773;1;12;100.0;1;1;1;4;4;100.0;0;0;0;1;0;0;24;0;0;6;6;6;12.166666666666666;0;0;6;6;6;13.833333333333334;0;7.6;2.6;0.32;Graduate;0.5445;Prioritas;0.0399;Aman;data uji
MHS0287;1;17;1;9070;1;1;123.0;1;4;37;2;9;113.9;0;0;0;1;0;0;18;0;0;6;8;6;12.5;0;0;6;6;6;12.333333333333334;0;15.5;2.8;-4.06;Enrolled;0.2591;Prioritas;0.0296;Aman;mahasiswa aktif
MHS0288;1;39;1;8014;0;15;170.0;1;34;1;90;2;101.0;0;0;0;1;0;0;32;0;0;6;9;4;12.0;0;0;6;12;4;11.5;0;7.6;2.6;0.32;Graduate;0.7019;Kritis;0.7932;Kritis;validasi silang
MHS0289;1;18;2;8014;0;1;117.0;1;3;1;3;4;111.8;1;0;0;1;0;1;19;0;0;6;8;6;10.833333333333334;0;0;6;9;6;11.5;0;10.8;1.4;1.74;Graduate;0.0609;Aman;0.0533;Aman;data uji
MHS0290;1;39;1;9500;1;1;140.0;1;3;3;1;1;140.0;1;0;0;1;0;0;24;0;0;8;8;8;13.385;0;0;8;8;8;13.385;0;9.4;-0.8;-3.12;Graduate;0.2147;Aman;0.0404;Aman;validasi silang
MHS0291;1;17;4;9085;1;1;123.0;1;19;19;4;10;124.4;1;0;0;1;0;0;19;0;0;6;14;6;15.666666666666666;0;0;6;9;6;14.5;0;15.5;2.8;-4.06;Graduate;0.281;Prioritas;0.0499;Aman;validasi silang
MHS0292;1;44;1;9003;1;39;150.0;1;19;37;6;6;150.0;0;0;1;1;0;1;19;0;0;6;9;6;14.333333333333334;0;0;6;7;6;13.833333333333334;0;13.9;-0.3;0.79;Graduate;0.0959;Aman;0.0413;Aman;validasi silang
MHS0293;1;44;1;9003;1;39;140.0;1;37;37;9;4;140.0;0;0;0;1;0;0;24;0;0;6;10;6;11.428571428571429;0;0;6;12;5;13.0;0;12.4;0.5;1.79;Enrolled;0.2605;Prioritas;0.0991;Aman;mahasiswa aktif
MHS0294;1;17;4;9238;1;1;123.0;1;19;19;191;144;116.0;1;0;0;1;0;1;18;0;0;6;9;6;11.666666666666666;0;0;6;8;6;11.666666666666666;0;8.9;1.4;3.51;Graduate;0.0311;Aman;0.0323;Aman;validasi silang
MHS0295;1;1;1;9070;1;1;130.0;1;38;37;3;6;135.6;1;0;0;1;0;1;19;0;0;6;9;5;12.0;0;0;6;10;2;11.333333333333334;0;8.9;1.4;3.51;Dropout;0.0169;Aman;0.8235;Kritis;data uji
MHS0296;2;1;1;9500;1;1;137.0;1;3;38;2;4;121.0;0;0;0;1;0;1;19;0;0;8;8;7;14.725714285714288;0;0;8;8;7;14.725714285714288;0;10.8;1.4;1.74;Graduate;0.0338;Aman;0.0284;Aman;validasi silang
MHS0297;1;17;2;9773;1;1;126.0;1;19;38;9;8;118.7;1;0;0;1;0;1;18;0;0;6;6;6;14.166666666666666;0;0;6;6;6;13.666666666666666;0;12.4;0.5;1.79;Graduate;0.0891;Aman;0.0352;Aman;validasi silang
MHS0298;1;1;1;9238;1;1;125.0;1;1;1;3;3;125.7;1;0;0;1;0;0;18;0;0;6;10;6;11.571428571428571;0;0;6;8;6;12.333333333333334;0;12.4;0.5;1.79;Graduate;0.1151;Aman;0.0568;Aman;validasi silang
MHS0299;1;17;4;9556;1;1;112.0;1;1;1;4;10;107.1;1;0;0;1;0;0;20;0;0;7;7;7;12.5;0;0;8;8;8;13.1375;0;12.4;0.5;1.79;Graduate;0.3701;Prioritas;0.0446;Aman;validasi silang
MHS0300;1;1;1;9500;1;1;141.0;1;19;38;5;7;125.5;0;0;0;1;0;0;18;0;0;8;10;8;12.86;2;0;8;10;8;12.86;2;9.4;-0.8;-3.12;Graduate;0.13;Aman;0.0475;Aman;validasi silang
MHS0301;1;17;4;9670;1;1;135.0;1;38;38;9;7;127.0;1;0;0;1;0;0;18;0;0;6;10;6;12.25;0;0;6;9;6;13.714285714285714;0;11.1;0.6;2.02;Graduate;0.2353;Prioritas;0.0539;Aman;validasi silang
MHS0302;1;1;2;9085;1;1;117.0;1;38;37;9;9;113.5;1;0;0;1;0;1;21;0;0;5;7;4;12.0;0;0;5;5;5;12.2;0;10.8;1.4;1.74;Graduate;0.0522;Aman;0.0308;Aman;validasi silang
MHS0303;1;1;1;9500;1;1;160.0;1;19;19;4;9;154.4;0;0;0;1;0;1;18;0;0;7;9;7;15.116666666666667;0;0;8;9;8;16.168888888888887;0;15.5;2.8;-4.06;Graduate;0.0316;Aman;0.0279;Aman;data uji
MHS0304;1;51;1;9670;1;1;136.0;1;19;19;5;5;122.0;0;0;1;0;0;0;18;0;0;5;6;2;12.5;0;0;5;6;4;10.25;0;9.4;-0.8;-3.12;Dropout;0.9351;Kritis;0.9721;Kritis;validasi silang
MHS0305;1;17;2;9238;1;1;143.0;1;1;11;4;3;128.0;1;0;0;1;0;0;19;0;0;6;11;0;0.0;0;0;6;0;0;0.0;0;9.4;-0.8;-3.12;Dropout;0.2109;Aman;0.9796;Kritis;validasi silang
MHS0306;1;1;1;9670;1;1;119.0;1;1;19;4;10;115.5;1;0;0;1;0;0;19;0;0;6;8;4;11.0;0;0;6;9;4;11.0;0;10.8;1.4;1.74;Enrolled;0.1552;Aman;0.4772;Prioritas;mahasiswa aktif
MHS0307;1;17;4;9670;1;1;120.0;1;1;19;5;5;117.2;1;0;0;1;0;0;18;0;0;6;8;6;11.875;0;0;6;11;4;14.6;0;11.1;0.6;2.02;Graduate;0.2873;Prioritas;0.1095;Aman;validasi silang
MHS0308;1;39;1;9130;1;3;150.0;1;3;1;90;90;150.0;1;0;0;1;0;0;34;0;1;5;6;1;11.0;0;0;5;5;0;0.0;0;12.7;3.7;-1.7;Dropout;0.8252;Kritis;0.9794;Kritis;validasi silang
MHS0309;1;1;3;9085;1;1;142.0;1;11;11;90;90;155.3;0;0;0;1;0;0;19;0;0;5;5;5;15.2;0;0;5;6;5;13.2;0;7.6;2.6;0.32;Graduate;0.3761;Prioritas;0.0452;Aman;validasi silang
MHS0310;1;44;1;9130;1;39;120.0;1;37;37;7;8;120.0;1;0;1;0;0;0;19;0;2;6;7;5;11.6;0;1;6;12;2;11.0;0;12.4;0.5;1.79;Dropout;0.9861;Kritis;0.9786;Kritis;validasi silang
MHS0311;1;51;1;9238;1;1;160.0;1;3;19;2;1;116.1;0;0;1;1;0;0;26;0;0;6;6;6;14.833333333333334;0;0;6;7;6;15.142857142857142;0;11.1;0.6;2.02;Graduate;0.3554;Prioritas;0.075;Aman;validasi silang
MHS0312;1;17;1;9853;1;1;133.1;1;34;34;0;0;118.9;1;0;0;1;0;0;21;0;0;6;12;3;11.333333333333334;0;0;6;10;3;11.333333333333334;0;7.6;2.6;0.32;Dropout;0.8678;Kritis;0.9708;Kritis;data uji
MHS0313;1;17;2;9147;1;1;142.0;1;19;19;4;8;127.3;0;0;0;1;0;1;18;0;0;5;5;5;11.2;0;0;5;5;5;11.8;0;11.1;0.6;2.02;Graduate;0.1307;Aman;0.0314;Aman;validasi silang
MHS0314;1;17;4;9853;1;1;121.0;1;38;38;5;7;113.7;1;0;0;1;0;1;20;0;0;6;8;5;13.4;0;0;6;9;5;13.666666666666666;0;9.4;-0.8;-3.12;Graduate;0.3125;Prioritas;0.067;Aman;validasi silang
MHS0315;1;51;1;9147;1;1;135.0;1;1;1;4;4;118.5;0;0;0;1;0;0;25;0;0;5;12;2;10.5;0;0;5;5;0;0.0;0;11.1;0.6;2.02;Dropout;0.5143;Prioritas;0.9791;Kritis;validasi silang
MHS0316;1;1;1;9147;1;1;153.0;1;1;38;4;3;146.7;0;0;0;1;0;0;18;0;0;5;5;5;16.2;0;0;5;5;5;16.4;0;11.1;0.6;2.02;Graduate;0.2053;Aman;0.0414;Aman;data uji
MHS0317;1;1;1;9500;1;1;140.0;1;19;19;3;6;124.3;1;0;0;1;0;1;18;0;0;7;7;7;14.542857142857144;0;0;8;11;8;14.88181818181818;0;16.2;0.3;-0.92;Graduate;0.0345;Aman;0.0314;Aman;validasi silang
MHS0318;1;1;1;9500;1;1;152.0;1;41;19;3;5;137.8;0;0;0;1;0;0;19;0;0;7;7;7;13.694285714285714;0;0;8;9;8;14.355555555555554;0;11.1;0.6;2.02;Graduate;0.1106;Aman;0.034;Aman;validasi silang
MHS0319;1;1;1;9238;1;1;120.0;1;19;38;5;9;130.2;0;0;0;1;0;1;18;0;0;6;8;6;11.285714285714286;0;0;6;10;6;11.857142857142858;0;12.4;0.5;1.79;Graduate;0.0328;Aman;0.0318;Aman;validasi silang
MHS0320;1;17;1;9500;1;1;160.0;1;38;38;7;7;147.8;0;0;0;1;0;0;20;0;0;7;11;6;11.757142857142856;0;0;8;12;6;13.083333333333334;0;15.5;2.8;-4.06;Enrolled;0.1802;Aman;0.1195;Aman;mahasiswa aktif
MHS0321;1;7;1;9085;1;40;150.0;1;19;19;9;5;150.0;0;0;1;0;0;0;26;0;0;3;3;0;0.0;0;0;6;0;0;0.0;0;8.9;1.4;3.51;Dropout;0.9158;Kritis;0.9792;Kritis;validasi silang
MHS0322;1;42;1;9500;1;1;100.0;1;37;37;7;9;100.0;1;0;0;1;0;1;19;0;0;8;8;7;13.058571428571428;0;0;8;8;7;13.058571428571428;0;10.8;1.4;1.74;Graduate;0.0718;Aman;0.0285;Aman;validasi silang
MHS0323;1;1;1;9500;1;1;150.0;1;1;1;5;1;155.6;0;0;0;1;0;0;19;0;0;7;7;7;14.3;0;0;8;9;8;14.055555555555555;0;16.2;0.3;-0.92;Graduate;0.1203;Aman;0.0324;Aman;validasi silang
MHS0324;1;43;4;9147;1;1;124.0;1;37;37;9;9;117.4;0;0;0;1;0;0;19;0;3;10;15;5;11.8;0;4;10;14;8;12.0;0;7.6;2.6;0.32;Graduate;0.3416;Prioritas;0.4551;Prioritas;data uji
MHS0325;1;5;3;9085;1;1;141.0;1;1;19;7;5;128.8;1;0;0;1;0;0;19;0;0;5;9;3;10.333333333333334;1;0;5;8;3;13.0;0;7.6;2.6;0.32;Enrolled;0.2426;Prioritas;0.7749;Kritis;mahasiswa aktif
MHS0326;1;1;1;9254;1;1;121.0;1;19;19;5;8;117.5;1;0;0;1;0;0;18;0;0;6;7;6;10.571428571428571;0;0;6;11;3;11.666666666666666;0;16.2;0.3;-0.92;Graduate;0.4392;Prioritas;0.3037;Aman;validasi silang
MHS0327;1;43;1;9500;1;6;134.0;1;1;37;9;9;120.4;1;0;0;1;0;0;19;0;0;7;7;6;13.333333333333334;0;0;7;7;6;13.333333333333334;0;7.6;2.6;0.32;Graduate;0.1369;Aman;0.0305;Aman;validasi silang
MHS0328;1;1;1;9238;1;1;134.0;1;1;1;9;6;130.9;0;0;1;1;0;0;18;0;0;6;10;6;11.857142857142858;0;0;6;9;5;11.0;0;13.9;-0.3;0.79;Graduate;0.209;Aman;0.3123;Aman;data uji
MHS0329;1;1;1;9853;1;1;132.0;1;2;19;4;4;125.0;1;0;0;1;0;0;18;0;0;6;9;5;12.6;0;0;6;8;5;11.4;0;9.4;-0.8;-3.12;Enrolled;0.4499;Prioritas;0.1209;Aman;mahasiswa aktif
MHS0330;1;1;1;9085;1;1;135.0;1;19;38;9;5;136.8;1;0;0;1;0;0;18;0;0;5;11;5;14.0;3;0;5;7;5;11.6;0;9.4;-0.8;-3.12;Enrolled;0.1451;Aman;0.045;Aman;mahasiswa aktif
MHS0331;1;1;1;9853;1;1;123.0;1;1;38;9;6;121.6;1;0;0;1;0;0;18;0;0;7;12;5;12.0;0;0;7;9;6;12.666666666666666;0;11.1;0.6;2.02;Enrolled;0.3119;Prioritas;0.1463;Aman;mahasiswa aktif
MHS0332;1;44;1;9119;1;39;151.0;1;19;37;4;7;151.0;0;0;1;1;0;0;26;0;0;5;6;0;0.0;0;0;5;5;0;0.0;0;16.2;0.3;-0.92;Dropout;0.8587;Kritis;0.9796;Kritis;data uji
MHS0333;1;1;1;9238;1;1;107.0;1;38;38;7;7;103.5;1;0;0;1;0;0;20;0;0;6;7;6;12.0;0;0;6;7;6;13.0;0;12.4;0.5;1.79;Graduate;0.1347;Aman;0.0304;Aman;validasi silang
MHS0334;1;1;1;8014;0;1;126.0;1;37;38;9;10;119.4;0;0;0;1;0;0;19;0;0;6;6;6;12.666666666666666;0;0;6;6;6;11.666666666666666;0;12.7;3.7;-1.7;Graduate;0.093;Aman;0.0311;Aman;validasi silang
MHS0335;1;1;1;9238;1;1;133.0;1;34;37;4;9;134.4;1;0;0;1;0;1;18;0;0;6;6;6;12.166666666666666;0;0;6;9;6;13.666666666666666;0;9.4;-0.8;-3.12;Graduate;0.0622;Aman;0.0317;Aman;data uji
MHS0336;1;44;1;9238;1;39;140.0;1;38;37;7;7;143.0;0;0;0;1;0;0;19;0;3;6;6;6;13.333333333333334;0;2;6;6;6;14.666666666666666;0;13.9;-0.3;0.79;Graduate;0.2452;Prioritas;0.0353;Aman;validasi silang
MHS0337;1;7;1;9853;1;40;110.0;1;41;3;2;1;110.0;0;0;1;1;0;0;40;0;0;7;8;7;15.0;0;0;7;7;7;14.571428571428571;0;12.4;0.5;1.79;Graduate;0.9129;Kritis;0.0969;Aman;data uji
MHS0338;1;1;4;9500;1;1;141.0;1;38;38;7;7;132.5;1;0;0;1;0;1;18;0;0;8;8;8;13.39125;0;0;8;8;8;13.39125;0;9.4;-0.8;-3.12;Graduate;0.0273;Aman;0.0279;Aman;validasi silang
MHS0339;1;17;1;9238;1;1;122.0;1;3;1;9;10;114.7;0;0;0;1;0;0;19;0;0;6;9;5;12.166666666666666;0;0;6;8;6;12.428571428571429;0;13.9;-0.3;0.79;Graduate;0.1817;Aman;0.0492;Aman;validasi silang
MHS0340;1;17;1;9130;1;1;156.0;1;2;9;3;5;166.9;0;0;0;1;0;0;18;0;0;5;9;4;11.25;0;0;5;6;4;12.5;0;7.6;2.6;0.32;Graduate;0.3028;Prioritas;0.0862;Aman;validasi silang
MHS0341;1;1;1;9085;1;1;129.0;1;1;2;3;1;125.9;1;0;0;1;0;0;19;0;0;5;13;4;12.0;2;0;5;8;3;12.0;0;9.4;-0.8;-3.12;Enrolled;0.2209;Prioritas;0.2832;Aman;mahasiswa aktif
MHS0342;1;1;1;171;1;1;188.0;1;3;3;2;2;178.3;1;0;0;1;0;0;18;0;0;0;0;0;0.0;0;0;0;0;0;0.0;0;15.5;2.8;-4.06;Dropout;0.1533;Aman;0.5437;Prioritas;validasi silang
MHS0343;2;39;1;8014;0;1;120.0;1;37;37;9;9;117.0;1;0;0;1;0;0;33;0;0;6;7;6;12.833333333333334;0;0;6;8;6;12.857142857142858;0;12.4;0.5;1.79;Graduate;0.2557;Prioritas;0.0281;Aman;validasi silang
MHS0344;1;39;1;9003;1;3;130.0;1;3;3;1;2;150.0;0;0;0;1;0;0;35;0;0;6;10;6;14.0;0;0;6;11;6;13.1;0;16.2;0.3;-0.92;Graduate;0.4435;Prioritas;0.0418;Aman;validasi silang
MHS0345;1;42;1;9147;1;1;130.0;1;37;38;9;1;130.0;1;0;0;1;0;0;26;0;3;5;5;4;13.0;0;1;5;7;2;12.0;0;9.4;-0.8;-3.12;Enrolled;0.3734;Prioritas;0.8879;Kritis;mahasiswa aktif
MHS0346;1;1;1;9773;1;1;140.0;1;19;19;7;5;135.1;1;0;0;1;0;0;18;0;0;6;7;6;13.5;0;0;6;8;6;12.5;0;9.4;-0.8;-3.12;Graduate;0.2137;Aman;0.04;Aman;validasi silang
MHS0347;1;43;1;9238;1;1;110.0;1;37;37;9;9;110.0;0;0;0;1;0;0;36;0;10;16;24;13;10.692307692307692;1;9;13;19;9;12.307692307692308;0;15.5;2.8;-4.06;Enrolled;0.241;Prioritas;0.4924;Prioritas;mahasiswa aktif
MHS0348;4;39;1;9991;0;1;133.1;1;37;37;6;6;136.2;0;0;0;1;0;0;39;0;0;5;6;5;11.0;0;0;5;9;5;11.666666666666666;0;10.8;1.4;1.74;Graduate;0.2979;Prioritas;0.0822;Aman;validasi silang
MHS0349;2;39;1;9238;1;1;120.0;1;37;37;9;9;116.0;0;0;0;1;0;0;44;0;0;6;8;6;13.0;0;0;6;6;6;13.833333333333334;0;12.7;3.7;-1.7;Graduate;0.2596;Prioritas;0.033;Aman;validasi silang
MHS0350;1;1;2;8014;0;1;96.0;1;3;1;3;9;100.0;0;0;0;1;0;0;20;0;0;6;10;5;12.0;0;0;6;9;4;11.25;0;9.4;-0.8;-3.12;Enrolled;0.1159;Aman;0.1029;Aman;mahasiswa aktif
MHS0351;1;1;1;9254;1;1;117.0;1;19;19;9;9;116.3;1;0;0;1;0;0;24;0;0;6;9;4;12.6;0;0;6;6;4;11.5;0;12.7;3.7;-1.7;Dropout;0.3344;Prioritas;0.5598;Prioritas;validasi silang
MHS0352;1;43;1;9773;1;1;123.0;1;19;19;9;8;134.0;0;0;0;1;0;1;20;0;0;6;6;6;13.666666666666666;0;0;6;6;6;13.333333333333334;0;12.4;0.5;1.79;Graduate;0.0725;Aman;0.0332;Aman;validasi silang
MHS0353;1;1;4;171;1;1;127.0;1;1;1;9;5;124.2;1;0;0;0;0;0;19;0;0;0;0;0;0.0;0;0;0;0;0;0.0;0;9.4;-0.8;-3.12;Dropout;0.8846;Kritis;0.9336;Kritis;validasi silang
MHS0354;2;1;1;9500;1;1;151.0;1;37;38;9;7;134.5;0;0;1;1;0;1;18;0;0;7;7;6;14.2;0;0;7;7;6;14.2;0;7.6;2.6;0.32;Graduate;0.0604;Aman;0.0471;Aman;validasi silang
MHS0355;1;1;1;9254;1;1;127.0;1;19;19;4;6;120.7;0;0;1;0;0;0;22;0;0;6;10;5;11.0;0;0;6;12;0;0.0;0;10.8;1.4;1.74;Dropout;0.9175;Kritis;0.9791;Kritis;validasi silang
MHS0356;1;17;1;9085;1;1;133.0;1;19;1;4;5;127.1;1;0;0;1;0;0;18;0;0;6;7;6;15.0;0;0;6;7;6;16.428571428571427;0;11.1;0.6;2.02;Graduate;0.2962;Prioritas;0.0703;Aman;data uji
MHS0357;1;39;1;9500;1;19;133.1;1;38;37;9;9;133.0;0;0;0;1;0;0;24;0;0;7;9;6;12.585714285714284;0;0;8;9;7;13.44285714285714;0;13.9;-0.3;0.79;Graduate;0.2864;Prioritas;0.0538;Aman;data uji
MHS0358;1;39;1;9991;0;1;133.1;1;37;37;90;8;128.2;0;0;0;1;0;0;33;0;0;5;0;0;0.0;0;0;5;0;0;0.0;0;12.7;3.7;-1.7;Dropout;0.6742;Kritis;0.98;Kritis;data uji
MHS0359;1;39;1;9003;1;1;133.1;1;37;37;3;8;130.0;0;0;1;1;0;1;30;0;0;6;6;0;0.0;0;0;6;6;0;0.0;0;11.1;0.6;2.02;Enrolled;0.212;Aman;0.979;Kritis;mahasiswa aktif
MHS0360;1;39;1;9085;1;43;160.0;1;3;39;2;3;172.0;0;0;0;1;0;0;26;0;0;6;0;0;0.0;0;0;6;0;0;0.0;0;8.9;1.4;3.51;Dropout;0.2715;Prioritas;0.979;Kritis;validasi silang
MHS0361;1;17;4;9853;1;1;140.0;1;19;38;4;1;128.5;1;0;0;1;0;0;18;0;0;6;7;6;11.666666666666666;0;0;6;10;6;11.833333333333334;0;10.8;1.4;1.74;Graduate;0.5187;Prioritas;0.1969;Aman;validasi silang
MHS0362;1;1;1;9773;1;1;146.0;1;37;38;9;7;128.5;0;0;1;1;0;0;19;0;0;6;13;3;12.666666666666666;0;0;6;12;2;10.0;0;10.8;1.4;1.74;Dropout;0.3616;Prioritas;0.9718;Kritis;validasi silang
MHS0363;1;17;4;9147;1;1;112.0;1;19;38;9;10;112.0;1;0;0;1;0;0;20;0;0;5;10;3;10.333333333333334;0;0;5;9;4;11.0;2;16.2;0.3;-0.92;Enrolled;0.4749;Prioritas;0.2964;Aman;mahasiswa aktif
MHS0364;1;53;1;9085;1;42;140.0;1;19;37;9;8;142.5;1;0;0;1;0;1;22;0;7;11;18;8;13.5;0;4;9;16;7;13.714285714285714;0;8.9;1.4;3.51;Graduate;0.051;Aman;0.095;Aman;validasi silang
MHS0365;1;1;4;9500;1;1;136.0;1;1;1;9;1;133.0;1;0;0;1;0;0;19;0;0;7;8;5;13.98;0;0;7;8;5;13.98;0;7.6;2.6;0.32;Enrolled;0.0875;Aman;0.4619;Prioritas;mahasiswa aktif
MHS0366;1;1;1;9085;1;1;133.1;1;37;38;7;5;106.0;1;0;0;1;0;1;21;0;0;6;13;6;16.153846153846153;0;0;6;10;6;15.75;0;15.5;2.8;-4.06;Graduate;0.1296;Aman;0.0323;Aman;validasi silang
MHS0367;1;1;4;9500;1;1;136.0;1;19;38;4;8;125.5;1;0;0;1;0;1;21;0;0;7;7;6;14.033333333333331;0;0;7;7;6;14.033333333333331;0;7.6;2.6;0.32;Graduate;0.0342;Aman;0.0279;Aman;validasi silang
MHS0368;1;17;1;9085;1;1;134.0;1;19;37;2;7;131.2;0;0;0;1;0;0;19;0;0;5;8;1;11.0;0;0;5;6;5;11.2;0;7.6;2.6;0.32;Enrolled;0.2325;Prioritas;0.6033;Prioritas;mahasiswa aktif
MHS0369;1;1;1;9853;1;1;122.0;1;38;37;191;195;112.9;1;0;0;1;0;1;19;0;0;7;8;7;13.857142857142858;0;0;7;8;6;13.666666666666666;0;8.9;1.4;3.51;Graduate;0.1069;Aman;0.0517;Aman;validasi silang
MHS0370;1;1;6;9500;1;1;138.0;1;19;19;9;5;124.8;1;0;0;1;0;0;18;0;0;8;8;7;13.414285714285716;0;0;8;8;7;13.414285714285716;0;12.7;3.7;-1.7;Dropout;0.144;Aman;0.0303;Aman;data uji
MHS0371;2;43;1;8014;0;1;160.0;1;37;39;9;4;140.9;0;0;0;1;0;0;50;0;7;11;11;11;13.545454545454543;0;3;7;7;7;13.571428571428571;0;16.2;0.3;-0.92;Graduate;0.2834;Prioritas;0.0412;Aman;validasi silang
MHS0372;4;39;1;9991;0;1;130.0;1;38;19;9;7;148.0;0;0;0;1;0;1;31;0;0;5;11;4;11.25;0;0;5;10;4;10.833333333333334;0;13.9;-0.3;0.79;Enrolled;0.1819;Aman;0.3075;Aman;mahasiswa aktif
MHS0373;1;17;1;9773;1;1;161.0;1;1;19;4;7;148.4;0;0;0;1;0;1;19;0;0;6;6;6;13.833333333333334;0;0;6;7;6;14.428571428571429;0;15.5;2.8;-4.06;Graduate;0.1068;Aman;0.0335;Aman;data uji
MHS0374;4;39;1;9991;0;1;140.0;1;1;37;141;192;129.7;0;0;0;1;0;0;35;0;0;5;8;5;12.0;0;0;5;9;5;12.857142857142858;0;13.9;-0.3;0.79;Graduate;0.485;Prioritas;0.0593;Aman;validasi silang
MHS0375;2;39;1;9085;1;19;133.1;1;38;38;4;7;128.2;0;0;0;1;0;0;31;0;0;6;0;0;0.0;0;0;6;0;0;0.0;0;12.7;3.7;-1.7;Dropout;0.3473;Prioritas;0.98;Kritis;data uji
MHS0376;2;51;1;8014;0;19;133.1;1;37;37;9;9;104.0;0;0;1;1;0;0;42;0;5;11;14;10;11.9;0;5;11;14;10;12.8;0;11.1;0.6;2.02;Enrolled;0.3973;Prioritas;0.1331;Aman;mahasiswa aktif
MHS0377;1;18;4;9147;1;1;130.0;1;37;37;9;9;119.9;1;0;0;0;0;0;34;0;0;5;5;0;0.0;0;0;5;0;0;0.0;0;9.4;-0.8;-3.12;Dropout;0.9328;Kritis;0.9797;Kritis;validasi silang
MHS0378;1;1;1;9500;1;1;152.0;1;1;1;4;4;141.0;1;0;0;1;0;1;18;0;0;7;7;7;15.135714285714286;0;0;8;8;8;15.287499999999998;0;12.4;0.5;1.79;Graduate;0.0446;Aman;0.0321;Aman;validasi silang
MHS0379;1;17;1;9853;1;1;125.0;1;3;3;3;3;116.6;1;0;0;0;0;1;18;0;0;7;7;7;12.285714285714286;0;0;7;8;6;13.333333333333334;0;8.9;1.4;3.51;Enrolled;0.7794;Kritis;0.2519;Aman;mahasiswa aktif
MHS0380;1;44;1;9085;1;39;140.0;1;37;38;5;6;140.0;1;0;0;1;0;0;21;0;2;6;16;5;12.666666666666666;0;1;6;15;2;13.5;0;16.2;0.3;-0.92;Enrolled;0.2877;Prioritas;0.9525;Kritis;mahasiswa aktif
MHS0381;4;39;1;9500;1;19;133.1;1;38;19;5;7;140.0;0;0;0;1;0;1;26;0;0;7;13;5;12.74;0;0;8;12;6;10.978571428571428;0;16.2;0.3;-0.92;Dropout;0.13;Aman;0.1433;Aman;validasi silang
MHS0382;1;43;1;9500;1;1;170.0;1;19;37;8;8;100.0;0;0;0;1;0;0;20;0;0;7;8;6;13.25;0;0;8;8;8;13.75;0;13.9;-0.3;0.79;Enrolled;0.4578;Prioritas;0.0393;Aman;mahasiswa aktif
MHS0383;1;1;1;9238;1;1;135.0;1;38;38;5;7;121.0;0;0;0;1;0;0;19;0;0;6;13;3;10.333333333333334;0;0;6;12;3;10.333333333333334;0;7.6;2.6;0.32;Enrolled;0.0963;Aman;0.9689;Kritis;mahasiswa aktif
MHS0384;1;1;1;9853;1;1;125.0;1;19;19;5;5;117.0;0;0;0;1;0;1;19;0;0;6;7;6;13.428571428571429;0;0;6;6;6;13.166666666666666;0;15.5;2.8;-4.06;Graduate;0.2751;Prioritas;0.0327;Aman;validasi silang
MHS0385;1;53;1;9147;1;42;140.0;1;3;4;2;1;140.2;0;0;0;1;0;0;20;0;6;11;19;9;12.555555555555555;0;3;9;14;8;11.11111111111111;0;8.9;1.4;3.51;Graduate;0.2906;Prioritas;0.1542;Aman;data uji
MHS0386;1;1;1;9238;1;1;124.0;1;34;34;0;0;129.3;0;0;0;1;0;0;19;0;0;6;8;6;11.5;0;0;6;7;6;11.166666666666666;0;7.6;2.6;0.32;Graduate;0.3501;Prioritas;0.0309;Aman;validasi silang
MHS0387;1;1;1;9853;1;1;140.0;1;37;37;9;9;145.3;0;0;0;1;0;0;18;0;0;6;6;6;13.666666666666666;0;0;6;9;6;12.333333333333334;0;7.6;2.6;0.32;Graduate;0.3864;Prioritas;0.0427;Aman;validasi silang
MHS0388;1;39;1;9991;0;3;130.0;1;37;37;9;9;146.2;0;0;0;1;0;0;28;0;10;14;16;11;11.272727272727272;0;6;11;16;10;12.0;0;10.8;1.4;1.74;Graduate;0.4907;Prioritas;0.5051;Prioritas;data uji
MHS0389;1;17;1;9853;1;1;134.0;1;1;19;4;5;122.5;1;0;0;1;0;0;22;0;0;6;10;5;13.166666666666666;0;0;6;8;5;12.4;0;15.5;2.8;-4.06;Enrolled;0.6599;Kritis;0.218;Aman;mahasiswa aktif
MHS0390;1;44;1;8014;0;39;160.0;1;37;37;7;7;156.1;0;0;0;1;0;1;21;0;3;6;6;6;14.666666666666666;0;2;6;6;6;14.166666666666666;0;13.9;-0.3;0.79;Graduate;0.0634;Aman;0.0278;Aman;validasi silang
MHS0391;1;44;1;9085;1;39;140.0;1;4;38;4;5;140.0;1;0;0;1;0;0;21;0;0;6;11;4;12.75;0;0;6;19;1;11.0;0;12.4;0.5;1.79;Enrolled;0.2159;Aman;0.9764;Kritis;mahasiswa aktif
MHS0392;1;39;1;9500;1;1;150.0;1;1;19;5;3;140.0;0;1;0;1;0;0;26;0;0;7;11;5;11.2;0;0;8;13;5;12.14;0;16.2;0.3;-0.92;Enrolled;0.3641;Prioritas;0.8156;Kritis;mahasiswa aktif
MHS0393;1;1;6;9773;1;1;141.0;1;30;37;7;7;128.4;1;0;1;0;0;0;18;0;0;6;8;5;13.0;0;0;6;8;5;11.4;0;7.6;2.6;0.32;Dropout;0.9528;Kritis;0.9147;Kritis;data uji
MHS0394;1;17;2;9085;1;1;120.0;1;1;1;9;10;115.0;0;0;0;0;0;0;20;0;0;5;8;2;10.5;0;0;5;8;2;12.333333333333334;0;7.6;2.6;0.32;Dropout;0.7768;Kritis;0.9776;Kritis;validasi silang
MHS0395;1;17;2;9085;1;1;166.0;1;1;19;4;3;158.7;0;0;0;1;0;0;18;0;0;6;7;6;14.857142857142858;0;0;6;7;6;14.0;0;11.1;0.6;2.02;Graduate;0.1904;Aman;0.0366;Aman;validasi silang
MHS0396;1;1;4;9500;1;1;147.0;1;1;1;4;9;124.5;1;0;0;1;0;1;19;0;0;8;11;7;12.86;0;0;8;11;7;12.86;0;10.8;1.4;1.74;Graduate;0.0427;Aman;0.0378;Aman;data uji
MHS0397;1;51;1;9238;1;1;121.0;1;3;19;3;10;111.9;1;0;0;1;0;0;20;0;5;11;12;11;11.727272727272728;0;5;11;14;11;12.0;0;12.4;0.5;1.79;Graduate;0.1212;Aman;0.0528;Aman;validasi silang
MHS0398;1;44;1;9085;1;39;150.0;1;38;37;4;6;150.0;1;0;0;1;0;1;22;0;3;6;11;6;13.142857142857142;0;2;6;10;3;12.0;0;13.9;-0.3;0.79;Graduate;0.0558;Aman;0.5624;Prioritas;validasi silang
MHS0399;1;17;1;9670;1;1;124.0;1;37;19;5;8;114.2;1;0;1;1;0;0;18;0;0;6;6;5;11.8;0;0;6;9;4;13.714285714285714;0;10.8;1.4;1.74;Dropout;0.5783;Prioritas;0.4596;Prioritas;validasi silang
MHS0400;1;17;1;9147;1;1;96.0;1;38;37;6;4;96.0;1;0;0;1;0;0;19;0;0;5;10;3;10.666666666666666;0;0;5;9;0;0.0;3;16.2;0.3;-0.92;Dropout;0.5133;Prioritas;0.9773;Kritis;validasi silang
MHS0401;1;17;4;9070;1;1;125.0;1;1;3;3;3;128.9;0;0;0;1;0;1;18;0;0;6;9;5;11.6;0;0;6;8;4;11.2;0;8.9;1.4;3.51;Enrolled;0.0443;Aman;0.1049;Aman;mahasiswa aktif
MHS0402;1;17;1;9254;1;1;136.0;1;37;37;7;7;121.7;1;0;0;1;0;0;20;0;0;6;13;3;10.333333333333334;0;0;6;12;3;10.333333333333334;0;10.8;1.4;1.74;Enrolled;0.4771;Prioritas;0.9747;Kritis;mahasiswa aktif
MHS0403;1;1;1;9773;1;1;120.0;1;38;37;9;9;114.8;1;1;0;1;0;0;19;0;0;6;11;4;12.25;0;0;6;11;3;11.0;0;7.6;2.6;0.32;Enrolled;0.1943;Aman;0.9584;Kritis;mahasiswa aktif
MHS0404;1;1;1;9254;1;1;128.0;1;19;38;9;9;127.0;0;0;0;1;0;0;19;0;0;6;6;6;12.0;0;0;6;7;4;12.75;0;12.4;0.5;1.79;Enrolled;0.258;Prioritas;0.0706;Aman;mahasiswa aktif
MHS0405;1;17;1;9500;1;1;142.0;1;37;37;5;5;131.3;1;0;0;1;0;0;19;0;0;8;8;7;14.731428571428571;0;0;8;8;7;14.731428571428571;0;10.8;1.4;1.74;Graduate;0.1969;Aman;0.0265;Aman;validasi silang
MHS0406;1;1;1;171;1;1;135.0;1;1;19;3;9;137.1;1;0;0;1;0;0;18;0;0;0;0;0;0.0;0;0;0;0;0;0.0;0;12.7;3.7;-1.7;Graduate;0.1989;Aman;0.6624;Kritis;validasi silang
MHS0407;1;7;1;9070;1;40;120.0;1;1;19;3;9;120.0;1;0;0;1;0;0;21;0;9;13;14;13;13.615384615384617;1;6;12;12;12;14.25;0;13.9;-0.3;0.79;Graduate;0.3215;Prioritas;0.0547;Aman;validasi silang
MHS0408;1;39;1;9991;0;40;140.0;1;1;19;9;9;139.0;0;0;0;1;0;0;27;0;0;5;5;5;15.8;0;0;5;5;5;14.8;0;8.9;1.4;3.51;Graduate;0.4525;Prioritas;0.0389;Aman;validasi silang
MHS0409;1;17;1;9238;1;1;135.0;1;1;19;4;4;129.1;0;0;0;1;0;0;19;0;0;6;6;6;14.666666666666666;0;0;6;7;6;14.571428571428571;0;15.5;2.8;-4.06;Graduate;0.2713;Prioritas;0.0339;Aman;validasi silang
MHS0410;4;39;1;9085;1;1;133.1;1;34;34;0;0;128.2;0;0;0;1;0;0;25;0;0;5;5;0;0.0;0;0;5;5;0;0.0;0;7.6;2.6;0.32;Dropout;0.7473;Kritis;0.98;Kritis;data uji
MHS0411;1;1;2;9500;1;1;137.0;1;19;19;7;7;120.8;1;0;0;1;0;1;18;0;0;8;8;7;14.654285714285717;0;0;8;8;7;14.654285714285717;0;10.8;1.4;1.74;Graduate;0.0447;Aman;0.0265;Aman;validasi silang
MHS0412;1;39;1;9500;1;3;122.0;1;19;1;4;8;135.8;0;0;0;1;0;0;24;0;0;8;8;7;12.401428571428571;0;0;8;8;7;12.401428571428571;0;10.8;1.4;1.74;Graduate;0.3263;Prioritas;0.0375;Aman;data uji
MHS0413;1;1;3;9500;1;1;128.0;1;1;1;4;10;118.9;1;0;0;1;0;0;20;0;0;7;8;7;11.5875;0;0;8;9;7;14.071428571428571;0;13.9;-0.3;0.79;Graduate;0.1493;Aman;0.0603;Aman;data uji
MHS0414;1;7;1;9991;0;40;140.0;1;37;37;6;6;140.0;0;0;0;1;0;0;26;0;3;5;5;5;14.0;0;1;5;5;5;15.6;0;12.4;0.5;1.79;Graduate;0.319;Prioritas;0.0704;Aman;validasi silang
MHS0415;1;1;1;9238;1;1;132.0;1;1;38;9;7;127.1;1;0;0;1;0;1;20;0;0;6;9;6;12.333333333333334;0;0;6;6;6;11.833333333333334;0;8.9;1.4;3.51;Graduate;0.0233;Aman;0.031;Aman;data uji
MHS0416;1;1;1;9085;1;1;131.0;1;37;37;90;90;137.0;0;0;0;1;0;0;18;0;0;5;5;5;14.0;0;0;5;6;5;15.4;0;7.6;2.6;0.32;Graduate;0.2326;Prioritas;0.0348;Aman;validasi silang
MHS0417;1;1;1;9085;1;1;126.0;1;1;1;9;9;127.4;1;0;0;1;0;0;19;0;0;6;13;6;15.23076923076923;0;0;6;10;6;12.375;0;15.5;2.8;-4.06;Graduate;0.2426;Prioritas;0.0391;Aman;validasi silang
MHS0418;1;1;1;9853;1;1;133.1;1;19;19;9;9;97.0;1;0;0;1;0;0;23;0;0;6;9;5;11.6;0;0;6;9;3;11.0;0;12.7;3.7;-1.7;Dropout;0.5922;Prioritas;0.9081;Kritis;validasi silang
MHS0419;1;1;4;9500;1;1;136.0;1;37;37;9;9;126.3;1;0;0;1;0;1;18;0;0;7;7;6;11.6;0;0;7;7;6;11.6;0;7.6;2.6;0.32;Graduate;0.029;Aman;0.0389;Aman;data uji
MHS0420;1;1;4;9500;1;1;140.0;1;1;19;4;5;127.5;0;0;0;1;0;0;18;0;0;7;0;0;0.0;0;0;8;0;0;0.0;0;12.7;3.7;-1.7;Dropout;0.1237;Aman;0.9796;Kritis;validasi silang
MHS0421;1;1;1;9500;1;1;135.0;1;2;1;2;8;126.6;0;0;0;1;0;1;19;0;0;7;7;7;12.901428571428571;0;0;8;9;8;13.094444444444443;0;11.1;0.6;2.02;Graduate;0.0296;Aman;0.0332;Aman;data uji
MHS0422;1;42;1;9991;0;1;160.0;1;1;2;4;3;120.0;0;0;0;1;0;0;30;0;4;7;9;7;14.142857142857142;0;1;5;5;5;14.8;0;7.6;2.6;0.32;Graduate;0.4582;Prioritas;0.0766;Aman;validasi silang
MHS0423;1;44;1;9085;1;39;140.0;1;1;2;4;6;140.0;1;0;0;1;0;0;29;0;0;6;0;0;0.0;0;0;6;0;0;0.0;0;15.5;2.8;-4.06;Dropout;0.3282;Prioritas;0.9788;Kritis;validasi silang
MHS0424;1;1;6;9500;1;1;140.0;1;3;1;3;3;131.5;1;0;0;1;0;0;19;0;0;8;8;8;13.25375;0;0;8;8;8;13.25375;0;9.4;-0.8;-3.12;Graduate;0.1023;Aman;0.0341;Aman;validasi silang
MHS0425;1;17;6;9556;1;1;115.0;1;19;2;5;3;112.2;1;0;0;1;0;0;20;0;0;7;7;7;13.785714285714286;0;0;8;8;8;14.1;0;12.4;0.5;1.79;Graduate;0.6336;Prioritas;0.0492;Aman;data uji
MHS0426;1;1;1;9500;1;1;144.0;1;37;37;9;3;150.5;0;0;0;1;0;0;20;0;0;7;7;6;13.916666666666666;0;0;7;7;6;13.916666666666666;0;7.6;2.6;0.32;Graduate;0.0684;Aman;0.0272;Aman;validasi silang
MHS0427;1;1;4;9670;1;1;128.0;1;38;38;3;7;121.0;1;0;0;1;0;0;19;0;0;6;8;6;13.5;0;0;6;9;6;13.571428571428571;0;11.1;0.6;2.02;Graduate;0.129;Aman;0.0785;Aman;validasi silang
MHS0428;1;17;1;9147;1;1;116.0;1;38;2;9;2;112.2;1;0;0;1;0;0;20;0;0;5;8;3;11.333333333333334;0;0;5;12;2;10.666666666666666;0;10.8;1.4;1.74;Enrolled;0.5433;Prioritas;0.9729;Kritis;mahasiswa aktif
MHS0429;3;1;2;9085;1;1;135.0;1;19;1;4;4;129.4;1;0;0;1;0;0;21;0;0;5;8;0;0.0;4;0;5;12;0;0.0;4;10.8;1.4;1.74;Dropout;0.2418;Prioritas;0.9773;Kritis;validasi silang
MHS0430;1;17;1;9670;1;1;121.0;1;19;38;4;10;114.4;0;0;0;1;0;0;19;0;0;6;10;5;11.5;0;0;6;9;4;14.6;0;11.1;0.6;2.02;Graduate;0.2721;Prioritas;0.3579;Aman;validasi silang
MHS0431;1;1;3;9500;1;1;134.0;1;37;38;9;9;120.3;1;0;0;1;0;1;18;0;0;8;8;7;12.082857142857142;0;0;8;8;7;12.082857142857142;0;10.8;1.4;1.74;Graduate;0.0268;Aman;0.0314;Aman;validasi silang
MHS0432;1;39;1;8014;0;1;120.0;1;37;37;7;8;120.0;0;0;0;1;0;1;27;0;0;6;8;6;11.833333333333334;0;0;6;10;5;12.8;0;15.5;2.8;-4.06;Graduate;0.1772;Aman;0.0523;Aman;validasi silang
MHS0433;1;17;2;9147;1;1;125.0;1;38;38;6;8;114.5;1;0;0;1;0;1;19;0;0;5;6;5;13.4;0;0;5;5;5;12.4;0;12.4;0.5;1.79;Graduate;0.1259;Aman;0.031;Aman;validasi silang
MHS0434;1;1;1;9500;1;1;141.0;1;1;1;90;3;127.8;0;0;0;1;0;1;19;0;0;7;7;0;0.0;2;0;7;7;0;0.0;2;7.6;2.6;0.32;Dropout;0.0368;Aman;0.9776;Kritis;validasi silang
MHS0435;1;1;1;9773;1;1;140.0;1;1;19;4;8;124.6;1;0;0;1;0;0;19;0;0;6;7;5;14.2;0;0;6;7;6;14.571428571428571;0;15.5;2.8;-4.06;Graduate;0.2621;Prioritas;0.1079;Aman;validasi silang
MHS0436;1;1;6;9500;1;1;144.0;1;19;19;5;5;130.3;1;0;0;1;0;1;18;0;0;8;8;7;13.814285714285717;0;0;8;8;7;13.814285714285717;0;12.7;3.7;-1.7;Graduate;0.0634;Aman;0.0277;Aman;validasi silang
MHS0437;1;17;1;9254;1;1;122.0;1;19;19;5;5;118.2;0;0;0;1;0;1;20;0;0;6;10;4;11.25;0;0;6;6;6;10.5;0;12.4;0.5;1.79;Enrolled;0.19;Aman;0.0699;Aman;mahasiswa aktif
MHS0438;1;1;1;9670;1;1;130.0;1;19;37;4;5;118.8;0;0;0;1;0;1;18;0;0;6;6;6;14.5;0;0;6;8;6;13.666666666666666;0;12.7;3.7;-1.7;Graduate;0.0516;Aman;0.0301;Aman;validasi silang
MHS0439;1;1;5;9670;1;1;133.1;1;9;1;2;4;133.0;1;0;0;1;0;0;19;0;0;6;0;0;0.0;0;0;6;0;0;0.0;0;7.6;2.6;0.32;Dropout;0.2623;Prioritas;0.979;Kritis;validasi silang
MHS0440;2;39;1;9500;1;19;133.1;1;37;37;9;9;129.0;1;0;0;1;0;0;36;0;0;7;7;6;11.3;0;0;7;7;6;11.3;0;7.6;2.6;0.32;Graduate;0.2198;Aman;0.0797;Aman;data uji
MHS0441;1;43;1;9556;1;1;147.0;1;3;4;3;2;100.0;0;0;0;1;0;0;18;0;0;2;2;0;0.0;0;0;4;4;1;16.0;0;10.8;1.4;1.74;Enrolled;0.4174;Prioritas;0.97;Kritis;mahasiswa aktif
MHS0442;1;43;1;9130;1;1;127.0;1;19;38;4;5;120.7;1;0;1;1;0;0;18;0;0;5;11;1;12.0;0;0;5;9;3;12.0;0;12.7;3.7;-1.7;Enrolled;0.6776;Kritis;0.975;Kritis;mahasiswa aktif
MHS0443;1;17;6;9500;1;1;136.0;1;19;38;9;3;132.5;1;0;0;1;0;0;19;0;0;8;9;7;12.3;0;0;8;9;7;12.3;0;12.7;3.7;-1.7;Graduate;0.1735;Aman;0.0477;Aman;data uji
MHS0444;1;1;5;9500;1;1;127.0;1;19;19;7;8;120.3;1;0;0;1;0;1;18;0;0;8;8;7;12.694285714285714;0;0;8;8;7;12.694285714285714;0;10.8;1.4;1.74;Graduate;0.0409;Aman;0.0278;Aman;validasi silang
MHS0445;1;17;1;9670;1;1;123.0;1;19;19;1;1;114.6;0;0;0;1;0;0;18;0;0;5;5;4;11.0;0;0;5;5;4;11.0;0;9.4;-0.8;-3.12;Graduate;0.3288;Prioritas;0.0884;Aman;validasi silang
MHS0446;1;1;1;9238;1;1;128.0;1;37;19;9;3;116.5;1;0;0;1;0;1;19;0;0;6;6;6;13.0;0;0;6;6;6;14.166666666666666;0;12.4;0.5;1.79;Graduate;0.0438;Aman;0.0328;Aman;validasi silang
MHS0447;1;1;1;9500;1;1;128.0;1;3;1;2;1;127.8;0;0;0;1;0;1;19;0;0;7;8;7;14.4125;0;0;8;8;8;16.05;0;13.9;-0.3;0.79;Graduate;0.0379;Aman;0.031;Aman;validasi silang
MHS0448;1;1;2;9500;1;1;140.0;1;1;19;7;7;129.9;1;0;0;1;0;0;18;0;0;7;8;7;12.92875;0;0;8;8;8;14.0625;0;15.5;2.8;-4.06;Dropout;0.16;Aman;0.0378;Aman;validasi silang
MHS0449;1;1;2;9773;1;1;121.0;1;1;19;9;7;118.9;1;0;0;1;0;0;20;0;0;6;6;6;13.333333333333334;0;0;6;10;5;12.8;0;11.1;0.6;2.02;Graduate;0.2609;Prioritas;0.0488;Aman;validasi silang
MHS0450;1;1;3;9254;1;1;122.0;1;19;38;3;10;114.3;1;0;0;1;0;1;20;0;0;6;8;5;12.8;0;0;6;9;5;12.8;0;12.4;0.5;1.79;Enrolled;0.0859;Aman;0.0491;Aman;mahasiswa aktif
MHS0451;1;18;1;9500;1;1;126.0;1;38;37;5;5;114.8;1;0;0;1;0;0;20;0;0;8;8;7;14.402857142857142;0;0;8;8;7;14.402857142857142;0;10.8;1.4;1.74;Graduate;0.2334;Prioritas;0.0266;Aman;validasi silang
MHS0452;1;1;4;9500;1;1;135.0;1;37;37;9;8;123.0;1;0;0;1;0;1;18;0;0;8;8;7;13.381428571428572;0;0;8;8;7;13.381428571428572;0;10.8;1.4;1.74;Graduate;0.0372;Aman;0.0271;Aman;validasi silang
MHS0453;1;1;2;9500;1;1;131.0;1;19;19;7;5;122.1;1;0;0;1;0;0;18;0;0;7;8;7;14.13125;0;0;8;8;8;13.98375;0;15.5;2.8;-4.06;Graduate;0.1737;Aman;0.08;Aman;validasi silang
MHS0454;1;17;4;9085;1;1;140.0;1;19;37;4;7;123.7;0;0;0;1;0;0;19;0;0;5;11;5;11.714285714285714;2;0;5;6;5;12.6;0;9.4;-0.8;-3.12;Graduate;0.3468;Prioritas;0.0826;Aman;validasi silang
MHS0455;1;1;3;9147;1;1;131.0;1;19;38;9;7;132.4;1;0;0;1;0;0;19;0;0;5;5;5;11.8;0;0;5;8;4;11.25;0;9.4;-0.8;-3.12;Enrolled;0.2655;Prioritas;0.0557;Aman;mahasiswa aktif
MHS0456;2;39;1;8014;0;1;130.0;1;34;34;99;99;114.8;0;0;0;1;0;0;44;0;0;6;9;6;11.166666666666666;0;1;6;15;2;11.0;1;7.6;2.6;0.32;Graduate;0.6524;Kritis;0.8548;Kritis;data uji
MHS0457;1;7;1;9003;1;3;130.0;1;38;37;5;6;130.0;0;0;0;1;0;0;32;0;0;6;7;0;0.0;0;0;6;6;0;0.0;0;12.4;0.5;1.79;Dropout;0.1817;Aman;0.9794;Kritis;validasi silang
MHS0458;1;43;1;9853;1;1;140.0;1;37;19;9;8;122.3;0;0;0;1;0;0;22;0;0;6;9;5;13.6;0;0;6;8;5;12.0;0;12.7;3.7;-1.7;Dropout;0.5254;Prioritas;0.0945;Aman;validasi silang
MHS0459;2;39;1;9003;1;1;130.0;1;1;19;4;9;152.4;1;0;0;1;0;0;36;0;4;12;14;12;13.846153846153848;0;5;12;18;11;14.090909090909092;0;8.9;1.4;3.51;Graduate;0.1851;Aman;0.104;Aman;validasi silang
MHS0460;1;17;1;9773;1;1;125.0;1;37;37;5;7;120.1;0;0;0;1;0;1;18;0;0;6;7;6;12.5;0;0;6;8;6;13.333333333333334;0;16.2;0.3;-0.92;Graduate;0.1496;Aman;0.0301;Aman;validasi silang
MHS0461;1;1;1;9130;1;1;160.0;1;3;3;3;2;155.1;1;0;0;1;0;0;20;0;0;5;5;5;16.4;0;0;5;5;5;14.6;0;12.7;3.7;-1.7;Graduate;0.1886;Aman;0.0801;Aman;validasi silang
MHS0462;1;51;1;9070;1;1;130.0;1;19;19;5;7;124.5;0;0;0;1;0;1;20;0;5;11;11;11;13.818181818181818;0;5;11;11;11;13.454545454545457;0;11.1;0.6;2.02;Graduate;0.0958;Aman;0.028;Aman;validasi silang
MHS0463;1;17;1;9238;1;1;144.0;1;3;1;2;3;126.9;0;0;0;1;0;0;19;0;0;6;8;5;10.6;0;0;6;11;4;10.5;0;15.5;2.8;-4.06;Graduate;0.2467;Prioritas;0.1869;Aman;data uji
MHS0464;1;39;1;9147;1;19;133.1;1;3;1;3;5;153.2;1;0;1;1;0;0;24;0;0;5;8;5;10.2;0;0;5;6;5;12.2;0;12.4;0.5;1.79;Graduate;0.7053;Kritis;0.2644;Aman;validasi silang
MHS0465;1;17;1;9238;1;1;148.0;1;1;1;4;9;129.8;0;0;0;1;0;0;20;0;0;6;11;5;10.6;0;0;6;11;4;10.4;0;15.5;2.8;-4.06;Enrolled;0.2388;Prioritas;0.252;Aman;mahasiswa aktif
MHS0466;1;43;1;8014;0;1;133.1;1;3;3;2;3;135.0;0;0;0;1;0;0;27;0;7;10;10;9;11.444444444444445;0;4;11;11;5;10.8;0;10.8;1.4;1.74;Dropout;0.0995;Aman;0.7618;Kritis;validasi silang
MHS0467;1;1;1;9853;1;1;133.0;1;1;38;5;10;131.3;1;0;0;1;0;0;20;0;0;6;9;5;14.333333333333334;0;4;8;8;8;12.625;0;15.5;2.8;-4.06;Enrolled;0.4896;Prioritas;0.0924;Aman;mahasiswa aktif
MHS0468;1;43;6;9238;1;1;129.0;1;34;34;0;0;125.2;0;0;0;1;0;1;23;0;15;16;18;16;13.0;0;11;13;15;13;13.266666666666667;0;9.4;-0.8;-3.12;Graduate;0.2114;Aman;0.0387;Aman;validasi silang
MHS0469;1;1;5;9500;1;1;144.0;1;19;38;4;8;141.3;1;0;0;1;0;1;18;0;0;8;9;8;13.31;1;0;8;9;8;13.31;1;9.4;-0.8;-3.12;Graduate;0.0297;Aman;0.0322;Aman;data uji
MHS0470;1;17;1;9238;1;1;120.0;1;37;37;4;9;117.1;1;0;0;1;0;1;18;0;0;6;10;5;10.571428571428571;1;0;6;9;5;12.2;0;12.7;3.7;-1.7;Graduate;0.0531;Aman;0.0723;Aman;validasi silang
MHS0471;1;17;3;9500;1;1;144.0;1;1;37;9;9;126.5;1;0;0;1;0;1;20;0;0;8;8;7;13.487142857142857;0;0;8;8;7;13.487142857142857;0;10.8;1.4;1.74;Graduate;0.0604;Aman;0.0302;Aman;validasi silang
MHS0472;1;1;1;9254;1;1;132.0;1;19;38;9;7;120.1;0;0;0;1;0;1;20;0;0;6;6;6;12.333333333333334;0;0;6;7;6;11.833333333333334;0;13.9;-0.3;0.79;Graduate;0.1376;Aman;0.0276;Aman;validasi silang
MHS0473;1;1;1;9670;1;1;142.0;1;38;19;7;10;128.4;0;0;0;1;0;0;23;0;0;6;11;6;11.875;0;0;6;9;5;12.833333333333334;0;11.1;0.6;2.02;Dropout;0.1444;Aman;0.1197;Aman;validasi silang
MHS0474;1;1;2;9500;1;1;136.0;1;19;19;9;9;140.0;1;0;0;1;0;0;20;0;0;7;7;6;13.966666666666669;0;0;7;7;6;13.966666666666669;0;7.6;2.6;0.32;Graduate;0.0733;Aman;0.029;Aman;data uji
MHS0475;1;39;1;9254;1;9;133.1;1;34;34;0;0;110.0;1;0;0;0;0;0;28;0;0;5;10;0;0.0;0;0;5;10;0;0.0;0;7.6;2.6;0.32;Dropout;0.9912;Kritis;0.9788;Kritis;validasi silang
MHS0476;1;1;1;9670;1;1;122.0;1;1;19;3;5;116.8;1;0;0;1;0;0;21;0;0;5;8;4;11.5;0;0;5;5;5;12.8;0;7.6;2.6;0.32;Graduate;0.1594;Aman;0.0444;Aman;validasi silang
MHS0477;1;1;2;9556;1;1;133.1;1;19;19;9;9;104.5;1;0;0;1;0;0;21;0;0;2;2;2;12.5;0;0;7;0;0;0.0;0;12.4;0.5;1.79;Dropout;0.3283;Prioritas;0.955;Kritis;data uji
MHS0478;1;7;1;9500;1;3;140.0;1;34;34;0;0;140.0;0;0;0;1;0;0;28;0;0;7;0;0;0.0;0;0;8;0;0;0.0;0;7.6;2.6;0.32;Dropout;0.4804;Prioritas;0.9799;Kritis;validasi silang
MHS0479;1;1;1;9500;1;1;117.0;1;3;1;3;3;113.2;0;1;0;1;0;0;18;0;0;7;10;6;11.98;0;0;8;11;7;13.225;0;16.2;0.3;-0.92;Graduate;0.1347;Aman;0.0505;Aman;validasi silang
MHS0480;1;17;1;9238;1;1;128.0;1;38;19;191;175;118.6;1;0;0;1;0;1;21;0;0;6;8;5;13.2;0;0;6;7;5;11.8;0;8.9;1.4;3.51;Enrolled;0.0314;Aman;0.0847;Aman;mahasiswa aktif
MHS0481;1;1;1;9500;1;1;136.0;1;1;1;4;4;123.8;0;0;0;1;0;0;19;0;0;7;10;6;11.614285714285714;0;0;8;8;8;14.0375;0;13.9;-0.3;0.79;Graduate;0.1812;Aman;0.0383;Aman;validasi silang
MHS0482;1;18;6;9500;1;1;141.0;1;1;19;1;1;126.7;1;0;0;1;0;1;18;0;0;8;8;7;14.314285714285717;0;0;8;8;7;14.314285714285717;0;12.7;3.7;-1.7;Graduate;0.1091;Aman;0.0305;Aman;validasi silang
MHS0483;1;1;3;9500;1;1;130.0;1;3;1;2;5;133.8;0;0;0;1;0;0;19;0;0;7;0;0;0.0;0;0;8;0;0;0.0;0;7.6;2.6;0.32;Dropout;0.0791;Aman;0.9798;Kritis;validasi silang
MHS0484;1;44;1;9085;1;39;140.0;1;38;38;9;7;140.0;0;0;0;1;0;0;20;0;2;6;9;6;12.666666666666666;0;1;6;12;2;13.0;0;13.9;-0.3;0.79;Enrolled;0.2629;Prioritas;0.8056;Kritis;mahasiswa aktif
MHS0485;1;1;3;9500;1;1;102.0;1;1;19;9;5;100.6;1;0;0;1;0;1;20;0;0;7;9;6;12.766666666666666;0;0;8;10;7;12.128571428571428;0;12.4;0.5;1.79;Graduate;0.0428;Aman;0.0393;Aman;data uji
MHS0486;1;17;1;9853;1;1;126.0;1;1;37;7;9;132.7;0;0;0;1;0;1;18;0;0;6;7;6;12.666666666666666;0;0;6;7;5;12.2;0;10.8;1.4;1.74;Graduate;0.2241;Prioritas;0.1281;Aman;validasi silang
MHS0487;1;43;2;9670;1;1;125.0;1;38;19;4;3;106.6;1;0;0;1;0;0;20;0;4;6;7;6;11.5;0;0;6;10;4;10.571428571428571;0;10.8;1.4;1.74;Dropout;0.2192;Aman;0.2451;Aman;validasi silang
MHS0488;1;39;1;9670;1;1;120.0;1;1;19;5;4;140.4;0;0;0;1;0;0;31;0;2;6;13;5;11.4;0;0;6;14;4;11.75;0;13.9;-0.3;0.79;Dropout;0.3982;Prioritas;0.7082;Kritis;validasi silang
MHS0489;1;17;3;9500;1;1;132.0;1;37;37;9;7;128.3;1;0;0;1;0;1;19;0;0;7;8;7;14.70625;0;0;8;8;8;14.4775;0;15.5;2.8;-4.06;Graduate;0.0955;Aman;0.0366;Aman;validasi silang
MHS0490;1;1;3;9500;1;1;128.0;1;38;38;5;5;118.6;1;0;0;1;0;1;19;0;0;7;9;6;11.814285714285717;0;0;8;8;7;13.542857142857144;0;13.9;-0.3;0.79;Graduate;0.0453;Aman;0.0475;Aman;validasi silang
MHS0491;1;1;1;9070;1;1;115.0;1;19;1;3;8;123.4;0;0;0;1;0;0;23;0;1;6;8;6;13.0;1;0;6;8;6;11.875;0;13.9;-0.3;0.79;Graduate;0.1796;Aman;0.0435;Aman;validasi silang
MHS0492;1;1;1;9670;1;1;125.0;1;37;37;5;5;124.0;0;0;0;1;0;0;19;0;0;6;7;6;14.857142857142858;0;0;6;6;6;13.333333333333334;0;12.4;0.5;1.79;Graduate;0.2539;Prioritas;0.0317;Aman;validasi silang
MHS0493;1;1;6;9500;1;1;137.0;1;1;3;3;2;121.3;1;0;0;1;0;0;20;0;0;7;7;6;12.6;0;0;7;7;6;12.6;0;7.6;2.6;0.32;Graduate;0.11;Aman;0.0398;Aman;validasi silang
MHS0494;1;1;1;9085;1;1;101.0;1;37;37;9;4;101.0;1;0;1;1;0;0;22;0;0;6;9;5;13.333333333333334;0;0;6;17;4;11.4;0;12.4;0.5;1.79;Enrolled;0.5255;Prioritas;0.7922;Kritis;mahasiswa aktif
MHS0495;1;1;1;9853;1;1;126.0;1;3;1;2;5;116.9;1;1;0;1;0;0;18;0;0;7;10;6;10.666666666666666;0;0;7;12;6;12.833333333333334;0;13.9;-0.3;0.79;Enrolled;0.606;Prioritas;0.1356;Aman;mahasiswa aktif
MHS0496;1;7;3;9130;1;3;130.0;1;19;37;90;5;130.0;0;0;1;0;0;0;27;0;1;5;6;2;11.5;0;0;5;5;1;11.0;0;12.7;3.7;-1.7;Dropout;0.9927;Kritis;0.9782;Kritis;validasi silang
MHS0497;1;39;1;9556;1;19;100.0;1;37;38;9;9;120.0;0;0;0;1;0;0;29;0;0;7;9;1;10.0;0;0;7;0;0;0.0;0;12.7;3.7;-1.7;Dropout;0.5075;Prioritas;0.9794;Kritis;validasi silang
MHS0498;1;17;1;9254;1;1;122.0;1;1;19;4;3;130.4;1;0;0;1;0;0;18;0;0;6;10;5;11.8;0;0;6;10;5;12.2;0;11.1;0.6;2.02;Graduate;0.3642;Prioritas;0.0771;Aman;validasi silang
MHS0499;1;17;1;9070;1;1;126.0;1;19;38;9;7;118.7;0;0;0;1;0;0;18;0;0;6;7;5;11.8;0;0;6;6;6;12.666666666666666;0;16.2;0.3;-0.92;Graduate;0.3155;Prioritas;0.0321;Aman;validasi silang
MHS0500;1;17;1;9500;1;1;128.0;1;38;38;7;7;131.5;0;0;0;1;0;0;18;0;0;8;8;8;12.77125;0;0;8;8;8;12.77125;0;9.4;-0.8;-3.12;Graduate;0.1795;Aman;0.0275;Aman;validasi silang
MHS0501;1;17;3;9085;1;1;134.0;1;37;38;9;9;120.4;1;0;0;1;0;0;20;0;0;5;13;3;11.333333333333334;2;0;5;8;5;12.6;0;9.4;-0.8;-3.12;Enrolled;0.2692;Prioritas;0.0756;Aman;mahasiswa aktif
MHS0502;1;17;2;9254;1;1;128.0;1;38;38;9;9;129.1;1;0;0;1;0;0;18;0;0;6;6;6;12.666666666666666;0;0;6;7;5;14.6;0;11.1;0.6;2.02;Graduate;0.2594;Prioritas;0.052;Aman;validasi silang
MHS0503;1;1;1;9070;1;1;125.0;1;1;1;4;4;132.0;0;0;0;0;0;0;18;0;1;6;10;5;12.2;1;0;6;11;4;10.833333333333334;0;13.9;-0.3;0.79;Enrolled;0.7995;Kritis;0.9375;Kritis;mahasiswa aktif
MHS0504;1;7;2;9085;1;3;130.0;1;3;3;1;1;130.0;0;0;0;0;0;0;28;0;0;5;9;1;12.0;1;0;4;10;0;0.0;4;10.8;1.4;1.74;Dropout;0.8441;Kritis;0.9795;Kritis;validasi silang
MHS0505;1;1;2;9500;1;1;135.0;1;37;1;7;7;132.8;1;0;0;1;0;1;18;0;0;8;12;7;11.721428571428572;0;0;8;12;7;11.721428571428572;0;12.7;3.7;-1.7;Graduate;0.0491;Aman;0.038;Aman;data uji
MHS0506;1;39;1;9500;1;19;133.1;1;37;38;151;161;143.7;0;0;0;1;0;0;27;0;0;7;12;4;14.0;0;0;7;14;3;12.525;0;12.4;0.5;1.79;Enrolled;0.2398;Prioritas;0.9663;Kritis;mahasiswa aktif
MHS0507;1;39;1;33;1;1;140.0;1;3;1;2;4;152.8;0;0;0;1;0;0;26;0;0;7;9;7;14.75;0;0;7;12;5;13.8;3;16.2;0.3;-0.92;Enrolled;0.593;Prioritas;0.1563;Aman;mahasiswa aktif
MHS0508;1;1;2;9773;1;1;138.0;1;19;1;9;3;133.5;1;0;0;1;0;0;18;0;0;6;6;6;12.666666666666666;0;0;6;6;6;13.666666666666666;0;12.7;3.7;-1.7;Graduate;0.2185;Aman;0.0505;Aman;validasi silang
MHS0509;1;1;1;9130;1;1;150.0;1;5;5;2;2;146.2;0;0;0;1;0;0;18;0;0;5;12;4;13.0;2;0;5;6;5;14.0;0;9.4;-0.8;-3.12;Dropout;0.3329;Prioritas;0.0751;Aman;validasi silang
MHS0510;1;1;2;9147;1;1;125.0;1;1;19;4;6;115.2;0;1;0;1;0;0;21;0;0;5;6;0;0.0;0;0;5;5;0;0.0;0;15.5;2.8;-4.06;Dropout;0.3197;Prioritas;0.9789;Kritis;data uji
MHS0511;1;1;2;9070;1;1;121.0;1;4;1;2;3;120.7;1;0;0;1;0;0;18;0;0;6;8;4;10.75;0;0;6;9;0;0.0;0;9.4;-0.8;-3.12;Enrolled;0.1446;Aman;0.9778;Kritis;mahasiswa aktif
MHS0512;2;39;1;8014;0;1;120.0;1;34;34;99;99;101.8;0;0;0;0;0;0;32;0;0;5;5;0;0.0;0;0;5;10;0;0.0;0;10.8;1.4;1.74;Dropout;0.9625;Kritis;0.9796;Kritis;validasi silang
MHS0513;1;39;2;9670;1;1;140.0;1;34;34;0;0;100.0;0;0;0;1;0;0;28;0;0;5;6;4;12.5;0;0;5;7;4;11.75;0;7.6;2.6;0.32;Graduate;0.8312;Kritis;0.1476;Aman;validasi silang
MHS0514;1;39;1;9991;0;1;100.0;1;37;19;9;2;121.9;0;0;0;0;0;0;40;0;0;4;4;0;0.0;0;0;5;0;0;0.0;0;12.7;3.7;-1.7;Dropout;0.9471;Kritis;0.98;Kritis;data uji
MHS0515;2;18;2;8014;0;1;140.0;1;37;37;9;10;120.4;0;0;1;0;0;0;39;0;0;5;5;0;0.0;0;0;4;4;0;0.0;0;9.4;-0.8;-3.12;Dropout;0.851;Kritis;0.9796;Kritis;validasi silang
MHS0516;2;18;2;9238;1;1;140.0;1;37;37;9;10;120.4;0;0;1;0;0;0;39;0;0;6;0;0;0.0;0;0;6;0;0;0.0;0;9.4;-0.8;-3.12;Dropout;0.869;Kritis;0.9788;Kritis;validasi silang
MHS0517;2;39;1;9003;1;1;120.0;1;37;19;9;4;148.8;0;0;0;1;0;0;50;0;0;6;7;6;12.5;0;0;6;15;5;12.4;0;8.9;1.4;3.51;Graduate;0.2056;Aman;0.1128;Aman;validasi silang
MHS0518;1;17;2;9853;1;1;138.0;1;1;1;9;4;123.0;1;0;0;1;0;0;23;0;0;6;10;5;12.8;0;0;6;9;3;11.666666666666666;0;10.8;1.4;1.74;Dropout;0.6921;Kritis;0.7885;Kritis;validasi silang
MHS0519;4;39;1;8014;0;19;133.1;1;34;34;0;0;100.0;0;0;0;1;0;0;48;0;0;6;11;1;10.0;0;0;6;11;1;11.0;0;9.4;-0.8;-3.12;Dropout;0.8371;Kritis;0.9767;Kritis;validasi silang
MHS0520;1;17;2;9853;1;1;118.0;1;37;37;9;9;112.1;1;0;0;1;0;0;23;0;0;6;11;4;11.25;0;0;6;10;5;10.2;0;7.6;2.6;0.32;Dropout;0.6003;Prioritas;0.4765;Prioritas;validasi silang
MHS0521;1;1;6;9500;1;1;135.0;1;37;1;5;5;126.8;1;0;0;1;0;1;18;0;0;8;8;7;12.61;0;0;8;8;7;12.61;0;10.8;1.4;1.74;Graduate;0.0529;Aman;0.0303;Aman;data uji
MHS0522;1;17;1;9130;1;1;130.0;1;3;19;2;9;115.9;0;0;0;1;0;0;18;0;0;5;14;2;12.0;2;0;5;6;5;12.6;0;9.4;-0.8;-3.12;Graduate;0.4842;Prioritas;0.2997;Aman;data uji
MHS0523;1;15;1;9238;1;1;150.0;26;3;37;2;8;132.5;1;0;0;0;0;0;20;1;0;6;9;5;13.0;0;0;6;7;6;13.5;0;13.9;-0.3;0.79;Graduate;0.4473;Prioritas;0.3837;Aman;validasi silang
MHS0524;1;18;3;9085;1;1;149.0;103;1;1;9;9;132.2;1;0;0;1;0;1;18;1;0;5;9;4;12.0;0;0;5;8;5;13.0;0;10.8;1.4;1.74;Graduate;0.0877;Aman;0.0652;Aman;validasi silang
MHS0525;1;1;1;9556;1;1;180.0;103;5;3;1;1;183.5;1;0;0;1;0;0;18;1;0;7;8;4;12.0;0;0;8;8;0;0.0;0;16.2;0.3;-0.92;Dropout;0.0903;Aman;0.979;Kritis;validasi silang
MHS0526;1;43;1;9119;1;1;133.1;1;1;1;9;3;136.0;0;0;0;1;1;0;31;0;0;5;12;1;12.0;0;0;5;9;1;11.0;4;16.2;0.3;-0.92;Dropout;0.7596;Kritis;0.9759;Kritis;validasi silang
MHS0527;1;39;1;9119;1;19;133.1;1;19;19;5;3;100.9;1;0;0;1;1;0;24;0;0;5;9;1;12.0;0;0;5;6;3;10.5;0;10.8;1.4;1.74;Enrolled;0.9132;Kritis;0.9741;Kritis;mahasiswa aktif
MHS0528;1;39;1;171;1;1;145.0;1;3;1;2;10;114.5;1;0;0;1;1;0;24;0;0;0;0;0;0.0;0;0;0;0;0;0.0;0;9.4;-0.8;-3.12;Graduate;0.7966;Kritis;0.8242;Kritis;validasi silang
MHS0529;1;39;1;9147;1;1;110.0;1;37;37;9;9;110.3;0;0;1;0;1;0;26;0;0;5;5;0;0.0;0;0;5;9;0;0.0;0;10.8;1.4;1.74;Dropout;0.9926;Kritis;0.9799;Kritis;validasi silang
MHS0530;1;1;1;9130;1;1;154.0;1;3;3;2;2;137.2;1;0;1;1;1;0;18;0;0;6;11;5;13.625;0;0;6;9;4;11.75;0;16.2;0.3;-0.92;Dropout;0.7833;Kritis;0.7392;Kritis;data uji
MHS0531;1;17;1;9147;1;1;126.0;1;37;37;4;7;116.9;0;0;0;1;1;1;19;0;0;5;12;3;11.666666666666666;0;0;5;10;3;11.666666666666666;0;12.7;3.7;-1.7;Enrolled;0.3116;Prioritas;0.7566;Kritis;mahasiswa aktif
MHS0532;1;17;1;9670;1;1;133.0;1;19;37;9;8;121.8;1;0;0;1;1;0;22;0;0;6;0;0;0.0;0;0;6;0;0;0.0;0;13.9;-0.3;0.79;Dropout;0.4161;Prioritas;0.9794;Kritis;validasi silang
MHS0533;1;1;2;9500;1;1;145.0;1;4;2;2;3;127.3;1;0;0;1;1;0;18;0;0;8;8;7;11.69;0;0;8;8;7;11.69;0;10.8;1.4;1.74;Graduate;0.2464;Prioritas;0.0361;Aman;data uji
MHS0534;1;44;1;9070;1;39;120.0;1;1;19;4;7;120.0;0;0;1;0;1;0;20;0;0;6;11;0;0.0;6;0;6;12;0;0.0;12;16.2;0.3;-0.92;Dropout;0.9757;Kritis;0.9788;Kritis;validasi silang
MHS0535;1;44;1;171;1;39;150.0;1;4;4;2;2;150.0;0;0;0;1;1;0;25;0;0;0;0;0;0.0;0;0;0;0;0;0.0;0;15.5;2.8;-4.06;Graduate;0.6448;Prioritas;0.7045;Kritis;data uji
MHS0536;1;43;1;9991;0;1;150.0;1;3;3;4;4;100.0;1;0;0;1;1;0;24;0;0;5;10;4;11.5;0;0;5;11;5;11.285714285714286;0;13.9;-0.3;0.79;Graduate;0.7249;Kritis;0.3094;Aman;validasi silang
MHS0537;1;39;1;9119;1;1;150.0;1;3;3;4;4;150.0;1;0;0;1;1;0;27;0;0;5;10;1;14.0;0;0;5;0;0;0.0;0;8.9;1.4;3.51;Dropout;0.7968;Kritis;0.9801;Kritis;data uji
MHS0538;1;17;1;9254;1;1;127.0;1;3;19;4;4;116.9;0;0;0;1;1;0;21;0;0;6;7;5;11.0;0;0;6;7;5;12.4;0;15.5;2.8;-4.06;Graduate;0.6958;Kritis;0.0903;Aman;data uji
MHS0539;1;44;1;9003;1;39;140.0;1;19;38;3;9;140.0;1;0;0;1;1;0;21;0;0;6;7;6;12.857142857142858;0;0;6;6;6;13.166666666666666;0;12.4;0.5;1.79;Graduate;0.2495;Prioritas;0.0333;Aman;validasi silang
MHS0540;1;18;3;9773;1;1;128.0;1;19;1;9;9;122.1;1;0;0;1;1;0;19;0;0;6;9;4;12.5;0;0;6;6;6;11.333333333333334;0;10.8;1.4;1.74;Dropout;0.5585;Prioritas;0.1716;Aman;validasi silang
MHS0541;1;39;1;9500;1;1;127.0;1;19;19;5;5;160.0;0;0;0;1;1;0;28;0;0;7;7;7;14.528571428571428;0;0;8;11;8;15.018181818181818;0;16.2;0.3;-0.92;Graduate;0.4497;Prioritas;0.0469;Aman;validasi silang
MHS0542;1;1;1;9147;1;1;117.0;1;19;19;5;7;118.4;0;0;0;1;1;0;20;0;0;5;8;5;10.0;0;0;5;10;2;12.0;0;7.6;2.6;0.32;Enrolled;0.4516;Prioritas;0.8853;Kritis;mahasiswa aktif
MHS0543;1;44;1;9003;1;39;150.0;1;1;19;4;10;150.0;0;0;0;1;1;1;21;0;0;6;8;6;13.0;0;0;6;10;6;12.625;0;15.5;2.8;-4.06;Graduate;0.104;Aman;0.0374;Aman;validasi silang
MHS0544;1;1;1;9500;1;1;154.0;1;1;1;5;3;144.9;0;0;0;1;1;1;18;0;0;7;7;7;15.957142857142856;0;0;8;9;8;15.188888888888888;0;16.2;0.3;-0.92;Graduate;0.0862;Aman;0.0344;Aman;validasi silang
MHS0545;1;17;2;9119;1;1;127.0;1;19;1;9;10;121.1;1;0;0;1;1;1;18;0;0;5;6;5;13.2;0;0;5;8;5;12.6;0;8.9;1.4;3.51;Enrolled;0.3942;Prioritas;0.0772;Aman;mahasiswa aktif
MHS0546;1;1;2;9147;1;1;133.0;1;19;1;5;10;121.8;0;0;0;1;1;0;20;0;0;5;9;4;10.2;0;0;5;6;3;11.0;0;15.5;2.8;-4.06;Enrolled;0.5947;Prioritas;0.8668;Kritis;mahasiswa aktif
MHS0547;1;39;1;9119;1;40;120.0;1;1;1;5;10;146.8;0;0;0;1;1;0;25;0;2;5;6;5;14.2;0;1;5;5;2;13.5;0;16.2;0.3;-0.92;Enrolled;0.8413;Kritis;0.85;Kritis;mahasiswa aktif
MHS0548;1;1;1;9670;1;1;133.1;1;38;19;5;6;138.0;0;0;1;1;1;0;22;0;0;6;8;6;12.625;0;0;6;11;2;14.5;0;11.1;0.6;2.02;Enrolled;0.3787;Prioritas;0.9085;Kritis;mahasiswa aktif
MHS0549;1;1;1;9500;1;1;149.0;1;37;37;9;9;138.0;0;0;0;1;1;0;18;0;0;8;11;6;13.496666666666668;1;0;8;11;6;13.496666666666668;1;9.4;-0.8;-3.12;Enrolled;0.1725;Aman;0.5309;Prioritas;mahasiswa aktif
MHS0550;1;17;2;9147;1;1;125.0;1;19;38;9;7;116.3;1;0;0;1;1;0;19;0;0;5;8;5;13.25;0;0;5;8;5;11.0;0;13.9;-0.3;0.79;Graduate;0.6485;Prioritas;0.0567;Aman;validasi silang
MHS0551;1;1;5;9119;1;1;126.0;1;12;19;4;5;122.5;1;0;0;1;1;0;19;0;0;5;12;3;12.0;0;0;5;10;3;12.0;0;12.4;0.5;1.79;Dropout;0.7174;Kritis;0.9385;Kritis;validasi silang
MHS0552;1;39;1;9773;1;19;133.1;1;19;1;7;9;115.0;1;0;1;0;1;0;25;0;0;6;10;4;13.0;0;0;6;9;4;13.75;0;12.7;3.7;-1.7;Dropout;0.9927;Kritis;0.9698;Kritis;validasi silang
MHS0553;1;43;1;9070;1;1;115.0;1;12;12;1;10;115.0;0;0;1;1;1;0;21;0;5;11;12;9;11.77777777777778;0;3;8;11;3;13.666666666666666;0;15.5;2.8;-4.06;Dropout;0.7058;Kritis;0.892;Kritis;data uji
MHS0554;1;17;3;9119;1;1;117.0;1;1;2;3;2;119.8;1;0;0;1;1;0;19;0;0;5;10;2;11.0;0;0;6;10;0;0.0;0;11.1;0.6;2.02;Dropout;0.8255;Kritis;0.9798;Kritis;validasi silang
MHS0555;1;17;2;9147;1;1;133.1;1;1;1;4;4;95.0;0;0;0;1;1;0;20;0;0;5;14;0;0.0;0;0;5;5;0;0.0;0;11.1;0.6;2.02;Dropout;0.738;Kritis;0.9795;Kritis;validasi silang
MHS0556;1;44;1;9003;1;39;150.0;1;3;2;2;2;150.0;0;0;0;1;1;0;25;0;9;14;16;14;12.428571428571429;0;3;9;13;6;10.857142857142858;0;15.5;2.8;-4.06;Dropout;0.5477;Prioritas;0.2764;Aman;data uji
MHS0557;1;17;1;9147;1;1;130.0;1;19;1;7;4;117.8;1;0;0;1;1;0;20;0;0;5;8;3;11.0;0;0;5;11;3;12.0;0;10.8;1.4;1.74;Enrolled;0.7311;Kritis;0.9691;Kritis;mahasiswa aktif
MHS0558;1;1;1;171;1;1;161.0;1;37;37;9;9;144.2;1;0;0;1;1;0;18;0;0;0;0;0;0.0;0;0;0;0;0;0.0;0;7.6;2.6;0.32;Graduate;0.3526;Prioritas;0.4594;Prioritas;validasi silang
MHS0559;1;44;1;9254;1;39;130.0;1;39;39;194;193;130.0;1;0;1;1;1;0;23;0;0;6;12;3;11.5;0;0;6;12;3;10.666666666666666;0;8.9;1.4;3.51;Enrolled;0.8063;Kritis;0.9658;Kritis;mahasiswa aktif
MHS0560;1;42;1;9500;1;1;111.0;1;1;3;9;10;128.2;1;0;0;1;1;0;23;0;0;8;8;8;12.5075;0;0;8;8;8;12.5075;0;9.4;-0.8;-3.12;Graduate;0.2027;Aman;0.0432;Aman;validasi silang
MHS0561;1;53;1;9003;1;42;140.0;1;3;38;141;151;135.3;0;0;0;1;1;0;21;0;7;12;18;11;12.090909090909092;0;5;12;14;11;12.0;0;8.9;1.4;3.51;Graduate;0.1888;Aman;0.0556;Aman;validasi silang
MHS0562;1;1;1;9130;1;1;132.0;1;1;1;3;3;143.9;1;0;0;1;1;0;20;0;0;5;14;2;11.0;3;0;5;9;3;12.666666666666666;0;9.4;-0.8;-3.12;Enrolled;0.4127;Prioritas;0.9524;Kritis;mahasiswa aktif
MHS0563;1;39;1;9991;0;1;139.0;1;1;1;4;10;140.7;0;0;0;1;1;0;25;0;0;5;13;1;10.0;0;0;5;8;2;11.333333333333334;0;12.4;0.5;1.79;Dropout;0.6303;Prioritas;0.9786;Kritis;data uji
MHS0564;1;1;1;9130;1;1;132.0;1;19;38;9;9;130.4;1;0;0;1;1;0;18;0;0;6;6;6;13.5;0;0;6;9;5;13.2;0;8.9;1.4;3.51;Graduate;0.3864;Prioritas;0.0518;Aman;validasi silang
MHS0565;1;1;6;9070;1;6;119.0;1;1;1;9;9;123.2;1;0;0;1;1;0;22;0;0;6;6;6;14.166666666666666;0;0;6;8;6;13.625;0;10.8;1.4;1.74;Graduate;0.3672;Prioritas;0.0442;Aman;validasi silang
MHS0566;1;39;1;9670;1;1;133.1;1;19;19;3;9;118.0;0;0;0;1;1;0;27;0;0;6;7;6;14.0;0;0;6;7;6;14.714285714285714;0;8.9;1.4;3.51;Graduate;0.5029;Prioritas;0.0416;Aman;validasi silang
MHS0567;1;39;1;9003;1;19;133.1;1;4;1;2;4;120.0;0;0;0;1;1;0;25;0;0;3;4;0;0.0;0;0;3;5;0;0.0;0;16.2;0.3;-0.92;Dropout;0.6453;Prioritas;0.9748;Kritis;validasi silang
MHS0568;1;17;4;9119;1;1;129.0;1;34;36;0;5;118.9;1;0;0;1;1;0;18;0;0;5;9;3;11.666666666666666;0;0;5;10;3;11.333333333333334;4;7.6;2.6;0.32;Dropout;0.9508;Kritis;0.9467;Kritis;data uji
MHS0569;1;17;1;9085;1;1;128.0;1;38;19;8;8;117.2;0;0;0;1;1;0;20;0;0;5;7;5;14.6;1;0;5;5;5;14.2;0;12.7;3.7;-1.7;Graduate;0.6451;Prioritas;0.0581;Aman;validasi silang
MHS0570;1;39;1;9003;1;1;120.0;1;3;4;2;2;120.0;0;0;0;1;1;0;27;0;0;6;10;5;13.0;0;0;6;13;5;11.5;0;16.2;0.3;-0.92;Graduate;0.6983;Kritis;0.2149;Aman;validasi silang
MHS0571;1;1;1;8014;0;1;130.0;1;1;1;9;9;118.1;0;0;0;1;1;0;20;0;0;6;7;6;12.166666666666666;0;0;6;9;6;12.0;0;7.6;2.6;0.32;Graduate;0.203;Aman;0.034;Aman;validasi silang
MHS0572;1;1;1;9147;1;1;130.0;1;38;37;9;9;124.8;1;0;0;1;1;0;22;0;0;5;9;0;0.0;0;0;5;5;1;12.0;0;7.6;2.6;0.32;Dropout;0.3292;Prioritas;0.9799;Kritis;validasi silang
MHS0573;1;17;6;9119;1;1;111.0;1;19;3;5;10;106.5;1;0;0;1;1;0;19;0;0;5;10;3;10.5;0;0;5;11;3;10.8;0;12.4;0.5;1.79;Dropout;0.8136;Kritis;0.9542;Kritis;validasi silang
MHS0574;1;1;6;9147;1;1;121.0;1;3;19;4;5;116.8;0;0;0;1;1;0;20;0;0;5;14;3;12.4;0;0;5;8;5;10.833333333333334;0;13.9;-0.3;0.79;Enrolled;0.5398;Prioritas;0.1836;Aman;mahasiswa aktif
MHS0575;1;43;4;171;1;1;117.0;1;19;12;9;10;109.3;0;0;0;1;1;0;19;0;0;0;0;0;0.0;0;0;0;0;0;0.0;0;9.4;-0.8;-3.12;Graduate;0.5157;Prioritas;0.843;Kritis;validasi silang
MHS0576;2;39;1;9085;1;9;133.1;1;1;1;4;4;120.0;1;0;0;0;1;0;29;0;0;5;12;0;0.0;4;0;5;8;0;0.0;1;9.4;-0.8;-3.12;Dropout;0.974;Kritis;0.9799;Kritis;validasi silang
MHS0577;1;1;2;9500;1;1;149.0;1;3;1;9;9;137.5;0;0;0;1;1;0;19;0;0;8;8;7;13.828571428571427;0;0;8;8;7;13.828571428571427;0;12.7;3.7;-1.7;Graduate;0.1391;Aman;0.03;Aman;validasi silang
MHS0578;1;39;2;9991;0;1;172.0;1;19;37;9;8;150.0;1;0;0;1;0;1;28;0;0;5;7;5;10.6;0;0;5;6;5;10.2;0;9.4;-0.8;-3.12;Enrolled;0.1991;Aman;0.0689;Aman;mahasiswa aktif
MHS0579;2;1;1;9238;1;1;134.0;1;37;37;5;5;120.4;0;0;0;1;0;0;20;0;0;6;7;6;11.5;0;0;6;6;6;11.666666666666666;0;7.6;2.6;0.32;Graduate;0.0895;Aman;0.0299;Aman;data uji
MHS0580;1;1;4;9070;1;1;136.0;1;37;37;9;8;136.7;1;0;0;1;0;0;20;0;0;6;6;4;13.5;0;0;6;8;6;13.625;0;10.8;1.4;1.74;Graduate;0.1238;Aman;0.0591;Aman;validasi silang
MHS0581;1;39;1;8014;0;1;133.1;1;34;5;0;1;118.5;1;0;0;1;0;0;31;0;0;6;12;0;0.0;0;0;6;0;0;0.0;0;7.6;2.6;0.32;Dropout;0.6179;Prioritas;0.979;Kritis;validasi silang
MHS0582;1;17;5;9500;1;1;141.0;1;12;1;5;5;133.0;1;0;0;1;0;0;18;0;0;7;8;7;12.5375;0;0;8;9;7;12.614285714285714;0;13.9;-0.3;0.79;Graduate;0.3416;Prioritas;0.0981;Aman;data uji
MHS0583;1;17;1;9670;1;1;141.0;1;1;19;8;7;128.8;1;0;0;1;0;0;19;0;0;6;6;6;14.833333333333334;0;0;6;8;6;13.285714285714286;0;8.9;1.4;3.51;Enrolled;0.3685;Prioritas;0.0318;Aman;mahasiswa aktif
MHS0584;1;1;1;9147;1;1;148.0;1;37;38;9;8;133.0;1;0;0;1;0;0;18;0;0;5;10;4;12.0;0;0;5;9;4;12.8;0;13.9;-0.3;0.79;Graduate;0.249;Prioritas;0.1193;Aman;validasi silang
MHS0585;1;17;1;9254;1;1;102.0;1;37;37;7;7;102.0;0;0;0;1;0;0;19;0;0;6;8;5;11.8;0;0;6;8;5;11.6;0;10.8;1.4;1.74;Graduate;0.5044;Prioritas;0.1003;Aman;data uji
MHS0586;1;1;1;9147;1;1;143.0;1;1;19;3;3;133.9;0;0;0;1;0;1;18;0;0;5;5;5;15.0;0;0;5;5;5;15.2;0;12.7;3.7;-1.7;Graduate;0.0745;Aman;0.0461;Aman;validasi silang
MHS0587;1;17;1;9085;1;1;120.0;1;38;19;90;90;127.0;0;0;0;1;0;0;19;0;0;5;7;3;12.0;0;0;5;7;5;13.2;0;7.6;2.6;0.32;Graduate;0.3042;Prioritas;0.0439;Aman;validasi silang
MHS0588;1;17;1;9773;1;1;121.0;1;38;38;9;8;120.4;1;0;0;1;0;1;18;0;0;6;6;6;12.833333333333334;0;0;6;7;6;12.285714285714286;0;15.5;2.8;-4.06;Graduate;0.1228;Aman;0.0332;Aman;validasi silang
MHS0589;1;1;3;9254;1;1;122.0;1;37;37;9;3;124.5;1;0;0;1;0;0;19;0;0;6;12;6;11.666666666666666;0;0;6;14;3;12.0;0;7.6;2.6;0.32;Graduate;0.2642;Prioritas;0.2982;Aman;validasi silang
MHS0590;1;1;4;9556;1;1;122.0;1;37;1;5;4;123.9;0;0;0;1;0;0;19;0;0;7;9;7;12.1625;0;0;8;8;8;13.825;0;13.9;-0.3;0.79;Graduate;0.4357;Prioritas;0.0452;Aman;validasi silang
MHS0591;1;1;2;9670;1;1;123.0;1;19;1;9;3;117.8;1;0;0;1;0;0;18;0;0;6;6;6;13.833333333333334;0;0;6;11;6;14.555555555555555;0;10.8;1.4;1.74;Graduate;0.1941;Aman;0.0634;Aman;data uji
MHS0592;1;1;1;9500;1;1;133.0;1;3;19;2;8;126.7;0;0;0;1;0;0;19;0;0;7;12;4;12.45;0;0;7;11;5;11.7;0;16.2;0.3;-0.92;Enrolled;0.1423;Aman;0.6916;Kritis;mahasiswa aktif
MHS0593;1;44;1;9670;1;39;110.0;1;37;1;9;4;110.0;0;0;0;1;0;1;20;0;2;6;9;6;12.125;0;2;6;7;6;13.571428571428571;0;11.1;0.6;2.02;Graduate;0.1674;Aman;0.0342;Aman;validasi silang
MHS0594;1;17;1;9670;1;1;155.0;1;1;19;4;8;134.7;1;0;0;1;0;0;20;0;0;6;8;5;13.4;0;0;6;10;4;13.0;0;12.7;3.7;-1.7;Enrolled;0.2519;Prioritas;0.2973;Aman;mahasiswa aktif
MHS0595;1;17;1;9003;1;1;119.0;1;37;37;4;6;113.2;0;0;1;1;0;0;20;0;0;6;8;6;13.333333333333334;0;0;6;8;5;14.0;0;11.1;0.6;2.02;Enrolled;0.331;Prioritas;0.1157;Aman;mahasiswa aktif
MHS0596;1;39;1;9991;0;3;120.0;1;37;37;9;9;141.0;0;0;0;1;0;0;29;0;10;15;15;11;11.454545454545457;0;9;13;16;11;11.545454545454543;0;10.8;1.4;1.74;Dropout;0.4767;Prioritas;0.5348;Prioritas;validasi silang
MHS0597;1;17;1;9853;1;1;133.1;1;38;12;7;0;111.5;0;0;0;0;0;1;20;0;0;6;10;4;12.0;0;0;6;14;3;10.0;0;7.6;2.6;0.32;Dropout;0.8112;Kritis;0.9576;Kritis;validasi silang
MHS0598;4;39;1;9853;1;1;143.0;1;37;1;9;10;140.0;0;0;1;0;0;0;31;0;0;7;8;6;12.666666666666666;0;0;7;9;5;12.6;0;8.9;1.4;3.51;Dropout;0.9855;Kritis;0.9386;Kritis;validasi silang
MHS0599;1;17;1;9670;1;1;149.0;1;19;37;7;4;134.3;0;1;0;1;0;0;20;0;0;6;7;6;12.666666666666666;0;0;6;9;6;13.77777777777778;0;10.8;1.4;1.74;Graduate;0.3565;Prioritas;0.0481;Aman;validasi silang
MHS0600;1;17;1;9003;1;1;133.0;1;38;37;9;9;125.3;1;0;0;1;0;0;21;0;12;18;22;18;11.88888888888889;1;11;13;13;13;11.461538461538462;0;15.5;2.8;-4.06;Graduate;0.1966;Aman;0.0411;Aman;validasi silang
MHS0601;1;7;1;9130;1;3;140.0;1;19;38;9;9;140.0;1;0;0;1;0;0;23;0;0;6;0;0;0.0;0;0;6;0;0;0.0;0;12.4;0.5;1.79;Dropout;0.581;Prioritas;0.9801;Kritis;data uji
MHS0602;1;17;5;9070;1;1;122.0;1;19;38;5;7;119.6;0;0;1;0;0;0;21;0;0;6;6;4;13.0;0;0;6;8;4;11.6;0;10.8;1.4;1.74;Dropout;0.9348;Kritis;0.9582;Kritis;validasi silang
MHS0603;1;7;1;9500;1;40;170.0;1;1;1;9;4;170.0;0;0;0;1;0;0;24;0;4;7;7;7;16.885714285714283;0;3;8;9;8;15.744444444444444;0;16.2;0.3;-0.92;Graduate;0.3533;Prioritas;0.0461;Aman;validasi silang
MHS0604;1;39;1;8014;0;1;120.0;1;1;1;4;4;150.5;0;0;0;1;0;0;27;0;0;6;6;6;12.5;0;1;6;6;6;12.333333333333334;0;15.5;2.8;-4.06;Graduate;0.2788;Prioritas;0.059;Aman;validasi silang
MHS0605;1;1;1;9500;1;1;143.0;1;1;37;3;8;128.0;0;0;0;1;0;1;18;0;0;7;9;7;13.055555555555555;0;0;8;8;8;15.8125;0;13.9;-0.3;0.79;Graduate;0.032;Aman;0.0289;Aman;validasi silang
MHS0606;1;1;3;171;1;1;115.0;1;9;1;6;6;108.7;1;0;0;0;0;0;21;0;0;0;0;0;0.0;0;0;0;0;0;0.0;0;9.4;-0.8;-3.12;Dropout;0.8327;Kritis;0.9286;Kritis;validasi silang
MHS0607;1;17;1;9130;1;1;123.0;1;19;3;3;2;121.6;1;0;1;1;0;1;19;0;0;5;7;0;0.0;0;0;5;5;0;0.0;0;7.6;2.6;0.32;Dropout;0.2149;Aman;0.976;Kritis;validasi silang
MHS0608;1;1;6;9500;1;1;131.0;1;38;19;7;7;125.3;1;0;0;1;0;1;19;0;0;8;8;7;12.355714285714283;0;0;8;8;7;12.355714285714283;0;10.8;1.4;1.74;Graduate;0.0339;Aman;0.0275;Aman;validasi silang
MHS0609;1;17;1;9085;1;1;127.0;1;19;38;194;193;117.6;0;0;0;1;0;0;18;0;0;6;0;0;0.0;0;0;6;0;0;0.0;0;12.4;0.5;1.79;Dropout;0.1581;Aman;0.9791;Kritis;validasi silang
MHS0610;1;43;3;9500;1;1;126.0;1;38;37;6;5;124.3;1;0;0;1;0;1;18;0;0;7;8;5;11.98;0;0;7;8;5;11.98;0;7.6;2.6;0.32;Enrolled;0.0292;Aman;0.2298;Aman;mahasiswa aktif
MHS0611;1;1;2;9853;1;1;112.0;1;37;37;191;182;106.1;1;0;1;1;0;1;20;0;0;7;7;7;13.857142857142858;0;0;7;8;7;12.571428571428571;0;8.9;1.4;3.51;Graduate;0.3306;Prioritas;0.0446;Aman;data uji
MHS0612;2;1;1;8014;0;1;150.0;1;1;37;4;7;139.9;1;0;0;1;0;0;24;0;0;6;9;5;13.0;0;0;6;6;6;14.166666666666666;0;9.4;-0.8;-3.12;Graduate;0.0829;Aman;0.0449;Aman;validasi silang
MHS0613;1;1;1;9070;1;1;116.0;1;1;1;1;1;110.8;1;0;0;1;0;0;20;0;0;6;6;6;12.833333333333334;0;0;6;10;6;11.166666666666666;0;12.4;0.5;1.79;Graduate;0.2292;Prioritas;0.0669;Aman;validasi silang
MHS0614;1;17;3;9147;1;1;118.0;1;1;19;5;7;118.0;0;0;0;1;0;0;20;0;0;5;11;4;11.0;0;0;5;7;5;13.2;0;12.4;0.5;1.79;Enrolled;0.4657;Prioritas;0.0463;Aman;mahasiswa aktif
MHS0615;1;1;1;9500;1;1;130.0;1;19;37;9;9;117.8;1;0;0;1;0;1;19;0;0;8;8;7;12.357142857142858;0;0;8;8;7;12.357142857142858;0;12.7;3.7;-1.7;Graduate;0.032;Aman;0.0307;Aman;validasi silang
MHS0616;1;1;6;9500;1;1;144.0;1;1;37;9;9;127.5;1;0;0;1;0;1;18;0;0;8;8;7;13.857142857142858;0;0;8;8;7;13.857142857142858;0;12.7;3.7;-1.7;Graduate;0.0315;Aman;0.0273;Aman;validasi silang
MHS0617;1;17;2;9238;1;3;105.0;1;37;37;7;8;129.7;1;0;0;1;0;1;20;0;0;6;6;6;12.333333333333334;0;0;6;6;6;10.666666666666666;0;9.4;-0.8;-3.12;Graduate;0.0462;Aman;0.0318;Aman;validasi silang
MHS0618;1;17;1;9500;1;1;143.0;1;37;37;9;8;130.6;1;0;0;1;0;0;20;0;0;7;8;7;12.847142857142858;0;0;8;10;8;13.788888888888888;0;16.2;0.3;-0.92;Graduate;0.1734;Aman;0.0319;Aman;validasi silang
MHS0619;1;17;2;9500;1;1;137.0;1;19;37;4;7;126.3;1;0;0;1;0;1;19;0;0;7;9;6;12.339999999999998;0;0;8;9;8;13.01875;0;11.1;0.6;2.02;Graduate;0.0567;Aman;0.0705;Aman;validasi silang
MHS0620;1;44;1;9085;1;39;140.0;1;3;1;2;3;140.0;1;0;0;1;0;0;19;0;0;6;10;5;12.666666666666666;0;0;6;19;4;11.75;0;12.4;0.5;1.79;Enrolled;0.3257;Prioritas;0.3968;Aman;mahasiswa aktif
MHS0621;1;1;1;9773;1;1;133.1;1;3;19;4;5;105.0;1;0;0;1;0;0;20;0;0;6;6;6;13.833333333333334;0;0;6;6;6;12.5;0;12.7;3.7;-1.7;Graduate;0.2674;Prioritas;0.0394;Aman;validasi silang
MHS0622;1;17;2;9147;1;1;116.0;1;1;38;4;3;114.6;1;0;0;1;0;0;19;0;0;5;15;2;10.75;0;0;5;11;2;10.0;0;13.9;-0.3;0.79;Dropout;0.4237;Prioritas;0.9721;Kritis;validasi silang
MHS0623;1;17;5;9853;1;1;117.0;1;38;38;9;7;114.6;1;0;0;1;0;0;19;0;0;6;11;4;13.25;0;0;6;10;4;10.25;0;9.4;-0.8;-3.12;Dropout;0.503;Prioritas;0.7107;Kritis;validasi silang
MHS0624;1;17;1;9500;1;1;137.0;1;38;37;7;5;131.0;1;0;0;1;0;1;18;0;0;8;8;8;13.73125;0;0;8;8;8;13.73125;0;9.4;-0.8;-3.12;Graduate;0.0467;Aman;0.027;Aman;validasi silang
MHS0625;1;17;4;9070;1;1;116.0;1;38;37;9;9;109.0;0;0;0;1;0;1;23;0;0;6;6;6;13.333333333333334;0;0;6;8;3;12.666666666666666;0;11.1;0.6;2.02;Dropout;0.0794;Aman;0.3089;Aman;validasi silang
MHS0626;1;1;1;9853;1;1;133.1;1;19;19;9;8;132.0;1;0;0;1;0;0;21;0;0;6;8;5;12.0;0;0;6;9;5;10.8;0;12.7;3.7;-1.7;Dropout;0.4294;Prioritas;0.2439;Aman;validasi silang
MHS0627;1;44;1;8014;0;39;130.0;1;37;38;6;6;130.0;1;0;0;1;0;0;23;0;5;9;10;9;10.88888888888889;0;3;8;10;6;11.333333333333334;0;11.1;0.6;2.02;Graduate;0.1413;Aman;0.1477;Aman;validasi silang
MHS0628;1;1;3;9500;1;1;106.0;1;19;37;9;7;109.5;1;0;0;1;0;0;19;0;0;7;8;7;13.025;0;0;8;9;8;13.811111111111112;0;13.9;-0.3;0.79;Graduate;0.1744;Aman;0.0468;Aman;validasi silang
MHS0629;1;17;2;9773;1;1;125.0;1;1;38;5;6;115.9;1;0;0;1;0;0;18;0;0;6;6;6;13.0;0;0;6;6;6;14.166666666666666;0;12.4;0.5;1.79;Graduate;0.2782;Prioritas;0.0402;Aman;validasi silang
MHS0630;1;1;1;9773;1;1;134.0;1;19;37;9;9;131.6;1;1;0;1;0;0;19;0;0;6;10;5;11.8;0;0;6;10;5;12.0;0;10.8;1.4;1.74;Graduate;0.2124;Aman;0.1361;Aman;data uji
MHS0631;1;39;1;9500;1;1;133.1;1;19;37;9;9;120.0;0;0;0;1;0;1;25;0;0;8;8;7;12.042857142857144;0;0;8;8;7;12.042857142857144;0;12.7;3.7;-1.7;Graduate;0.1214;Aman;0.0278;Aman;validasi silang
MHS0632;1;1;2;9853;1;1;117.0;1;1;38;4;9;109.7;1;0;0;1;0;0;19;0;0;6;9;5;12.2;0;0;6;10;4;13.0;0;9.4;-0.8;-3.12;Enrolled;0.4726;Prioritas;0.1375;Aman;mahasiswa aktif
MHS0633;1;1;1;9500;1;1;136.0;1;1;19;5;7;136.4;0;0;0;1;0;1;19;0;0;7;8;7;12.8375;0;0;8;8;8;15.5;0;13.9;-0.3;0.79;Graduate;0.0407;Aman;0.0285;Aman;validasi silang
MHS0634;1;39;1;9556;1;1;120.0;1;38;38;191;193;120.0;0;0;1;1;0;1;24;0;0;7;13;7;11.0;0;0;8;13;7;11.7;0;12.7;3.7;-1.7;Graduate;0.2915;Prioritas;0.0927;Aman;validasi silang
MHS0635;1;1;1;9670;1;1;135.0;1;37;37;9;7;132.6;1;0;0;1;0;1;18;0;0;6;7;6;13.5;0;0;6;9;5;14.0;0;8.9;1.4;3.51;Graduate;0.041;Aman;0.0454;Aman;data uji
MHS0636;1;17;5;9238;1;1;122.0;1;37;37;7;5;112.9;1;0;0;1;0;1;19;0;0;6;8;6;12.125;0;0;6;7;6;12.714285714285714;0;16.2;0.3;-0.92;Graduate;0.1522;Aman;0.0521;Aman;validasi silang
MHS0637;1;1;5;9500;1;1;147.0;1;37;37;9;9;134.3;0;0;0;1;0;1;18;0;0;8;12;7;12.62857142857143;0;0;8;12;7;12.62857142857143;0;12.7;3.7;-1.7;Graduate;0.039;Aman;0.0357;Aman;validasi silang
MHS0638;1;39;1;9991;0;1;120.0;1;38;1;9;4;123.2;0;0;0;1;0;0;27;0;0;5;9;3;10.666666666666666;0;0;5;7;4;11.4;0;10.8;1.4;1.74;Enrolled;0.5565;Prioritas;0.7417;Kritis;mahasiswa aktif
MHS0639;1;17;3;9238;1;1;121.0;1;1;1;4;5;117.2;0;0;0;1;0;0;19;0;0;6;11;5;11.2;0;0;6;13;5;11.6;0;15.5;2.8;-4.06;Graduate;0.2238;Prioritas;0.0658;Aman;validasi silang
MHS0640;1;18;1;9773;1;1;135.0;1;1;1;3;3;129.8;0;0;0;1;0;1;18;0;0;6;6;6;12.666666666666666;0;0;6;6;6;11.833333333333334;0;12.7;3.7;-1.7;Dropout;0.0726;Aman;0.034;Aman;validasi silang
MHS0641;2;39;1;9670;1;1;130.0;1;37;37;9;0;158.0;0;0;1;0;0;0;34;0;0;6;7;4;13.5;0;0;6;6;0;0.0;6;12.7;3.7;-1.7;Dropout;0.9154;Kritis;0.9771;Kritis;validasi silang
MHS0642;1;1;6;9147;1;1;128.0;1;37;37;9;9;116.5;0;0;0;1;0;0;18;0;0;5;9;3;11.666666666666666;0;0;5;15;2;11.0;0;7.6;2.6;0.32;Enrolled;0.3047;Prioritas;0.9604;Kritis;mahasiswa aktif
MHS0643;1;1;1;9147;1;1;129.0;1;37;38;4;9;121.0;1;0;0;1;0;0;18;0;0;5;8;2;10.5;0;0;5;7;3;12.333333333333334;0;7.6;2.6;0.32;Enrolled;0.2456;Prioritas;0.9524;Kritis;mahasiswa aktif
MHS0644;1;1;3;9500;1;1;143.0;1;37;38;7;7;133.8;1;0;0;1;0;0;18;0;0;8;8;8;14.26875;0;0;8;8;8;14.26875;0;9.4;-0.8;-3.12;Enrolled;0.1266;Aman;0.0303;Aman;mahasiswa aktif
MHS0645;1;1;2;9773;1;1;108.0;1;38;38;7;7;115.0;1;0;1;0;0;0;20;0;0;6;0;0;0.0;0;0;6;0;0;0.0;0;8.9;1.4;3.51;Dropout;0.8812;Kritis;0.9788;Kritis;validasi silang
MHS0646;1;1;1;9147;1;1;130.0;1;19;37;9;9;131.8;1;0;0;1;0;1;19;0;0;5;8;2;10.5;0;0;5;11;3;13.333333333333334;0;7.6;2.6;0.32;Enrolled;0.0753;Aman;0.8275;Kritis;mahasiswa aktif
MHS0647;1;1;1;9238;1;1;135.0;1;37;1;3;5;121.0;0;0;0;1;0;0;21;0;0;6;11;5;11.2;0;0;6;15;1;10.0;0;7.6;2.6;0.32;Enrolled;0.0994;Aman;0.9699;Kritis;mahasiswa aktif
MHS0648;2;39;1;9991;0;3;140.0;1;19;19;9;7;152.4;0;0;0;1;0;0;26;0;0;5;5;5;12.0;0;0;5;6;5;14.833333333333334;0;10.8;1.4;1.74;Graduate;0.3893;Prioritas;0.0804;Aman;data uji
MHS0649;1;43;2;9556;1;1;120.0;1;1;19;4;3;110.2;0;0;0;1;0;0;27;0;0;7;9;7;12.228571428571428;0;1;8;10;8;13.2125;0;10.8;1.4;1.74;Graduate;0.3014;Prioritas;0.0485;Aman;validasi silang
MHS0650;1;1;1;9670;1;1;117.0;1;1;38;5;1;113.5;1;0;0;1;0;0;20;0;0;5;6;4;11.5;0;0;5;5;4;10.75;0;9.4;-0.8;-3.12;Graduate;0.2078;Aman;0.1521;Aman;validasi silang
MHS0651;1;17;1;9238;1;1;151.0;1;19;1;5;0;144.4;1;0;0;1;0;0;18;0;0;6;8;6;15.375;0;0;6;7;6;16.428571428571427;0;16.2;0.3;-0.92;Graduate;0.1875;Aman;0.0459;Aman;validasi silang
MHS0652;1;53;1;9085;1;42;140.0;1;1;1;5;5;143.3;1;0;0;0;0;0;23;0;7;12;19;9;13.666666666666666;0;4;9;15;6;13.5;0;8.9;1.4;3.51;Enrolled;0.7865;Kritis;0.9025;Kritis;mahasiswa aktif
MHS0653;1;39;1;9500;1;19;133.1;1;1;5;4;3;100.0;0;0;0;1;0;0;24;0;0;8;11;7;12.614285714285714;0;0;8;11;7;12.614285714285714;0;12.7;3.7;-1.7;Graduate;0.5175;Prioritas;0.066;Aman;validasi silang
MHS0654;1;44;1;9238;1;39;130.0;1;38;38;6;9;126.3;1;0;0;1;0;1;19;0;3;6;7;5;12.2;0;2;6;6;6;11.5;0;13.9;-0.3;0.79;Graduate;0.0614;Aman;0.0327;Aman;validasi silang
MHS0655;1;1;1;9773;1;1;125.0;1;19;38;3;5;115.9;0;0;0;1;0;0;19;0;0;6;13;4;11.75;0;0;6;10;4;11.0;0;10.8;1.4;1.74;Graduate;0.1703;Aman;0.7456;Kritis;validasi silang
MHS0656;1;1;4;9238;1;1;125.0;1;19;38;9;6;114.9;1;0;1;1;0;1;19;0;0;6;9;5;11.4;0;0;6;9;3;10.0;0;8.9;1.4;3.51;Enrolled;0.0553;Aman;0.7305;Kritis;mahasiswa aktif
MHS0657;1;1;1;9238;1;1;135.0;1;37;19;5;10;121.0;0;0;1;1;0;0;18;0;0;6;10;5;10.6;0;0;6;14;2;10.0;0;7.6;2.6;0.32;Enrolled;0.2354;Prioritas;0.9665;Kritis;mahasiswa aktif
MHS0658;1;51;1;8014;0;1;121.0;1;1;38;5;7;112.3;0;0;0;1;0;0;22;0;14;16;16;13;10.923076923076923;0;13;13;13;11;11.454545454545457;0;16.2;0.3;-0.92;Graduate;0.2126;Aman;0.3977;Aman;validasi silang
MHS0659;1;43;1;9070;1;1;141.0;1;1;19;5;10;127.0;0;0;0;1;0;0;20;0;0;6;6;5;12.4;0;0;6;9;5;12.4;0;12.7;3.7;-1.7;Graduate;0.2092;Aman;0.1125;Aman;data uji
MHS0660;1;39;1;9003;1;1;130.0;1;19;19;9;9;120.0;0;0;0;1;0;0;25;0;0;6;6;0;0.0;0;0;6;6;0;0.0;0;11.1;0.6;2.02;Dropout;0.3119;Prioritas;0.9797;Kritis;validasi silang
MHS0661;1;44;1;9003;1;39;180.0;1;1;3;4;2;180.0;0;0;0;1;0;0;21;0;0;6;6;6;15.833333333333334;0;0;6;8;6;15.5;0;15.5;2.8;-4.06;Graduate;0.1747;Aman;0.0501;Aman;data uji
MHS0662;1;1;1;9500;1;1;117.0;1;19;19;194;193;117.4;1;0;0;1;0;0;19;0;0;7;12;5;11.8;0;0;7;9;6;11.708333333333334;0;11.1;0.6;2.02;Enrolled;0.0654;Aman;0.1412;Aman;mahasiswa aktif
MHS0663;1;17;4;9773;1;1;127.0;1;1;19;4;1;115.8;1;0;0;1;0;0;18;0;0;6;7;6;12.571428571428571;0;0;6;6;6;13.666666666666666;0;13.9;-0.3;0.79;Graduate;0.3487;Prioritas;0.0553;Aman;data uji
MHS0664;1;1;3;9670;1;1;126.0;1;37;37;0;0;136.5;1;0;0;1;0;0;18;0;0;5;7;3;12.0;0;0;5;7;4;13.25;1;7.6;2.6;0.32;Graduate;0.1788;Aman;0.231;Aman;validasi silang
MHS0665;1;17;3;9500;1;1;143.0;1;3;3;9;7;129.0;1;0;0;1;1;0;19;0;0;7;8;7;13.3625;0;0;8;9;8;14.444444444444445;0;13.9;-0.3;0.79;Graduate;0.2829;Prioritas;0.0968;Aman;validasi silang
MHS0666;1;1;1;9085;1;1;144.0;13;3;3;6;6;137.6;1;0;0;1;0;1;19;1;0;5;6;5;15.4;0;0;5;5;5;16.0;0;10.8;1.4;1.74;Graduate;0.0129;Aman;0.0553;Aman;validasi silang
MHS0667;1;17;2;9773;1;1;126.0;1;37;38;5;5;129.5;1;0;1;0;0;0;18;0;0;6;9;5;12.2;0;0;6;9;4;11.75;0;10.8;1.4;1.74;Dropout;0.9436;Kritis;0.9641;Kritis;validasi silang
MHS0668;1;51;1;9238;1;39;140.0;1;38;38;5;7;129.1;1;0;0;1;0;1;20;0;6;11;11;11;12.818181818181818;0;6;11;11;11;13.545454545454543;0;12.4;0.5;1.79;Graduate;0.0651;Aman;0.0309;Aman;data uji
MHS0669;1;17;5;9500;1;1;148.0;1;1;19;4;8;130.2;1;0;0;1;0;0;19;0;0;7;0;0;0.0;0;0;8;0;0;0.0;0;12.4;0.5;1.79;Dropout;0.2042;Aman;0.9794;Kritis;validasi silang
MHS0670;1;42;1;9500;1;1;100.0;1;19;37;5;7;134.3;1;0;0;1;0;0;28;0;12;17;21;17;13.394736842105264;0;11;17;19;17;13.554736842105264;0;16.2;0.3;-0.92;Graduate;0.2807;Prioritas;0.0513;Aman;validasi silang
MHS0671;1;1;1;9238;1;1;151.0;1;37;1;9;9;138.4;1;0;0;1;0;1;20;0;0;6;8;6;14.25;0;0;6;8;6;11.0;0;12.7;3.7;-1.7;Graduate;0.0492;Aman;0.0446;Aman;validasi silang
MHS0672;1;42;1;8014;0;1;120.0;1;37;38;90;7;120.0;1;0;0;1;0;0;30;0;9;11;19;9;13.444444444444445;1;5;7;7;7;14.714285714285714;0;7.6;2.6;0.32;Dropout;0.1596;Aman;0.102;Aman;validasi silang
MHS0673;1;1;4;9500;1;1;135.0;1;1;19;9;7;123.5;1;0;0;1;0;1;19;0;0;7;8;7;12.285714285714286;0;0;8;10;8;11.7375;0;12.4;0.5;1.79;Graduate;0.0541;Aman;0.0371;Aman;validasi silang
MHS0674;1;1;2;9070;1;1;121.0;1;19;19;3;3;116.1;1;0;0;1;0;0;22;0;0;6;7;6;11.666666666666666;0;0;6;7;5;13.2;0;12.7;3.7;-1.7;Graduate;0.158;Aman;0.045;Aman;data uji
MHS0675;1;1;1;9254;1;1;116.0;1;38;38;5;8;110.8;1;0;0;1;0;0;18;0;0;6;8;6;12.166666666666666;0;0;6;6;6;13.5;0;11.1;0.6;2.02;Graduate;0.3089;Prioritas;0.0346;Aman;validasi silang
MHS0676;1;17;1;9853;1;1;147.0;1;37;37;9;9;142.8;1;0;0;1;0;0;23;0;0;6;11;2;10.0;0;0;6;15;2;11.0;0;7.6;2.6;0.32;Dropout;0.4766;Prioritas;0.9794;Kritis;data uji
MHS0677;1;17;4;9070;1;1;160.0;1;1;19;5;7;155.5;1;0;0;1;0;0;18;0;0;6;6;6;14.0;0;0;6;6;6;15.0;0;11.1;0.6;2.02;Graduate;0.2498;Prioritas;0.0544;Aman;validasi silang
MHS0678;1;1;1;9853;1;1;133.0;1;37;19;7;7;126.7;1;0;0;1;0;0;18;0;0;6;9;5;11.833333333333334;0;0;6;6;4;12.0;0;15.5;2.8;-4.06;Enrolled;0.5926;Prioritas;0.3392;Aman;mahasiswa aktif
MHS0679;2;39;1;9773;1;19;100.0;1;37;37;0;0;163.5;0;0;1;0;1;0;50;0;0;6;7;1;15.0;0;0;5;12;0;0.0;0;10.8;1.4;1.74;Dropout;0.9823;Kritis;0.9797;Kritis;data uji
MHS0680;1;1;1;171;1;1;151.0;41;3;3;2;5;161.9;1;0;0;1;0;1;19;1;0;0;0;0;0.0;0;0;0;0;0;0.0;0;13.9;-0.3;0.79;Graduate;0.0459;Aman;0.4094;Prioritas;data uji
MHS0681;1;17;2;9254;1;1;124.0;41;19;38;9;9;123.3;1;0;0;1;0;0;22;1;0;6;7;6;10.833333333333334;0;0;6;6;6;10.666666666666666;0;13.9;-0.3;0.79;Graduate;0.3086;Prioritas;0.0918;Aman;validasi silang
MHS0682;1;44;1;9238;1;39;140.0;41;1;1;4;6;137.5;0;0;1;1;0;1;23;1;3;6;7;6;13.142857142857142;0;2;6;6;6;14.0;0;12.4;0.5;1.79;Graduate;0.0829;Aman;0.0414;Aman;data uji
MHS0683;1;18;4;9085;1;1;170.0;1;1;1;4;5;166.6;0;0;1;0;0;1;20;0;2;5;8;5;14.4;1;0;5;6;5;14.0;0;12.7;3.7;-1.7;Dropout;0.775;Kritis;0.4468;Prioritas;validasi silang
MHS0684;4;39;1;9238;1;19;133.1;1;37;37;9;10;103.5;0;0;0;0;0;0;44;0;0;6;0;0;0.0;0;0;6;0;0;0.0;0;13.9;-0.3;0.79;Dropout;0.9311;Kritis;0.9797;Kritis;validasi silang
MHS0685;4;39;1;9003;1;19;133.1;1;37;37;9;9;110.0;0;0;0;1;1;0;49;0;6;12;17;7;12.0;0;3;12;19;9;11.22222222222222;0;15.5;2.8;-4.06;Graduate;0.7238;Kritis;0.7583;Kritis;validasi silang
MHS0686;2;43;1;9991;0;1;100.0;1;37;37;9;9;128.2;0;0;0;1;1;0;46;0;6;10;13;9;12.2;0;4;10;12;10;12.8;0;7.6;2.6;0.32;Graduate;0.3479;Prioritas;0.0636;Aman;validasi silang
MHS0687;1;39;1;9085;1;39;120.0;1;37;37;1;9;137.7;1;0;0;0;1;0;41;0;3;3;3;3;12.333333333333334;0;2;2;2;2;11.0;0;12.4;0.5;1.79;Dropout;0.9535;Kritis;0.7766;Kritis;validasi silang
MHS0688;1;17;3;9500;1;1;133.0;1;38;19;9;8;128.8;1;0;0;1;1;0;18;0;0;7;8;7;11.8375;0;0;8;9;8;12.48125;0;13.9;-0.3;0.79;Graduate;0.2893;Prioritas;0.0409;Aman;validasi silang
MHS0689;3;39;1;9991;0;1;120.0;1;37;1;9;2;170.0;0;0;0;1;1;0;43;0;0;5;5;5;11.8;0;0;5;6;5;14.0;0;9.4;-0.8;-3.12;Graduate;0.6569;Kritis;0.0421;Aman;data uji
MHS0690;4;39;2;9147;1;19;133.1;1;37;37;9;7;116.4;0;0;1;0;1;0;70;0;0;5;5;0;0.0;0;0;5;9;0;0.0;0;10.8;1.4;1.74;Dropout;0.9954;Kritis;0.9787;Kritis;validasi silang
MHS0691;4;39;1;9130;1;19;133.1;1;37;38;9;4;100.9;0;0;0;1;1;0;48;0;0;6;0;0;0.0;0;0;6;0;0;0.0;0;15.5;2.8;-4.06;Dropout;0.9212;Kritis;0.9801;Kritis;data uji
MHS0692;2;43;1;9003;1;1;133.1;1;37;37;9;7;136.0;0;0;0;1;1;0;41;0;18;19;19;19;12.68421052631579;0;12;13;13;13;12.384615384615383;0;15.5;2.8;-4.06;Graduate;0.2737;Prioritas;0.0326;Aman;validasi silang
MHS0693;1;1;1;9254;1;1;140.0;1;19;19;9;3;130.0;0;0;0;1;1;0;21;0;0;6;8;6;12.571428571428571;0;0;6;10;4;13.0;0;12.7;3.7;-1.7;Enrolled;0.4366;Prioritas;0.1586;Aman;mahasiswa aktif
MHS0694;1;39;1;33;1;1;100.0;41;38;37;9;8;100.0;0;0;1;0;1;0;35;1;0;7;18;3;11.25;0;0;7;7;0;0.0;0;16.2;0.3;-0.92;Dropout;0.9896;Kritis;0.9736;Kritis;validasi silang
MHS0695;2;39;1;9130;1;19;133.1;1;2;1;2;9;157.0;1;0;0;1;1;0;44;0;1;5;13;4;14.0;3;1;5;9;4;15.5;2;10.8;1.4;1.74;Graduate;0.6679;Kritis;0.3342;Aman;validasi silang
MHS0696;1;1;1;9147;1;1;143.0;1;3;1;5;5;152.1;1;0;1;1;1;0;18;0;0;5;15;4;13.333333333333334;0;0;5;6;2;13.5;0;13.9;-0.3;0.79;Dropout;0.7015;Kritis;0.9489;Kritis;data uji
MHS0697;2;1;1;8014;0;1;165.0;1;37;37;0;0;162.9;1;0;0;1;1;0;45;0;0;6;7;6;13.666666666666666;0;0;6;6;6;13.666666666666666;0;7.6;2.6;0.32;Graduate;0.1637;Aman;0.0431;Aman;validasi silang
MHS0698;1;1;1;9254;1;1;154.0;1;3;1;2;1;137.2;0;0;0;1;1;0;20;0;0;6;12;3;10.0;0;0;6;9;5;10.8;0;15.5;2.8;-4.06;Enrolled;0.5064;Prioritas;0.6833;Kritis;mahasiswa aktif
MHS0699;1;44;1;9003;1;39;140.0;1;1;38;9;1;140.0;1;0;0;1;1;0;22;0;0;6;12;5;12.6;0;0;6;11;6;11.714285714285714;0;12.4;0.5;1.79;Graduate;0.2775;Prioritas;0.0559;Aman;validasi silang
MHS0700;1;43;1;9119;1;1;140.0;1;37;38;5;7;146.5;0;0;0;1;1;0;39;0;0;5;10;3;17.333333333333332;0;0;5;11;1;17.0;0;13.9;-0.3;0.79;Dropout;0.7238;Kritis;0.9734;Kritis;validasi silang
MHS0701;1;44;1;9085;1;39;130.0;1;2;2;6;6;130.0;0;0;0;0;1;0;20;0;2;6;10;5;13.2;0;1;6;21;3;12.0;0;12.4;0.5;1.79;Enrolled;0.9116;Kritis;0.9724;Kritis;mahasiswa aktif
MHS0702;2;39;1;9147;1;19;133.1;1;37;19;9;3;128.0;0;0;0;1;1;0;49;0;0;5;9;3;14.0;0;0;5;8;3;13.666666666666666;0;8.9;1.4;3.51;Dropout;0.5651;Prioritas;0.9376;Kritis;validasi silang
MHS0703;1;7;1;9556;1;4;190.0;1;5;5;2;2;190.0;1;0;0;1;1;0;43;0;4;4;4;4;13.875;0;1;1;1;1;12.5;0;11.1;0.6;2.02;Dropout;0.613;Prioritas;0.3936;Aman;data uji
MHS0704;2;39;1;9991;0;1;120.0;1;37;37;9;9;133.2;1;0;0;1;1;0;32;0;0;5;5;0;0.0;0;0;5;5;0;0.0;0;7.6;2.6;0.32;Dropout;0.5039;Prioritas;0.9796;Kritis;validasi silang
MHS0705;1;39;1;9238;1;12;100.0;1;37;37;9;9;124.3;0;0;0;1;1;0;47;0;3;9;9;9;13.11111111111111;0;3;7;7;7;14.857142857142858;0;10.8;1.4;1.74;Graduate;0.556;Prioritas;0.0489;Aman;validasi silang
MHS0706;5;39;1;9991;0;1;120.0;1;37;37;9;9;138.1;0;0;0;1;1;1;37;0;0;5;8;5;13.0;0;0;5;11;4;13.333333333333334;2;16.2;0.3;-0.92;Dropout;0.3043;Prioritas;0.0964;Aman;validasi silang
MHS0707;2;39;1;8014;0;1;133.1;1;19;1;4;8;144.3;0;0;0;1;1;0;41;0;6;10;10;10;12.5;0;3;7;7;7;12.142857142857142;0;10.8;1.4;1.74;Graduate;0.2735;Prioritas;0.0507;Aman;validasi silang
MHS0708;2;39;1;9003;1;1;150.0;1;37;37;9;6;140.0;0;0;0;1;1;0;60;0;17;18;18;18;14.11111111111111;0;11;13;13;13;14.23076923076923;0;15.5;2.8;-4.06;Graduate;0.4175;Prioritas;0.0458;Aman;validasi silang
MHS0709;2;39;1;9254;1;1;120.0;1;1;19;9;9;148.3;0;0;0;1;1;0;47;0;6;11;11;11;14.727272727272728;0;6;9;9;9;15.77777777777778;0;10.8;1.4;1.74;Graduate;0.5023;Prioritas;0.0522;Aman;validasi silang
MHS0710;1;39;1;8014;0;1;133.1;1;37;11;9;7;96.0;0;0;1;0;1;0;50;0;0;6;6;0;0.0;0;0;5;6;0;0.0;0;12.4;0.5;1.79;Dropout;0.9868;Kritis;0.9788;Kritis;validasi silang
MHS0711;2;39;1;9991;0;19;133.1;1;38;38;90;90;121.7;1;0;0;1;1;0;45;0;0;5;5;0;0.0;0;0;5;5;0;0.0;0;7.6;2.6;0.32;Dropout;0.7941;Kritis;0.9791;Kritis;validasi silang
MHS0712;1;39;1;9119;1;1;100.0;1;37;37;9;8;160.0;0;0;1;0;1;0;45;0;0;5;5;0;0.0;0;0;5;5;0;0.0;0;15.5;2.8;-4.06;Dropout;0.9946;Kritis;0.9788;Kritis;validasi silang
MHS0713;2;39;1;9085;1;1;133.1;1;37;37;90;90;110.3;0;0;0;1;1;0;33;0;0;5;7;4;13.5;0;0;5;6;5;11.6;0;7.6;2.6;0.32;Graduate;0.7471;Kritis;0.0611;Aman;validasi silang
MHS0714;1;1;1;9500;1;1;143.0;1;3;3;2;2;129.0;0;0;0;1;1;0;18;0;0;8;8;7;13.105714285714283;0;0;8;8;7;13.105714285714283;0;10.8;1.4;1.74;Graduate;0.2007;Aman;0.0289;Aman;validasi silang
MHS0715;2;39;1;9085;1;1;120.0;1;37;37;6;6;150.0;0;0;0;1;1;0;43;0;0;5;8;5;13.5;2;0;5;5;5;14.4;0;9.4;-0.8;-3.12;Graduate;0.2743;Prioritas;0.0628;Aman;validasi silang
MHS0716;1;43;1;8014;0;1;161.0;1;19;37;4;10;100.0;0;0;0;1;1;0;44;0;9;13;18;13;11.846153846153848;0;9;11;11;11;12.0;0;12.7;3.7;-1.7;Graduate;0.4272;Prioritas;0.0414;Aman;validasi silang
MHS0717;1;39;1;9130;1;9;133.1;1;34;36;0;90;107.5;0;0;0;1;1;0;29;0;0;5;5;0;0.0;0;0;5;5;0;0.0;0;7.6;2.6;0.32;Dropout;0.9703;Kritis;0.9795;Kritis;validasi silang
MHS0718;4;39;1;9670;1;1;140.0;1;2;1;3;9;170.0;0;0;1;0;1;0;53;0;0;6;11;3;14.333333333333334;0;0;6;6;0;0.0;0;12.7;3.7;-1.7;Dropout;0.9612;Kritis;0.9785;Kritis;validasi silang
MHS0719;2;42;1;9991;0;6;123.0;1;37;37;9;9;123.0;0;0;0;1;1;0;37;0;0;5;10;5;15.8;0;0;5;5;5;17.6;0;9.4;-0.8;-3.12;Enrolled;0.6077;Prioritas;0.0787;Aman;mahasiswa aktif
MHS0720;1;43;1;9670;1;1;142.0;1;38;1;8;10;138.5;1;0;0;1;1;0;18;0;0;6;16;5;13.8;0;0;6;7;5;12.4;0;13.9;-0.3;0.79;Enrolled;0.5252;Prioritas;0.3147;Aman;mahasiswa aktif
MHS0721;1;43;1;33;1;19;133.1;1;38;38;4;4;140.0;0;0;1;1;1;0;35;0;3;10;18;6;12.666666666666666;0;1;9;11;3;12.0;2;16.2;0.3;-0.92;Dropout;0.7887;Kritis;0.962;Kritis;data uji
MHS0722;1;1;1;9254;1;1;115.0;1;19;1;3;7;113.6;0;0;0;1;1;0;23;0;0;6;10;6;13.0;0;0;6;9;6;12.0;0;11.1;0.6;2.02;Enrolled;0.4718;Prioritas;0.0521;Aman;mahasiswa aktif
MHS0723;1;1;1;171;1;1;156.0;1;19;38;9;5;170.0;1;0;0;1;1;0;22;0;0;0;0;0;0.0;0;0;0;0;0;0.0;0;7.6;2.6;0.32;Graduate;0.2335;Prioritas;0.3939;Aman;data uji
MHS0724;1;39;1;8014;0;1;140.0;1;37;37;90;5;115.5;0;0;0;0;1;0;33;0;0;6;6;1;11.0;0;0;6;0;0;0.0;0;10.8;1.4;1.74;Dropout;0.9574;Kritis;0.9801;Kritis;data uji
MHS0725;1;7;3;9130;1;3;130.0;1;37;26;90;10;130.0;0;0;0;0;1;0;41;0;0;5;9;0;0.0;4;0;5;9;0;0.0;3;10.8;1.4;1.74;Dropout;0.9888;Kritis;0.9787;Kritis;validasi silang
MHS0726;4;7;1;9500;1;3;140.0;1;37;38;9;7;140.0;0;0;0;1;1;0;51;0;4;7;7;7;15.2;0;6;8;8;8;16.575;0;13.9;-0.3;0.79;Graduate;0.5718;Prioritas;0.0555;Aman;validasi silang
MHS0727;1;51;1;9670;1;1;140.0;1;12;5;3;3;126.6;0;0;0;1;1;0;19;0;2;6;7;6;14.428571428571429;0;1;7;8;7;14.375;0;11.1;0.6;2.02;Graduate;0.4967;Prioritas;0.0435;Aman;data uji
MHS0728;1;39;1;9991;0;1;133.1;1;37;37;9;9;143.2;0;0;0;1;1;0;35;0;0;5;5;0;0.0;0;0;5;5;0;0.0;0;11.1;0.6;2.02;Dropout;0.5864;Prioritas;0.9795;Kritis;validasi silang
MHS0729;1;1;2;171;1;1;131.0;41;19;1;4;7;131.4;1;0;0;1;1;0;20;1;0;0;0;0;0.0;0;0;0;0;0;0.0;0;7.6;2.6;0.32;Graduate;0.3022;Prioritas;0.4329;Prioritas;validasi silang
MHS0730;1;43;1;9670;1;1;141.0;1;3;2;2;2;133.3;1;0;0;1;1;0;18;0;0;6;13;4;13.75;0;0;6;8;5;11.2;0;13.9;-0.3;0.79;Enrolled;0.5314;Prioritas;0.4354;Prioritas;mahasiswa aktif
MHS0731;1;1;1;9773;1;1;120.0;1;19;37;9;9;118.3;0;0;1;0;1;1;18;0;0;6;11;5;12.166666666666666;0;0;6;15;3;12.0;0;13.9;-0.3;0.79;Dropout;0.8957;Kritis;0.9338;Kritis;validasi silang
MHS0732;1;44;1;9003;1;39;140.0;1;2;1;4;6;140.0;0;0;0;1;1;0;21;0;0;6;12;5;12.142857142857142;0;0;6;11;5;11.666666666666666;0;13.9;-0.3;0.79;Graduate;0.257;Prioritas;0.0914;Aman;data uji
MHS0733;1;1;1;9254;1;1;132.0;1;1;19;6;6;124.7;1;0;0;1;1;0;21;0;0;6;9;6;12.0;0;0;6;8;5;11.6;0;13.9;-0.3;0.79;Graduate;0.4133;Prioritas;0.0918;Aman;validasi silang
MHS0734;2;39;2;9147;1;1;130.0;1;19;37;4;7;140.0;0;0;0;1;1;0;34;0;0;5;10;3;11.666666666666666;1;0;5;7;4;12.75;0;9.4;-0.8;-3.12;Graduate;0.6285;Prioritas;0.659;Kritis;data uji
MHS0735;4;39;1;9130;1;1;140.0;1;37;37;6;7;150.0;1;0;0;1;1;0;34;0;0;6;9;0;0.0;0;0;6;6;0;0.0;0;16.2;0.3;-0.92;Dropout;0.7766;Kritis;0.9795;Kritis;validasi silang
MHS0736;1;17;2;9670;1;1;110.0;1;3;3;4;10;115.6;1;0;0;1;1;0;21;0;0;6;10;6;11.875;0;0;6;8;5;12.0;0;11.1;0.6;2.02;Graduate;0.3729;Prioritas;0.1237;Aman;validasi silang
MHS0737;1;43;1;9773;1;1;140.0;1;3;37;3;7;116.9;0;0;0;1;1;0;32;0;6;11;15;7;11.285714285714286;0;5;7;10;6;12.333333333333334;0;13.9;-0.3;0.79;Enrolled;0.4754;Prioritas;0.7778;Kritis;mahasiswa aktif
MHS0738;1;17;2;9254;1;1;130.0;1;37;37;5;7;123.4;1;0;0;1;1;0;30;0;0;6;17;2;10.0;0;0;6;15;3;11.333333333333334;0;7.6;2.6;0.32;Dropout;0.6013;Prioritas;0.976;Kritis;data uji
MHS0739;1;1;1;171;1;1;137.0;1;1;3;3;7;146.5;1;0;1;1;1;0;19;0;6;12;13;11;12.0;0;4;11;15;10;11.181818181818182;0;8.9;1.4;3.51;Enrolled;0.4907;Prioritas;0.2102;Aman;mahasiswa aktif
MHS0740;1;51;1;9773;1;1;158.0;1;1;19;8;8;117.1;1;0;0;1;1;0;20;0;1;7;7;6;13.833333333333334;0;1;6;7;5;13.0;0;8.9;1.4;3.51;Dropout;0.6499;Prioritas;0.1041;Aman;validasi silang
MHS0741;1;1;1;9070;1;1;124.0;1;19;19;9;7;113.9;1;0;0;1;1;0;18;0;0;6;0;0;0.0;0;0;6;0;0;0.0;0;12.4;0.5;1.79;Dropout;0.2575;Prioritas;0.979;Kritis;validasi silang
MHS0742;1;1;1;9254;1;1;136.0;1;3;3;2;2;128.7;0;0;0;1;1;0;19;0;0;6;7;6;14.428571428571429;0;0;6;6;6;12.5;0;8.9;1.4;3.51;Graduate;0.3815;Prioritas;0.0326;Aman;data uji
MHS0743;1;17;3;9500;1;1;142.0;1;3;3;3;3;132.9;1;0;0;1;1;0;18;0;0;7;8;5;14.2;0;0;7;9;6;12.4;0;12.4;0.5;1.79;Dropout;0.1883;Aman;0.3688;Aman;validasi silang
MHS0744;1;39;1;9991;0;1;150.0;1;1;19;4;8;123.0;0;0;0;1;1;0;27;0;0;5;8;4;11.5;0;0;5;9;3;10.333333333333334;0;12.7;3.7;-1.7;Dropout;0.6924;Kritis;0.9173;Kritis;validasi silang
MHS0745;1;39;1;9773;1;12;120.0;1;1;1;9;9;129.8;1;0;0;1;1;0;52;0;0;6;7;5;13.0;0;0;6;6;6;15.0;0;9.4;-0.8;-3.12;Graduate;0.7978;Kritis;0.0902;Aman;validasi silang
MHS0746;2;43;1;9003;1;1;149.0;1;1;1;4;5;156.1;1;0;0;0;1;0;29;0;0;6;6;0;0.0;0;0;6;8;0;0.0;0;15.5;2.8;-4.06;Dropout;0.8152;Kritis;0.9775;Kritis;validasi silang
MHS0747;1;51;1;9003;1;39;130.0;1;1;19;4;4;120.0;1;0;1;0;1;0;22;0;0;6;12;3;11.333333333333334;0;0;6;13;2;11.0;0;8.9;1.4;3.51;Dropout;0.9622;Kritis;0.9801;Kritis;data uji
MHS0748;1;43;1;9085;1;1;110.0;25;38;38;9;6;117.2;1;0;0;1;1;0;28;1;13;18;45;18;12.5;12;10;13;26;12;11.428571428571429;6;15.5;2.8;-4.06;Graduate;0.2793;Prioritas;0.075;Aman;validasi silang
MHS0749;1;39;1;9670;1;6;133.1;1;1;1;90;3;107.0;1;0;0;1;1;0;30;0;0;5;5;0;0.0;0;0;5;5;0;0.0;0;7.6;2.6;0.32;Dropout;0.8026;Kritis;0.9801;Kritis;data uji
MHS0750;1;1;2;9500;1;1;134.0;1;1;1;5;3;128.4;1;0;0;1;0;0;18;0;0;7;7;7;13.471428571428572;0;0;8;9;8;13.944444444444445;0;16.2;0.3;-0.92;Graduate;0.1736;Aman;0.0526;Aman;validasi silang
MHS0751;1;1;2;9670;1;1;130.0;1;38;37;5;5;123.4;1;0;0;1;0;0;21;0;0;5;5;4;11.75;0;0;5;5;3;13.333333333333334;0;9.4;-0.8;-3.12;Graduate;0.1871;Aman;0.2874;Aman;validasi silang
MHS0752;1;1;1;9070;1;1;141.0;1;37;37;9;9;126.7;1;0;1;1;0;1;20;0;0;6;9;6;13.333333333333334;0;0;6;10;6;14.666666666666666;0;12.7;3.7;-1.7;Graduate;0.1063;Aman;0.0481;Aman;validasi silang
MHS0753;1;42;1;9500;1;1;123.0;1;37;37;3;3;123.0;1;0;0;1;0;1;21;0;0;8;8;8;13.105;0;0;8;8;8;13.105;0;9.4;-0.8;-3.12;Graduate;0.0499;Aman;0.0266;Aman;validasi silang
MHS0754;2;39;1;9991;0;19;133.1;1;19;37;7;9;137.2;0;0;1;0;0;0;32;0;0;5;5;0;0.0;0;0;5;6;0;0.0;0;10.8;1.4;1.74;Dropout;0.9772;Kritis;0.9788;Kritis;validasi silang
MHS0755;1;1;3;9070;1;1;122.0;1;37;37;9;9;125.9;1;0;0;1;1;1;20;0;0;6;6;6;15.5;0;0;6;7;6;12.166666666666666;0;12.4;0.5;1.79;Graduate;0.0988;Aman;0.0471;Aman;validasi silang
MHS0756;1;1;4;171;1;1;132.0;1;1;19;4;5;138.0;1;0;1;0;1;0;19;0;0;0;0;0;0.0;0;0;0;0;0;0.0;0;15.5;2.8;-4.06;Dropout;0.9676;Kritis;0.7617;Kritis;validasi silang
MHS0757;1;15;1;9670;1;1;133.1;41;1;1;9;5;128.2;0;0;1;0;1;0;18;1;0;6;6;4;11.25;0;0;6;7;3;12.333333333333334;0;8.9;1.4;3.51;Dropout;0.8145;Kritis;0.949;Kritis;validasi silang
MHS0758;1;43;1;9991;0;1;130.0;1;37;2;9;4;126.5;1;0;0;0;1;0;23;0;10;15;24;12;11.0;0;10;14;21;11;11.363636363636363;1;7.6;2.6;0.32;Dropout;0.9504;Kritis;0.8682;Kritis;validasi silang
MHS0759;1;1;1;9254;1;1;111.0;1;1;1;3;3;112.4;1;0;0;1;1;0;20;0;0;6;10;6;12.333333333333334;0;0;6;9;4;13.0;0;12.4;0.5;1.79;Graduate;0.4625;Prioritas;0.109;Aman;validasi silang
MHS0760;2;43;2;9147;1;1;133.1;1;37;37;9;9;109.0;1;0;0;1;0;0;46;0;4;9;18;8;11.375;2;0;5;11;5;11.8;0;9.4;-0.8;-3.12;Graduate;0.3837;Prioritas;0.1193;Aman;validasi silang
MHS0761;1;17;1;9003;1;1;125.0;1;3;3;2;2;100.0;0;0;0;1;1;0;27;0;16;18;19;18;12.22222222222222;0;9;12;15;12;12.384615384615383;0;15.5;2.8;-4.06;Graduate;0.4741;Prioritas;0.0332;Aman;validasi silang
MHS0762;1;5;1;171;1;1;137.0;1;3;19;1;10;144.7;1;0;0;1;1;0;20;0;0;0;0;0;0.0;0;0;0;0;0;0.0;0;16.2;0.3;-0.92;Enrolled;0.5137;Prioritas;0.7334;Kritis;mahasiswa aktif
MHS0763;2;43;3;8014;0;19;100.0;1;37;37;9;9;120.0;1;0;0;1;1;0;41;0;5;9;11;9;12.0;0;3;7;8;6;12.0;0;9.4;-0.8;-3.12;Graduate;0.2934;Prioritas;0.1091;Aman;validasi silang
MHS0764;1;15;1;9147;1;1;133.1;21;1;3;192;3;100.0;0;0;1;1;1;0;40;1;0;5;10;1;11.0;0;0;5;10;1;10.0;0;11.1;0.6;2.02;Enrolled;0.5157;Prioritas;0.9703;Kritis;mahasiswa aktif
MHS0765;2;44;1;8014;0;39;150.0;1;1;1;5;5;154.0;0;0;0;1;1;0;37;0;12;16;17;16;14.125;0;6;11;14;10;13.0;0;12.4;0.5;1.79;Graduate;0.2888;Prioritas;0.0851;Aman;validasi silang
MHS0766;1;1;4;9147;1;1;120.0;1;38;38;5;10;111.3;0;0;0;1;1;0;20;0;0;5;8;5;10.2;0;0;5;7;5;11.2;0;12.4;0.5;1.79;Enrolled;0.4764;Prioritas;0.0526;Aman;mahasiswa aktif
MHS0767;1;44;1;9130;1;39;150.0;1;1;1;4;4;150.0;1;0;0;1;0;0;20;0;0;5;7;4;12.0;1;0;5;6;4;12.4;0;10.8;1.4;1.74;Enrolled;0.5378;Prioritas;0.0824;Aman;mahasiswa aktif
MHS0768;1;7;1;9991;0;40;133.1;1;1;37;4;1;100.0;0;0;0;1;0;0;26;0;8;9;11;9;12.333333333333334;0;4;7;7;7;12.571428571428571;0;12.4;0.5;1.79;Graduate;0.533;Prioritas;0.0622;Aman;data uji
MHS0769;2;39;1;8014;0;1;133.1;1;37;37;9;7;162.5;0;0;0;1;1;0;54;0;4;9;9;9;14.333333333333334;0;2;7;7;7;13.857142857142858;0;8.9;1.4;3.51;Graduate;0.2377;Prioritas;0.0422;Aman;data uji
MHS0770;1;17;5;9670;1;1;132.0;1;19;19;5;5;134.1;1;0;0;1;1;0;21;0;0;6;6;6;15.166666666666666;0;0;6;9;6;14.0;0;10.8;1.4;1.74;Graduate;0.4362;Prioritas;0.0404;Aman;validasi silang
MHS0771;1;1;1;9085;1;1;134.0;1;1;1;9;9;133.0;1;0;0;1;0;1;20;0;0;6;8;6;15.142857142857142;0;0;6;8;6;15.142857142857142;0;11.1;0.6;2.02;Graduate;0.0542;Aman;0.0375;Aman;data uji
MHS0772;1;17;6;9773;1;1;126.0;1;1;19;5;5;119.0;1;0;0;1;0;0;18;0;0;6;0;0;0.0;0;0;6;0;0;0.0;0;12.4;0.5;1.79;Dropout;0.3935;Prioritas;0.9794;Kritis;validasi silang
MHS0773;1;1;3;9500;1;1;136.0;1;1;19;4;9;131.1;1;0;0;1;0;0;19;0;0;7;9;6;13.411428571428573;0;0;8;12;7;13.294444444444444;0;15.5;2.8;-4.06;Enrolled;0.1377;Aman;0.0643;Aman;mahasiswa aktif
MHS0774;1;1;2;9238;1;1;129.0;1;38;1;4;10;129.4;1;0;0;1;0;0;18;0;0;6;7;6;12.333333333333334;0;0;6;7;6;12.166666666666666;0;9.4;-0.8;-3.12;Graduate;0.0868;Aman;0.0352;Aman;validasi silang
MHS0775;1;1;1;9085;1;1;126.0;1;3;1;2;8;123.9;1;0;0;1;0;0;19;0;0;6;13;4;11.8;0;0;6;18;4;12.2;0;12.4;0.5;1.79;Enrolled;0.2207;Prioritas;0.8204;Kritis;mahasiswa aktif
MHS0776;1;44;1;9085;1;39;140.0;1;1;1;4;7;140.0;1;0;1;1;0;0;22;0;2;6;9;6;12.0;0;1;6;12;3;12.0;0;13.9;-0.3;0.79;Dropout;0.6254;Prioritas;0.699;Kritis;validasi silang
MHS0777;1;43;1;9085;1;1;162.0;1;2;1;4;4;162.0;0;0;0;1;0;0;19;0;0;6;7;6;15.0;0;0;6;8;6;15.625;0;12.4;0.5;1.79;Graduate;0.1666;Aman;0.0411;Aman;validasi silang
MHS0778;1;1;1;171;1;1;148.0;1;3;2;4;2;131.6;1;0;0;1;0;0;21;0;6;12;12;8;13.875;0;4;11;13;9;12.7;1;8.9;1.4;3.51;Dropout;0.3591;Prioritas;0.1658;Aman;validasi silang
MHS0779;1;17;1;9853;1;1;119.0;1;3;3;132;132;110.6;0;0;0;1;0;0;20;0;0;7;9;6;11.833333333333334;0;0;7;7;6;14.333333333333334;0;11.1;0.6;2.02;Enrolled;0.5704;Prioritas;0.1049;Aman;mahasiswa aktif
MHS0780;1;17;3;9773;1;1;123.0;1;1;19;5;5;117.4;1;0;0;1;0;1;18;0;0;6;6;6;12.5;0;0;6;6;6;13.833333333333334;0;16.2;0.3;-0.92;Graduate;0.1865;Aman;0.0427;Aman;validasi silang
MHS0781;1;17;1;9773;1;1;150.0;1;38;38;7;7;137.8;1;0;0;1;0;1;18;0;0;6;6;6;15.0;0;0;6;6;6;15.5;0;8.9;1.4;3.51;Graduate;0.0835;Aman;0.0644;Aman;validasi silang
MHS0782;1;17;1;9670;1;1;113.0;1;1;1;5;4;106.7;1;0;1;1;0;0;20;0;0;6;10;2;11.666666666666666;0;0;6;10;4;10.5;0;15.5;2.8;-4.06;Dropout;0.6865;Kritis;0.9641;Kritis;validasi silang
MHS0783;1;1;1;9500;1;1;152.0;1;19;37;3;8;156.9;0;0;0;1;0;1;18;0;0;7;10;7;14.668;0;0;8;8;8;14.63375;0;15.5;2.8;-4.06;Graduate;0.0262;Aman;0.027;Aman;validasi silang
MHS0784;1;1;3;9500;1;1;154.0;1;3;3;1;3;129.0;1;0;0;1;0;0;18;0;0;8;9;6;13.345;2;0;8;9;6;13.345;2;9.4;-0.8;-3.12;Enrolled;0.1225;Aman;0.7168;Kritis;mahasiswa aktif
MHS0785;1;1;2;9773;1;1;130.0;1;1;34;9;9;124.8;1;0;0;1;0;1;20;0;0;6;7;5;12.8;0;0;6;6;6;12.333333333333334;0;12.4;0.5;1.79;Graduate;0.0966;Aman;0.0437;Aman;validasi silang
MHS0786;1;1;1;9238;1;1;121.0;1;1;1;1;1;115.1;1;0;0;1;0;0;19;0;0;6;10;6;10.833333333333334;0;0;6;7;6;12.142857142857142;0;11.1;0.6;2.02;Graduate;0.1403;Aman;0.0455;Aman;validasi silang
MHS0787;1;1;1;9070;1;1;153.0;1;3;3;1;2;146.7;1;0;0;1;0;0;18;0;0;6;6;6;13.666666666666666;0;0;6;6;5;14.0;0;12.7;3.7;-1.7;Graduate;0.1422;Aman;0.071;Aman;validasi silang
MHS0788;1;1;1;9500;1;1;148.0;1;3;1;4;5;132.8;0;0;0;1;0;0;18;0;0;8;8;7;14.537142857142856;0;0;8;8;7;14.537142857142856;0;10.8;1.4;1.74;Graduate;0.1031;Aman;0.027;Aman;validasi silang
MHS0789;1;5;3;9085;1;1;143.0;1;37;37;0;90;159.1;0;0;1;1;0;1;18;0;0;5;5;5;14.4;0;0;5;5;5;14.0;0;7.6;2.6;0.32;Dropout;0.1346;Aman;0.0449;Aman;validasi silang
MHS0790;1;17;3;171;1;1;147.0;1;19;1;5;4;137.6;1;0;0;1;0;1;20;0;0;0;0;0;0.0;0;0;0;0;0;0.0;0;12.7;3.7;-1.7;Graduate;0.2205;Prioritas;0.3365;Aman;validasi silang
MHS0791;1;17;1;9773;1;1;138.0;1;1;19;9;9;124.0;0;0;0;1;0;1;19;0;0;6;6;6;13.166666666666666;0;0;6;6;6;13.833333333333334;0;11.1;0.6;2.02;Graduate;0.1124;Aman;0.0389;Aman;validasi silang
MHS0792;1;39;1;9500;1;1;120.0;1;3;3;2;2;149.0;0;0;0;0;1;0;36;0;0;6;15;2;11.5;0;0;7;9;0;0.0;0;15.5;2.8;-4.06;Dropout;0.9174;Kritis;0.9799;Kritis;data uji
MHS0793;1;17;1;9238;1;1;145.0;1;1;40;9;2;129.6;0;0;0;1;0;1;19;0;0;6;7;6;11.333333333333334;0;0;6;7;6;12.428571428571429;0;11.1;0.6;2.02;Graduate;0.1197;Aman;0.0361;Aman;validasi silang
MHS0794;1;17;3;9238;1;1;118.0;1;3;1;2;5;110.0;1;0;0;1;0;0;18;0;0;6;6;6;12.0;0;0;6;6;5;13.6;0;8.9;1.4;3.51;Graduate;0.2023;Aman;0.0484;Aman;data uji
MHS0795;1;1;3;9773;1;1;121.0;1;19;19;3;3;116.1;0;0;0;1;0;1;18;0;0;6;6;6;13.166666666666666;0;0;6;6;6;12.166666666666666;0;12.4;0.5;1.79;Graduate;0.0808;Aman;0.0493;Aman;validasi silang
MHS0796;1;1;3;9773;1;1;135.0;1;38;38;5;8;133.3;1;0;0;1;0;1;18;0;0;6;6;6;14.833333333333334;0;0;6;6;6;14.166666666666666;0;8.9;1.4;3.51;Graduate;0.05;Aman;0.0405;Aman;data uji
MHS0797;1;44;1;9070;1;1;140.0;1;1;1;9;8;144.3;1;0;0;1;0;0;19;0;2;7;7;7;13.0;0;5;9;9;9;13.22222222222222;0;12.4;0.5;1.79;Graduate;0.1928;Aman;0.0381;Aman;validasi silang
MHS0798;1;18;3;9500;1;1;145.0;1;1;1;4;8;133.6;1;0;0;1;0;0;18;0;0;7;8;7;13.087142857142856;0;0;8;8;8;12.95;0;11.1;0.6;2.02;Graduate;0.1805;Aman;0.0925;Aman;data uji
MHS0799;1;1;1;9130;1;1;133.0;1;1;37;9;9;123.2;1;0;0;1;0;1;19;0;0;6;8;6;13.333333333333334;0;0;6;7;6;13.666666666666666;0;8.9;1.4;3.51;Graduate;0.1007;Aman;0.0276;Aman;validasi silang
MHS0800;1;1;1;9853;1;1;127.0;1;3;1;3;7;137.2;1;0;0;1;0;0;18;0;0;6;7;6;12.166666666666666;0;0;6;10;4;12.75;0;10.8;1.4;1.74;Enrolled;0.374;Prioritas;0.1693;Aman;mahasiswa aktif
MHS0801;1;53;1;9070;1;42;130.0;1;40;19;3;5;130.0;1;0;0;0;0;1;22;0;0;6;8;6;11.0;0;0;6;10;4;12.0;0;8.9;1.4;3.51;Enrolled;0.4549;Prioritas;0.4367;Prioritas;mahasiswa aktif
MHS0802;1;1;2;9238;1;1;117.0;1;19;1;9;8;110.0;1;0;1;0;0;0;18;0;0;6;0;0;0.0;0;0;6;0;0;0.0;0;11.1;0.6;2.02;Dropout;0.8817;Kritis;0.9796;Kritis;validasi silang
MHS0803;1;17;4;9147;1;1;125.0;1;19;19;5;5;118.0;1;0;0;1;0;0;19;0;0;5;7;5;13.6;0;0;5;6;5;12.2;0;8.9;1.4;3.51;Graduate;0.4437;Prioritas;0.0331;Aman;data uji
MHS0804;1;1;1;9773;1;1;141.0;1;38;38;9;9;128.4;1;0;0;1;0;0;18;0;0;6;6;6;15.5;0;0;6;6;6;14.0;0;11.1;0.6;2.02;Graduate;0.1576;Aman;0.0709;Aman;validasi silang
MHS0805;1;1;3;9853;1;1;122.0;1;1;3;5;3;113.6;0;0;0;1;0;0;19;0;0;7;7;7;13.857142857142858;0;0;7;7;7;14.285714285714286;0;11.1;0.6;2.02;Graduate;0.5291;Prioritas;0.0366;Aman;validasi silang
MHS0806;1;17;2;9147;1;1;118.0;1;19;1;9;3;113.5;1;0;1;1;0;0;20;0;0;5;10;2;11.5;0;0;5;8;3;10.0;0;11.1;0.6;2.02;Enrolled;0.6977;Kritis;0.9697;Kritis;mahasiswa aktif
MHS0807;1;17;3;9070;1;1;142.0;1;1;38;3;5;146.9;1;0;0;1;0;1;18;0;0;6;6;6;13.0;0;0;6;6;6;12.166666666666666;0;16.2;0.3;-0.92;Graduate;0.0504;Aman;0.0358;Aman;validasi silang
MHS0808;1;1;1;9130;1;1;143.0;1;3;3;2;10;141.3;0;0;1;0;0;0;23;0;0;6;10;6;14.0;0;0;6;11;4;13.0;0;11.1;0.6;2.02;Enrolled;0.9368;Kritis;0.9131;Kritis;mahasiswa aktif
MHS0809;1;1;4;9773;1;1;143.0;1;1;3;4;7;129.7;1;0;0;1;0;0;20;0;0;4;4;0;0.0;0;0;6;0;0;0.0;0;8.9;1.4;3.51;Dropout;0.1663;Aman;0.9794;Kritis;validasi silang
MHS0810;1;1;5;9070;1;1;123.0;1;3;1;9;3;121.3;1;0;0;1;0;0;20;0;0;6;6;6;11.166666666666666;0;0;6;9;6;11.5;0;12.4;0.5;1.79;Enrolled;0.1947;Aman;0.0586;Aman;mahasiswa aktif
MHS0811;1;1;1;9238;1;1;115.0;1;1;1;9;4;109.1;1;0;1;0;0;1;22;0;0;6;0;0;0.0;0;0;6;0;0;0.0;0;12.4;0.5;1.79;Dropout;0.7311;Kritis;0.9733;Kritis;validasi silang
MHS0812;1;17;2;9853;1;1;112.0;1;19;38;5;7;107.1;1;0;0;1;0;1;18;0;0;7;8;7;12.142857142857142;0;0;7;9;6;13.666666666666666;0;11.1;0.6;2.02;Graduate;0.3778;Prioritas;0.1155;Aman;validasi silang
MHS0813;1;17;1;9500;1;1;135.0;1;19;38;9;9;129.2;0;0;0;1;0;1;18;0;0;7;7;7;14.145714285714286;0;0;8;9;8;13.627777777777778;0;11.1;0.6;2.02;Graduate;0.0409;Aman;0.0277;Aman;validasi silang
MHS0814;1;1;1;9500;1;1;162.0;1;3;4;3;3;154.1;0;0;0;1;0;0;18;0;0;7;7;7;14.45;0;0;8;9;8;14.144444444444444;0;11.1;0.6;2.02;Graduate;0.0631;Aman;0.0297;Aman;validasi silang
MHS0815;1;1;1;9853;1;1;143.0;1;19;3;4;4;147.2;0;0;0;1;0;0;18;0;0;7;7;7;15.714285714285714;0;0;7;7;7;15.0;0;11.1;0.6;2.02;Graduate;0.4883;Prioritas;0.0403;Aman;validasi silang
MHS0816;1;51;1;9147;1;1;130.0;1;1;1;4;4;120.0;0;0;0;1;0;0;21;0;0;5;9;5;12.8;0;0;5;11;3;12.666666666666666;0;11.1;0.6;2.02;Enrolled;0.4792;Prioritas;0.3884;Aman;mahasiswa aktif
MHS0817;1;17;1;9070;1;1;136.0;1;1;37;4;5;130.8;0;0;0;1;0;0;20;0;0;6;6;6;12.5;0;0;6;8;6;11.5;0;10.8;1.4;1.74;Enrolled;0.2046;Aman;0.0342;Aman;mahasiswa aktif
MHS0818;1;16;1;9070;1;1;125.0;1;1;1;4;4;120.8;1;0;0;1;0;0;18;0;0;6;6;6;14.5;0;0;6;6;6;12.833333333333334;0;12.4;0.5;1.79;Graduate;0.242;Prioritas;0.0519;Aman;validasi silang
MHS0819;1;17;2;9500;1;1;132.0;1;19;37;3;5;125.4;1;0;0;0;0;1;20;0;0;7;7;7;13.462857142857144;0;0;8;10;7;13.164285714285716;0;11.1;0.6;2.02;Enrolled;0.4096;Prioritas;0.2685;Aman;mahasiswa aktif
MHS0820;1;1;1;8014;0;1;123.0;1;34;37;9;90;121.3;1;0;0;1;0;0;25;0;0;6;6;6;12.833333333333334;0;0;6;6;6;12.833333333333334;0;7.6;2.6;0.32;Graduate;0.2229;Prioritas;0.0323;Aman;validasi silang
MHS0821;1;1;1;9147;1;1;142.0;1;19;19;9;9;127.0;1;0;0;1;0;1;18;0;0;5;10;5;12.0;0;0;5;8;4;11.6;0;13.9;-0.3;0.79;Graduate;0.1154;Aman;0.0497;Aman;data uji
MHS0822;1;1;3;171;1;1;147.0;1;12;19;9;3;151.6;1;0;0;1;0;0;19;0;0;0;0;0;0.0;0;0;0;0;0;0.0;0;13.9;-0.3;0.79;Graduate;0.2808;Prioritas;0.2633;Aman;validasi silang
MHS0823;1;1;1;9085;1;1;140.0;6;1;19;4;7;131.6;1;0;0;1;0;0;20;1;0;7;9;6;14.714285714285714;0;1;7;16;6;13.2;0;12.4;0.5;1.79;Enrolled;0.1056;Aman;0.0859;Aman;mahasiswa aktif
MHS0824;1;1;2;9238;1;1;133.1;1;19;19;9;9;106.0;1;0;0;1;0;1;20;0;0;6;7;6;12.571428571428571;0;0;6;7;6;13.285714285714286;0;12.4;0.5;1.79;Graduate;0.0469;Aman;0.0471;Aman;data uji
MHS0825;1;18;4;9773;1;1;114.0;1;1;1;9;9;111.6;1;0;0;1;0;1;21;0;0;6;6;6;12.5;0;0;6;6;6;11.5;0;11.1;0.6;2.02;Graduate;0.1484;Aman;0.0931;Aman;validasi silang
MHS0826;1;17;3;9670;1;1;125.0;1;1;3;4;3;117.3;1;0;0;1;0;0;18;0;0;6;8;6;14.0;0;0;6;9;5;14.0;0;8.9;1.4;3.51;Graduate;0.2388;Prioritas;0.0664;Aman;validasi silang
MHS0827;1;17;1;9853;1;1;127.0;1;1;1;5;7;121.4;1;0;0;1;0;0;18;0;0;7;8;7;11.571428571428571;0;0;7;9;6;13.166666666666666;0;11.1;0.6;2.02;Dropout;0.6236;Prioritas;0.0625;Aman;validasi silang
MHS0828;1;1;3;9070;1;1;132.0;1;1;3;9;7;126.1;1;0;0;1;0;1;18;0;0;6;6;6;15.833333333333334;0;0;6;6;6;15.333333333333334;0;11.1;0.6;2.02;Graduate;0.0616;Aman;0.1489;Aman;validasi silang
MHS0829;1;1;4;9500;1;1;148.0;1;19;19;4;5;137.0;1;0;0;1;0;0;18;0;0;8;8;8;14.25;0;0;8;8;8;14.25;0;9.4;-0.8;-3.12;Graduate;0.1149;Aman;0.0301;Aman;data uji
MHS0830;1;43;1;9670;1;1;139.0;1;3;19;3;5;120.8;0;0;0;1;0;0;19;0;0;6;0;0;0.0;0;0;6;0;0;0.0;0;15.5;2.8;-4.06;Dropout;0.2708;Prioritas;0.9788;Kritis;validasi silang
MHS0831;1;17;1;9254;1;1;136.0;1;39;3;3;3;128.7;1;0;0;1;0;0;20;0;0;6;8;6;11.666666666666666;0;0;6;10;6;11.0;0;13.9;-0.3;0.79;Dropout;0.4083;Prioritas;0.0385;Aman;validasi silang
MHS0832;1;39;1;9238;1;9;133.1;1;34;34;0;0;118.0;0;0;0;1;0;0;47;0;0;6;12;0;0.0;0;0;5;10;0;0.0;0;7.6;2.6;0.32;Dropout;0.7981;Kritis;0.98;Kritis;data uji
MHS0833;1;43;1;9130;1;1;120.0;6;1;3;9;2;120.0;0;0;1;1;0;0;21;1;2;5;9;5;13.2;2;0;5;7;2;12.5;2;10.8;1.4;1.74;Enrolled;0.4771;Prioritas;0.822;Kritis;mahasiswa aktif
MHS0834;2;39;1;9130;1;1;130.0;1;37;37;9;6;160.0;0;0;0;1;1;0;31;0;1;6;11;2;12.0;1;1;6;12;1;10.0;1;16.2;0.3;-0.92;Dropout;0.5123;Prioritas;0.9725;Kritis;validasi silang
MHS0835;2;39;1;9119;1;1;110.0;1;37;37;90;5;150.0;1;0;0;1;1;0;46;0;0;5;6;0;0.0;0;0;5;5;0;0.0;0;7.6;2.6;0.32;Dropout;0.7974;Kritis;0.9795;Kritis;validasi silang
MHS0836;1;1;3;9119;1;1;133.0;1;3;1;3;4;121.8;1;0;0;1;1;0;18;0;0;5;9;4;12.0;0;0;5;10;2;11.0;0;8.9;1.4;3.51;Enrolled;0.6473;Prioritas;0.9671;Kritis;mahasiswa aktif
MHS0837;1;17;3;9119;1;1;138.0;1;3;3;3;4;125.4;1;1;0;1;1;0;19;0;0;5;10;3;13.333333333333334;0;0;5;9;4;10.75;0;8.9;1.4;3.51;Dropout;0.7277;Kritis;0.6773;Kritis;data uji
MHS0838;1;51;1;9556;1;1;131.0;1;1;37;152;193;126.6;1;0;0;1;1;0;23;0;0;7;11;5;12.414285714285713;0;0;7;13;2;13.5;0;8.9;1.4;3.51;Enrolled;0.2885;Prioritas;0.9642;Kritis;mahasiswa aktif
MHS0839;1;44;1;9130;1;39;150.0;1;3;1;2;8;150.0;0;0;0;0;1;0;22;0;0;5;5;0;0.0;0;0;5;5;0;0.0;0;12.7;3.7;-1.7;Dropout;0.9639;Kritis;0.9783;Kritis;validasi silang
MHS0840;1;1;1;9147;1;1;125.0;1;38;1;3;10;114.5;1;0;0;1;1;0;19;0;0;5;5;5;13.8;0;0;5;7;5;12.4;0;9.4;-0.8;-3.12;Graduate;0.4176;Prioritas;0.0473;Aman;data uji
MHS0841;1;1;1;9147;1;1;108.0;41;3;3;9;9;107.0;0;0;1;0;0;0;19;1;0;5;14;0;0.0;0;0;5;5;0;0.0;0;8.9;1.4;3.51;Dropout;0.8988;Kritis;0.9789;Kritis;data uji
MHS0842;1;17;1;9147;1;1;116.0;1;3;1;3;4;115.7;0;0;0;0;1;0;22;0;0;5;10;4;11.5;0;0;5;11;4;14.0;0;8.9;1.4;3.51;Enrolled;0.9519;Kritis;0.9344;Kritis;mahasiswa aktif
MHS0843;1;39;1;9130;1;1;133.1;1;3;34;3;0;120.0;0;0;1;0;1;0;29;0;0;5;11;0;0.0;4;0;5;6;0;0.0;1;9.4;-0.8;-3.12;Dropout;0.9921;Kritis;0.9801;Kritis;data uji
MHS0844;1;1;3;9500;1;1;147.0;1;37;38;9;5;134.8;1;0;0;1;0;0;18;0;0;7;7;6;14.016666666666666;0;0;7;7;6;14.016666666666666;0;7.6;2.6;0.32;Graduate;0.0788;Aman;0.0278;Aman;data uji
MHS0845;1;1;1;9238;1;1;143.0;1;38;34;9;9;133.6;1;0;0;1;0;0;18;0;0;6;9;5;11.4;0;0;6;8;5;10.8;0;9.4;-0.8;-3.12;Graduate;0.1659;Aman;0.1579;Aman;validasi silang
MHS0846;1;1;1;171;1;1;115.0;1;37;37;9;8;129.0;1;0;1;0;0;1;23;0;0;0;0;0;0.0;0;0;0;0;0;0.0;0;9.4;-0.8;-3.12;Dropout;0.7925;Kritis;0.8189;Kritis;validasi silang
MHS0847;2;39;1;9991;0;1;160.0;1;1;1;194;131;128.4;0;0;0;1;0;0;34;0;0;5;12;5;10.4;0;0;5;11;5;12.0;0;12.4;0.5;1.79;Graduate;0.4974;Prioritas;0.1058;Aman;validasi silang
MHS0848;1;17;1;9147;1;1;118.0;1;19;19;9;9;122.2;0;0;0;1;0;0;19;0;0;5;11;3;10.666666666666666;0;0;5;9;4;10.25;0;11.1;0.6;2.02;Graduate;0.3752;Prioritas;0.4982;Prioritas;validasi silang
MHS0849;1;1;1;9085;1;1;122.0;1;1;1;2;5;113.3;1;0;0;1;0;0;18;0;0;5;9;4;14.25;0;0;5;8;5;12.714285714285714;0;10.8;1.4;1.74;Enrolled;0.2322;Prioritas;0.0474;Aman;mahasiswa aktif
MHS0850;1;17;6;9500;1;1;143.0;1;1;19;4;4;129.9;0;0;0;1;0;1;20;0;3;7;7;7;13.914285714285713;0;5;8;8;8;14.10625;0;11.1;0.6;2.02;Graduate;0.0563;Aman;0.0379;Aman;validasi silang
MHS0851;1;1;6;9500;1;1;133.0;1;3;3;1;1;126.2;1;0;0;1;0;0;19;0;0;7;9;7;13.761111111111113;0;0;8;11;7;12.82375;0;15.5;2.8;-4.06;Graduate;0.1309;Aman;0.0665;Aman;validasi silang
MHS0852;1;5;2;9853;1;1;122.0;1;19;19;4;5;112.6;1;0;0;1;0;0;22;0;0;6;10;5;12.6;0;0;6;9;4;11.25;0;12.7;3.7;-1.7;Enrolled;0.6284;Prioritas;0.3989;Aman;mahasiswa aktif
MHS0853;1;1;1;9238;1;1;164.0;1;19;19;9;9;149.0;1;0;0;1;0;1;23;0;0;6;7;6;13.857142857142858;0;0;6;6;6;14.166666666666666;0;10.8;1.4;1.74;Graduate;0.0269;Aman;0.0307;Aman;validasi silang
MHS0854;2;39;1;9500;1;1;133.1;1;1;19;9;9;120.0;0;0;0;1;1;1;34;0;0;8;8;7;13.842857142857143;0;0;8;8;7;13.842857142857143;0;12.7;3.7;-1.7;Graduate;0.1304;Aman;0.0416;Aman;validasi silang
MHS0855;1;17;4;9119;1;1;127.0;1;19;19;5;5;120.4;1;0;1;0;1;0;18;0;0;5;12;0;0.0;0;0;5;8;0;0.0;0;9.4;-0.8;-3.12;Enrolled;0.9938;Kritis;0.9801;Kritis;mahasiswa aktif
MHS0856;1;1;3;9773;1;1;140.0;1;1;39;4;1;128.1;1;1;0;1;1;0;21;0;0;6;6;5;11.8;0;0;6;9;0;0.0;0;16.2;0.3;-0.92;Dropout;0.4523;Prioritas;0.9749;Kritis;validasi silang
MHS0857;1;1;1;9238;1;1;127.0;1;1;19;4;3;141.7;1;0;0;1;1;0;22;0;0;6;6;6;12.666666666666666;0;0;6;6;6;13.833333333333334;0;10.8;1.4;1.74;Dropout;0.1466;Aman;0.0342;Aman;validasi silang
MHS0858;1;39;1;9003;1;12;133.1;1;37;1;9;10;130.0;0;0;0;1;1;0;28;0;0;6;6;0;0.0;0;0;6;6;0;0.0;0;11.1;0.6;2.02;Dropout;0.4893;Prioritas;0.9788;Kritis;validasi silang
MHS0859;1;5;4;9119;1;1;115.0;1;19;37;4;6;113.3;1;0;0;1;1;0;23;0;0;5;7;0;0.0;0;0;5;5;0;0.0;0;7.6;2.6;0.32;Dropout;0.5539;Prioritas;0.9788;Kritis;validasi silang
MHS0860;1;1;1;9773;1;1;108.0;1;34;38;0;3;105.9;0;0;0;1;1;0;20;0;0;6;11;4;10.75;0;0;6;13;2;10.0;0;7.6;2.6;0.32;Dropout;0.6724;Kritis;0.9701;Kritis;validasi silang
MHS0861;1;18;2;9119;1;1;136.0;1;1;2;5;4;122.7;1;0;0;1;1;0;18;0;0;5;7;5;12.6;0;0;5;9;3;13.25;0;13.9;-0.3;0.79;Dropout;0.896;Kritis;0.6813;Kritis;validasi silang
MHS0862;1;39;2;9147;1;12;133.1;1;19;38;9;9;120.0;1;0;1;0;1;0;28;0;0;5;5;0;0.0;0;0;5;5;0;0.0;0;9.4;-0.8;-3.12;Dropout;0.9908;Kritis;0.9797;Kritis;validasi silang
MHS0863;1;44;1;9070;1;39;120.0;1;1;19;5;8;119.8;0;0;0;1;1;0;21;0;2;7;7;2;12.0;0;5;9;10;7;12.142857142857142;0;12.4;0.5;1.79;Dropout;0.502;Prioritas;0.9169;Kritis;validasi silang
MHS0864;1;39;1;9670;1;1;133.1;1;38;19;9;8;122.9;0;0;1;0;1;0;25;0;0;6;7;3;14.0;0;0;6;9;2;14.5;0;13.9;-0.3;0.79;Dropout;0.9807;Kritis;0.9771;Kritis;validasi silang
MHS0865;1;44;1;9085;1;39;160.0;1;1;1;5;4;160.0;1;1;0;0;1;0;19;0;2;6;6;6;14.0;0;1;6;11;6;13.5;0;12.4;0.5;1.79;Dropout;0.9662;Kritis;0.2092;Aman;validasi silang
MHS0866;1;1;4;9500;1;1;128.0;1;1;1;4;10;125.2;1;0;0;1;1;1;18;0;0;7;7;7;14.682857142857143;0;0;8;9;8;15.055555555555555;0;12.4;0.5;1.79;Graduate;0.0901;Aman;0.0488;Aman;validasi silang
MHS0867;1;39;1;9119;1;3;130.0;1;1;38;90;90;143.4;0;0;0;1;1;0;29;0;0;3;3;0;0.0;3;0;5;0;0;0.0;0;10.8;1.4;1.74;Dropout;0.9272;Kritis;0.9786;Kritis;validasi silang
MHS0868;1;39;1;9119;1;19;133.1;1;37;38;3;7;96.7;0;0;0;1;1;1;29;0;0;5;6;0;0.0;0;0;5;7;0;0.0;0;12.4;0.5;1.79;Dropout;0.6953;Kritis;0.979;Kritis;data uji
MHS0869;1;18;1;9254;1;1;137.0;1;19;19;4;5;126.9;0;0;0;1;1;0;20;0;0;6;7;6;13.857142857142858;0;0;6;7;5;12.8;0;16.2;0.3;-0.92;Graduate;0.6519;Kritis;0.0624;Aman;validasi silang
MHS0870;1;1;1;171;1;1;163.0;1;19;1;9;7;143.1;0;0;0;1;1;0;18;0;0;0;0;0;0.0;0;0;0;0;0;0.0;0;9.4;-0.8;-3.12;Graduate;0.4588;Prioritas;0.4014;Prioritas;validasi silang
MHS0871;1;1;1;9254;1;1;125.0;1;1;1;191;193;114.5;0;0;0;1;1;0;20;0;0;6;8;6;13.142857142857142;0;0;6;7;6;12.5;0;8.9;1.4;3.51;Graduate;0.3308;Prioritas;0.0332;Aman;validasi silang
MHS0872;2;39;1;9119;1;1;120.0;1;34;34;0;0;140.0;1;0;0;1;1;0;33;0;0;5;14;1;18.0;0;0;5;9;2;13.0;0;9.4;-0.8;-3.12;Dropout;0.9243;Kritis;0.9707;Kritis;validasi silang
MHS0873;1;42;1;9991;0;1;150.0;1;19;19;5;5;113.7;0;0;0;1;1;0;30;0;11;15;15;13;11.461538461538462;0;6;11;15;10;11.583333333333334;1;16.2;0.3;-0.92;Graduate;0.7747;Kritis;0.3138;Aman;validasi silang
MHS0874;1;1;1;9556;1;1;135.0;1;1;1;1;1;131.5;0;0;0;1;1;1;21;0;0;7;14;5;11.2;0;0;8;11;6;11.583333333333334;0;16.2;0.3;-0.92;Enrolled;0.1992;Aman;0.2374;Aman;mahasiswa aktif
MHS0875;1;1;1;9003;1;1;148.0;1;1;19;194;194;143.5;0;0;1;1;1;0;18;0;0;6;6;5;15.0;0;0;6;8;4;14.5;0;8.9;1.4;3.51;Graduate;0.1758;Aman;0.6313;Prioritas;validasi silang
MHS0876;1;1;1;9500;1;1;138.0;1;38;38;9;9;126.8;0;0;0;1;1;1;19;0;0;7;9;7;14.244444444444444;0;0;8;12;8;12.233333333333333;0;15.5;2.8;-4.06;Graduate;0.0625;Aman;0.0312;Aman;data uji
MHS0877;1;17;1;9070;1;1;119.0;1;38;19;9;9;115.2;0;0;0;1;1;1;21;0;0;6;8;4;11.5;0;0;6;7;5;11.0;0;15.5;2.8;-4.06;Dropout;0.1785;Aman;0.1661;Aman;validasi silang
MHS0878;1;39;2;9556;1;1;130.0;1;19;19;4;5;100.0;0;0;0;1;1;1;25;0;0;7;7;2;10.0;0;0;7;7;0;0.0;0;15.5;2.8;-4.06;Dropout;0.5567;Prioritas;0.9776;Kritis;validasi silang
MHS0879;1;1;2;9670;1;1;135.0;1;19;19;7;10;121.4;0;0;0;1;1;0;19;0;0;5;7;3;12.333333333333334;0;0;5;5;5;11.6;0;9.4;-0.8;-3.12;Graduate;0.391;Prioritas;0.1533;Aman;validasi silang
MHS0880;1;44;1;9070;1;39;120.0;1;19;1;9;3;120.0;1;0;0;1;1;0;23;0;2;7;8;5;12.2;0;5;9;10;7;12.142857142857142;1;16.2;0.3;-0.92;Dropout;0.5222;Prioritas;0.7231;Kritis;validasi silang
MHS0881;1;17;2;9070;1;1;126.0;1;38;38;9;8;129.9;1;0;0;1;1;1;19;0;0;6;6;6;13.666666666666666;0;0;6;7;5;13.2;0;12.4;0.5;1.79;Graduate;0.0972;Aman;0.0618;Aman;validasi silang
MHS0882;1;1;1;171;1;1;149.0;1;3;2;2;5;151.1;1;0;0;1;1;0;19;0;0;0;0;0;0.0;0;0;0;0;0;0.0;0;9.4;-0.8;-3.12;Graduate;0.4845;Prioritas;0.1813;Aman;validasi silang
MHS0883;1;39;1;9003;1;1;110.0;1;19;37;9;6;120.0;0;0;1;0;1;0;31;0;0;6;15;1;11.0;0;0;6;10;0;0.0;0;16.2;0.3;-0.92;Dropout;0.9715;Kritis;0.9801;Kritis;data uji
MHS0884;1;39;1;9003;1;1;133.1;1;37;37;4;7;130.0;0;0;1;0;1;0;32;0;0;6;8;3;13.0;0;4;10;14;6;11.428571428571429;0;16.2;0.3;-0.92;Dropout;0.9789;Kritis;0.9749;Kritis;validasi silang
MHS0885;1;16;2;9500;1;1;127.0;1;2;38;4;9;119.0;1;0;0;1;0;1;19;0;0;8;12;7;12.599999999999998;0;0;8;12;7;12.599999999999998;0;10.8;1.4;1.74;Graduate;0.0279;Aman;0.0502;Aman;validasi silang
MHS0886;1;42;1;9773;1;6;120.0;1;34;34;0;0;122.0;1;0;0;1;0;0;34;0;8;10;11;10;12.2;0;5;10;12;9;12.333333333333334;0;7.6;2.6;0.32;Graduate;0.79;Kritis;0.1254;Aman;data uji
MHS0887;1;16;6;9773;1;1;136.0;1;38;14;0;0;129.7;1;0;0;1;0;0;21;0;0;6;6;6;13.166666666666666;0;0;6;6;6;13.0;0;7.6;2.6;0.32;Graduate;0.4829;Prioritas;0.0896;Aman;validasi silang
MHS0888;1;43;2;9238;1;1;110.0;1;37;37;9;7;112.5;1;0;0;1;0;1;53;0;4;7;16;6;11.0;0;2;7;9;7;11.0;0;9.4;-0.8;-3.12;Graduate;0.0708;Aman;0.0758;Aman;validasi silang
MHS0889;1;1;1;9500;1;1;136.0;1;19;19;4;7;136.0;0;0;0;1;0;1;19;0;0;7;7;7;14.014285714285714;0;0;8;8;8;15.35;0;13.9;-0.3;0.79;Graduate;0.0346;Aman;0.0283;Aman;data uji
MHS0890;1;1;3;9773;1;1;145.0;1;38;38;9;5;133.1;0;0;0;1;0;1;20;0;0;6;9;4;13.0;0;0;6;13;4;11.25;0;10.8;1.4;1.74;Graduate;0.0506;Aman;0.2919;Aman;validasi silang
MHS0891;1;1;2;9773;1;1;159.0;1;1;19;9;9;151.3;1;0;0;1;0;0;18;0;0;6;6;6;14.0;0;0;6;6;6;14.666666666666666;0;10.8;1.4;1.74;Graduate;0.1438;Aman;0.0515;Aman;data uji
MHS0892;1;39;1;171;1;1;147.0;1;37;38;175;193;133.3;0;0;0;0;0;0;32;0;0;0;0;0;0.0;0;0;0;0;0;0.0;0;16.2;0.3;-0.92;Dropout;0.9347;Kritis;0.9488;Kritis;validasi silang
MHS0893;1;43;1;9500;1;1;150.0;1;37;37;9;9;130.8;1;0;0;1;0;1;21;0;0;8;8;7;14.428571428571429;0;0;8;8;7;14.428571428571429;0;12.7;3.7;-1.7;Graduate;0.0484;Aman;0.0279;Aman;data uji
MHS0894;1;7;1;8014;0;3;140.0;1;37;12;9;4;140.0;0;0;0;0;0;0;26;0;0;5;9;0;0.0;0;0;5;10;0;0.0;0;9.4;-0.8;-3.12;Dropout;0.8989;Kritis;0.9796;Kritis;validasi silang
MHS0895;1;42;1;9085;1;39;150.0;1;1;1;4;7;150.0;1;0;0;1;0;0;26;0;11;18;45;18;11.833333333333334;10;9;13;27;13;12.461538461538462;5;15.5;2.8;-4.06;Graduate;0.4108;Prioritas;0.1019;Aman;validasi silang
MHS0896;2;44;1;9991;0;39;130.0;1;1;37;4;9;130.0;0;0;0;0;0;0;21;0;0;5;12;3;11.333333333333334;0;0;5;10;1;13.0;0;15.5;2.8;-4.06;Dropout;0.8985;Kritis;0.9763;Kritis;validasi silang
MHS0897;1;17;1;9773;1;1;120.0;1;37;37;5;5;125.3;0;0;0;1;0;0;18;0;0;6;9;6;12.5;0;0;6;9;6;13.0;0;7.6;2.6;0.32;Graduate;0.2733;Prioritas;0.0404;Aman;validasi silang
MHS0898;1;43;1;9070;1;39;130.0;1;19;37;5;9;124.0;1;0;0;1;0;1;21;0;4;12;12;12;13.333333333333334;0;5;12;12;11;12.545454545454543;0;15.5;2.8;-4.06;Graduate;0.1734;Aman;0.0397;Aman;validasi silang
MHS0899;1;1;1;9254;1;1;112.0;1;38;19;9;5;113.8;1;0;0;1;0;0;21;0;0;6;10;6;10.833333333333334;0;0;6;10;4;11.0;0;7.6;2.6;0.32;Enrolled;0.235;Prioritas;0.1688;Aman;mahasiswa aktif
MHS0900;1;17;1;9670;1;1;128.0;1;19;19;7;7;124.4;0;0;0;1;0;1;19;0;0;6;6;6;13.0;0;0;6;6;6;14.0;0;13.9;-0.3;0.79;Graduate;0.1024;Aman;0.0285;Aman;validasi silang
MHS0901;1;17;1;9147;1;1;114.0;1;19;19;9;7;107.7;0;0;0;1;0;0;19;0;0;5;7;2;10.0;0;0;5;11;2;14.0;0;10.8;1.4;1.74;Dropout;0.3731;Prioritas;0.978;Kritis;validasi silang
MHS0902;1;43;2;9238;1;1;118.0;1;38;38;5;5;110.0;0;0;0;1;0;1;19;0;0;6;8;6;11.428571428571429;0;0;6;11;5;11.2;0;10.8;1.4;1.74;Graduate;0.0481;Aman;0.1063;Aman;validasi silang
MHS0903;1;7;1;9500;1;3;130.0;1;37;38;7;7;130.0;1;0;0;1;0;0;27;0;0;8;8;8;12.8875;0;0;8;8;8;12.8875;0;9.4;-0.8;-3.12;Graduate;0.4386;Prioritas;0.0317;Aman;validasi silang
MHS0904;1;1;2;9500;1;1;145.0;1;37;1;9;4;138.8;1;0;0;1;0;1;18;0;0;7;7;6;12.95;0;0;7;7;6;12.95;0;7.6;2.6;0.32;Graduate;0.0331;Aman;0.0417;Aman;data uji
MHS0905;1;1;2;9147;1;1;121.0;1;19;19;9;9;126.3;1;0;0;1;0;0;20;0;0;5;12;1;10.0;2;0;5;5;0;0.0;0;12.7;3.7;-1.7;Dropout;0.3095;Prioritas;0.9785;Kritis;validasi silang
MHS0906;1;1;3;9500;1;1;114.0;1;1;1;5;5;114.5;1;0;0;1;0;1;19;0;0;7;7;7;13.094285714285714;0;0;8;8;8;12.55;0;12.4;0.5;1.79;Graduate;0.0587;Aman;0.0368;Aman;validasi silang
MHS0907;1;1;4;9670;1;1;127.0;1;1;1;7;7;116.5;1;0;0;1;0;0;20;0;0;6;7;0;0.0;0;0;6;6;0;0.0;0;16.2;0.3;-0.92;Dropout;0.3556;Prioritas;0.9796;Kritis;validasi silang
MHS0908;1;17;2;9238;1;1;145.0;1;19;38;7;6;128.6;1;0;0;1;0;1;19;0;0;6;12;5;11.714285714285714;0;0;6;11;6;11.0;0;12.7;3.7;-1.7;Graduate;0.0601;Aman;0.0673;Aman;validasi silang
MHS0909;1;17;5;9238;1;1;130.0;1;19;1;5;5;130.0;1;0;0;1;0;0;20;0;0;6;8;4;11.25;0;0;6;15;3;10.0;0;9.4;-0.8;-3.12;Enrolled;0.2463;Prioritas;0.9423;Kritis;mahasiswa aktif
MHS0910;1;1;1;171;1;1;150.0;1;38;19;7;10;134.6;0;0;0;1;0;0;20;0;0;0;0;0;0.0;0;0;0;0;0;0.0;0;15.5;2.8;-4.06;Dropout;0.2544;Prioritas;0.7483;Kritis;validasi silang
MHS0911;1;1;1;9853;1;1;145.0;1;37;37;9;5;146.8;0;0;0;1;0;0;18;0;0;6;6;6;13.166666666666666;0;0;6;6;6;13.333333333333334;0;7.6;2.6;0.32;Graduate;0.3865;Prioritas;0.0355;Aman;validasi silang
MHS0912;1;1;1;9085;1;1;128.0;1;19;1;5;4;135.7;1;0;0;1;0;0;20;0;0;5;7;4;12.75;0;0;5;5;5;13.4;0;10.8;1.4;1.74;Graduate;0.2146;Aman;0.0383;Aman;validasi silang
MHS0913;2;39;1;9991;0;1;140.0;1;37;37;9;9;120.0;0;0;0;0;0;0;38;0;0;5;6;5;10.6;0;0;5;9;2;11.0;0;12.7;3.7;-1.7;Dropout;0.9305;Kritis;0.9579;Kritis;validasi silang
MHS0914;4;39;1;8014;0;1;130.0;1;37;37;9;7;138.0;0;0;0;1;0;0;42;0;0;6;8;5;11.2;0;0;6;6;6;12.0;0;8.9;1.4;3.51;Graduate;0.2366;Prioritas;0.0387;Aman;data uji
MHS0915;1;39;1;9500;1;1;140.0;1;37;37;9;6;135.5;0;0;0;1;0;0;32;0;0;7;0;0;0.0;0;0;8;0;0;0.0;0;13.9;-0.3;0.79;Dropout;0.2061;Aman;0.9799;Kritis;validasi silang
MHS0916;1;15;1;9773;1;1;120.0;26;19;19;4;5;120.0;1;0;0;1;0;0;22;1;0;6;6;6;13.0;0;0;6;6;6;13.666666666666666;0;12.4;0.5;1.79;Graduate;0.1009;Aman;0.0503;Aman;validasi silang
MHS0917;2;39;1;9991;0;1;147.0;1;34;34;90;90;111.7;1;0;0;1;0;0;28;0;0;5;10;0;0.0;0;0;5;5;0;0.0;0;7.6;2.6;0.32;Dropout;0.8056;Kritis;0.9788;Kritis;validasi silang
MHS0918;2;39;1;8014;0;9;133.1;1;37;37;8;10;100.0;1;0;0;1;0;0;37;0;0;6;0;0;0.0;0;0;6;0;0;0.0;0;9.4;-0.8;-3.12;Dropout;0.4053;Prioritas;0.9795;Kritis;validasi silang
MHS0919;2;44;1;9003;1;39;160.0;1;37;38;9;4;160.0;0;0;0;1;0;0;43;0;0;6;8;6;14.166666666666666;0;0;6;9;6;15.0;0;15.5;2.8;-4.06;Graduate;0.2562;Prioritas;0.0412;Aman;validasi silang
MHS0920;6;39;1;8014;0;1;133.1;1;37;1;9;7;114.8;0;0;0;1;0;1;41;0;0;6;10;5;12.833333333333334;0;0;6;6;6;12.333333333333334;0;13.9;-0.3;0.79;Graduate;0.2154;Aman;0.0425;Aman;validasi silang
MHS0921;4;39;1;8014;0;19;140.0;1;37;37;9;3;131.0;0;0;0;1;0;1;29;0;0;6;11;4;11.75;0;0;6;9;5;10.4;0;10.8;1.4;1.74;Graduate;0.098;Aman;0.2123;Aman;data uji
MHS0922;1;39;1;8014;0;1;133.1;1;37;37;9;9;97.0;0;0;0;1;0;1;35;0;0;6;8;6;10.833333333333334;0;0;6;7;6;11.5;0;10.8;1.4;1.74;Graduate;0.1366;Aman;0.0282;Aman;validasi silang
MHS0923;1;17;6;9238;1;1;131.0;1;1;3;4;2;131.7;1;0;0;1;0;0;18;0;0;6;8;4;11.75;0;0;6;8;4;12.25;0;9.4;-0.8;-3.12;Dropout;0.1796;Aman;0.3258;Aman;data uji
MHS0924;1;39;1;9500;1;19;133.1;1;37;37;9;6;120.0;0;0;0;0;0;1;39;0;0;7;14;3;11.5;0;0;7;9;2;10.5;0;16.2;0.3;-0.92;Dropout;0.6628;Kritis;0.9704;Kritis;validasi silang
MHS0925;4;39;1;9991;0;1;120.0;1;37;37;9;9;110.0;0;0;0;1;0;0;37;0;0;5;14;2;10.0;0;0;5;7;3;11.333333333333334;0;12.7;3.7;-1.7;Enrolled;0.6248;Prioritas;0.9675;Kritis;mahasiswa aktif
MHS0926;1;39;1;9500;1;1;130.0;1;37;37;9;7;133.0;1;0;0;1;0;1;26;0;0;7;7;6;13.7;0;0;7;7;6;13.7;0;7.6;2.6;0.32;Graduate;0.0641;Aman;0.0335;Aman;validasi silang
MHS0927;1;7;1;9085;1;3;140.0;1;19;20;4;90;140.0;1;0;0;1;0;0;32;0;0;5;8;1;14.0;2;0;5;12;0;0.0;4;10.8;1.4;1.74;Dropout;0.5239;Prioritas;0.9788;Kritis;validasi silang
MHS0928;2;39;1;8014;0;1;133.1;1;37;37;6;8;100.0;0;0;1;1;0;0;37;0;3;8;12;7;11.375;0;2;7;10;6;12.166666666666666;0;13.9;-0.3;0.79;Enrolled;0.5619;Prioritas;0.2613;Aman;mahasiswa aktif
MHS0929;1;39;1;9085;1;1;140.0;1;37;19;191;163;129.3;1;0;1;1;0;0;28;0;0;6;17;0;0.0;0;0;6;6;0;0.0;0;8.9;1.4;3.51;Enrolled;0.3905;Prioritas;0.9785;Kritis;mahasiswa aktif
MHS0930;1;1;1;9238;1;1;133.1;1;19;37;0;0;137.0;1;0;0;1;0;0;19;0;0;6;10;0;0.0;4;0;6;0;0;0.0;0;7.6;2.6;0.32;Dropout;0.1565;Aman;0.9794;Kritis;validasi silang
MHS0931;1;1;5;9147;1;1;125.0;1;37;38;7;7;122.2;1;0;0;1;0;0;18;0;0;5;9;1;11.0;0;0;5;9;2;12.5;0;7.6;2.6;0.32;Enrolled;0.3163;Prioritas;0.9756;Kritis;mahasiswa aktif
MHS0932;1;1;1;9853;1;1;115.0;1;19;38;9;9;108.0;0;0;0;1;0;1;19;0;0;7;10;6;13.0;0;0;7;7;7;13.285714285714286;0;12.4;0.5;1.79;Graduate;0.2196;Aman;0.031;Aman;validasi silang
MHS0933;2;7;1;9670;1;3;110.0;1;37;37;7;7;110.0;0;0;0;1;0;0;32;0;4;11;15;8;13.6;0;2;8;10;8;15.11111111111111;0;13.9;-0.3;0.79;Graduate;0.5616;Prioritas;0.128;Aman;validasi silang
MHS0934;2;39;1;9147;1;1;140.0;1;37;37;9;9;127.7;1;0;0;1;0;0;31;0;0;5;8;3;11.0;0;0;5;9;2;11.5;0;7.6;2.6;0.32;Dropout;0.475;Prioritas;0.9718;Kritis;validasi silang
MHS0935;1;39;1;9500;1;1;100.0;1;3;1;2;5;121.3;1;0;0;1;0;0;34;0;0;8;11;7;11.705714285714285;0;0;8;11;7;11.705714285714285;0;10.8;1.4;1.74;Enrolled;0.3151;Prioritas;0.0818;Aman;mahasiswa aktif
MHS0936;1;1;3;171;1;1;145.0;1;1;1;3;3;140.1;1;0;0;1;0;0;20;0;6;12;12;12;13.25;0;4;11;14;11;14.333333333333334;0;8.9;1.4;3.51;Graduate;0.2005;Aman;0.045;Aman;validasi silang
MHS0937;1;39;1;9500;1;19;133.1;1;38;38;9;9;114.8;0;0;0;1;0;0;28;0;0;7;15;1;10.75;0;0;7;10;1;10.0;0;13.9;-0.3;0.79;Dropout;0.3316;Prioritas;0.9797;Kritis;data uji
MHS0938;1;44;1;9991;0;39;150.0;1;37;37;6;6;150.0;0;0;0;1;0;0;31;0;2;6;8;6;12.0;0;2;7;8;7;13.428571428571429;0;9.4;-0.8;-3.12;Enrolled;0.2663;Prioritas;0.0494;Aman;mahasiswa aktif
MHS0939;1;1;1;9773;1;1;145.0;1;19;38;4;10;131.7;1;0;0;1;0;0;18;0;0;6;7;6;12.666666666666666;0;0;6;8;4;12.25;0;7.6;2.6;0.32;Enrolled;0.1459;Aman;0.1207;Aman;mahasiswa aktif
MHS0940;4;39;1;8014;0;19;133.1;1;37;37;90;7;110.0;0;0;0;0;0;0;31;0;0;6;8;5;11.4;0;0;6;9;3;11.0;0;9.4;-0.8;-3.12;Dropout;0.9137;Kritis;0.9611;Kritis;validasi silang
MHS0941;1;1;3;9773;1;1;110.0;1;19;19;5;5;105.5;1;0;0;1;0;0;19;0;0;6;6;6;13.0;0;0;6;8;5;12.4;0;12.4;0.5;1.79;Graduate;0.3106;Prioritas;0.0769;Aman;data uji
MHS0942;1;1;1;9238;1;1;128.0;1;37;19;9;4;127.3;1;0;0;1;0;1;19;0;0;6;8;6;14.0;0;0;6;8;6;12.285714285714286;0;16.2;0.3;-0.92;Graduate;0.0692;Aman;0.0306;Aman;validasi silang
MHS0943;2;39;1;9238;1;19;133.1;1;37;37;9;9;130.0;1;0;0;1;0;0;31;0;0;6;11;0;0.0;0;0;5;10;0;0.0;0;9.4;-0.8;-3.12;Enrolled;0.2519;Prioritas;0.9801;Kritis;mahasiswa aktif
MHS0944;1;7;1;9085;1;3;130.0;1;1;19;9;10;130.0;0;0;0;1;0;0;34;0;0;6;0;0;0.0;0;0;6;0;0;0.0;0;15.5;2.8;-4.06;Dropout;0.4191;Prioritas;0.9793;Kritis;validasi silang
MHS0945;1;16;1;9556;1;1;137.0;1;37;37;9;7;122.7;1;0;0;1;0;1;18;0;0;7;7;7;15.285714285714286;0;0;8;8;8;16.075;0;12.4;0.5;1.79;Graduate;0.0947;Aman;0.031;Aman;validasi silang
MHS0946;1;17;2;9254;1;1;123.0;1;37;37;7;7;113.9;1;0;0;1;0;0;18;0;0;6;6;6;13.166666666666666;0;0;6;6;6;12.666666666666666;0;11.1;0.6;2.02;Graduate;0.5501;Prioritas;0.0313;Aman;validasi silang
MHS0947;1;1;1;9147;1;1;156.0;1;3;19;3;3;151.1;0;0;1;1;1;0;19;0;0;5;7;5;13.6;0;0;5;11;5;12.833333333333334;5;16.2;0.3;-0.92;Graduate;0.6884;Kritis;0.2913;Aman;validasi silang
MHS0948;1;17;2;9773;1;1;133.1;1;3;5;0;2;125.8;1;0;0;0;1;1;22;0;0;4;8;0;0.0;0;0;4;8;0;0.0;0;7.6;2.6;0.32;Dropout;0.8574;Kritis;0.9767;Kritis;validasi silang
MHS0949;2;43;1;9670;1;1;100.0;1;34;34;0;0;128.2;0;0;0;1;1;0;32;0;6;10;12;10;11.4;0;4;9;9;4;11.5;0;7.6;2.6;0.32;Graduate;0.5998;Prioritas;0.7514;Kritis;data uji
MHS0950;1;39;1;9147;1;1;140.0;1;37;3;9;2;135.1;0;0;0;1;1;0;61;0;0;5;0;0;0.0;0;0;5;0;0;0.0;0;15.5;2.8;-4.06;Dropout;0.75;Kritis;0.9798;Kritis;validasi silang
MHS0951;1;39;1;9991;0;1;130.0;1;37;37;9;9;120.2;1;0;0;1;1;0;30;0;0;5;7;5;11.0;0;0;5;5;5;11.6;0;7.6;2.6;0.32;Graduate;0.6622;Kritis;0.066;Aman;validasi silang
MHS0952;2;39;1;9991;0;1;133.1;1;37;37;9;9;132.8;0;0;1;0;1;0;45;0;0;5;9;0;0.0;0;0;5;11;0;0.0;0;12.4;0.5;1.79;Dropout;0.9875;Kritis;0.9799;Kritis;validasi silang
MHS0953;1;44;1;9003;1;39;140.0;1;1;19;4;8;140.0;0;0;0;1;1;0;20;0;0;6;7;6;13.571428571428571;0;0;6;6;6;12.666666666666666;0;12.4;0.5;1.79;Graduate;0.3339;Prioritas;0.0332;Aman;validasi silang
MHS0954;1;18;5;9500;1;1;137.0;1;19;1;1;10;129.3;0;0;0;1;0;0;19;0;0;7;0;0;0.0;0;0;8;0;0;0.0;0;9.4;-0.8;-3.12;Dropout;0.213;Aman;0.9799;Kritis;data uji
MHS0955;1;42;1;9119;1;1;120.0;1;3;1;2;9;108.2;1;0;0;1;1;0;26;0;4;10;14;4;11.25;0;4;11;11;4;12.0;0;7.6;2.6;0.32;Dropout;0.7982;Kritis;0.9622;Kritis;validasi silang
MHS0956;1;17;4;9670;1;1;125.0;1;1;1;4;90;125.4;1;0;0;1;1;0;19;0;0;5;6;3;13.333333333333334;0;0;5;5;1;11.0;0;7.6;2.6;0.32;Dropout;0.4525;Prioritas;0.9734;Kritis;data uji
MHS0957;1;17;1;9773;1;1;130.0;1;19;37;9;9;140.2;0;0;0;1;1;1;19;0;0;6;6;6;12.0;0;0;6;7;6;11.666666666666666;0;16.2;0.3;-0.92;Graduate;0.1804;Aman;0.0407;Aman;validasi silang
MHS0958;1;1;3;9773;1;1;115.0;1;38;1;9;4;116.1;1;0;0;1;1;0;19;0;0;6;6;6;12.5;0;0;6;7;5;13.0;0;12.4;0.5;1.79;Graduate;0.3897;Prioritas;0.0591;Aman;validasi silang
MHS0959;1;1;1;9147;1;1;150.0;1;1;19;5;5;137.8;1;0;0;1;1;1;19;0;0;5;6;5;13.2;0;0;5;6;5;12.666666666666666;0;16.2;0.3;-0.92;Graduate;0.2731;Prioritas;0.0541;Aman;validasi silang
MHS0960;1;1;3;9670;1;1;134.0;1;14;11;0;0;128.4;1;0;0;0;1;0;19;0;0;5;5;0;0.0;0;0;4;4;0;0.0;0;7.6;2.6;0.32;Dropout;0.932;Kritis;0.9799;Kritis;data uji
MHS0961;1;39;1;9670;1;1;120.0;1;34;34;0;0;106.0;1;0;0;0;1;0;28;0;0;5;7;3;11.666666666666666;0;0;5;8;2;11.5;1;7.6;2.6;0.32;Dropout;0.9903;Kritis;0.9766;Kritis;validasi silang
MHS0962;1;43;1;9147;1;1;141.0;1;37;37;9;9;130.2;0;0;0;1;1;0;24;0;10;15;16;15;13.466666666666669;1;10;14;14;14;13.642857142857142;0;9.4;-0.8;-3.12;Graduate;0.5423;Prioritas;0.0462;Aman;validasi silang
MHS0963;1;1;1;9130;1;1;133.0;1;3;1;2;4;126.0;0;0;0;1;1;0;18;0;0;5;7;3;13.666666666666666;0;0;5;5;5;13.2;0;7.6;2.6;0.32;Graduate;0.5686;Prioritas;0.0811;Aman;validasi silang
MHS0964;1;1;2;9119;1;1;149.0;1;38;38;5;5;141.0;0;0;0;1;1;0;18;0;0;5;9;2;11.666666666666666;0;0;5;9;2;12.5;2;7.6;2.6;0.32;Enrolled;0.5164;Prioritas;0.971;Kritis;mahasiswa aktif
MHS0965;1;1;1;9773;1;1;121.0;1;1;3;3;7;113.0;1;0;0;1;1;1;18;0;0;6;7;6;11.666666666666666;0;0;6;12;5;10.2;0;12.4;0.5;1.79;Graduate;0.1176;Aman;0.0931;Aman;data uji
MHS0966;1;44;1;9003;1;39;120.0;1;4;1;2;8;120.0;0;0;0;1;1;0;21;0;0;6;9;5;13.4;0;0;6;9;5;12.4;0;8.9;1.4;3.51;Graduate;0.3941;Prioritas;0.1373;Aman;validasi silang
MHS0967;2;39;1;9991;0;1;148.0;1;19;37;9;5;130.9;0;0;0;0;1;0;28;0;0;5;5;0;0.0;0;0;5;6;0;0.0;0;12.4;0.5;1.79;Dropout;0.961;Kritis;0.9795;Kritis;validasi silang
MHS0968;1;39;1;9003;1;12;133.1;1;37;19;9;10;120.0;0;0;0;1;1;0;58;0;0;6;9;0;0.0;0;0;6;6;0;0.0;0;13.9;-0.3;0.79;Dropout;0.653;Kritis;0.98;Kritis;data uji
MHS0969;2;39;1;9991;0;1;135.0;1;34;34;0;0;134.1;1;0;0;0;1;0;49;0;0;5;5;0;0.0;0;0;5;5;0;0.0;0;7.6;2.6;0.32;Dropout;0.9908;Kritis;0.9801;Kritis;data uji
MHS0970;1;39;1;9119;1;1;150.0;1;1;38;3;5;120.0;0;0;0;1;1;0;24;0;0;5;6;3;10.666666666666666;0;0;5;9;2;10.5;0;15.5;2.8;-4.06;Enrolled;0.8562;Kritis;0.9787;Kritis;mahasiswa aktif
MHS0971;1;43;1;9670;1;1;130.0;1;34;34;0;0;114.8;0;0;0;1;1;0;25;0;0;5;5;4;13.75;0;0;5;5;4;14.75;0;7.6;2.6;0.32;Graduate;0.7382;Kritis;0.2623;Aman;validasi silang
MHS0972;4;42;1;9147;1;1;133.1;1;37;38;7;3;123.0;1;0;0;1;1;0;33;0;0;5;5;1;10.0;0;0;5;5;0;0.0;0;7.6;2.6;0.32;Dropout;0.6448;Prioritas;0.9795;Kritis;validasi silang
MHS0973;2;39;2;9119;1;19;133.1;1;37;37;7;7;118.0;0;0;0;0;1;0;33;0;0;5;11;0;0.0;0;0;5;5;0;0.0;0;9.4;-0.8;-3.12;Dropout;0.9874;Kritis;0.9795;Kritis;validasi silang
MHS0974;2;43;1;9853;1;1;110.0;1;37;37;7;7;100.0;0;0;0;1;1;0;40;0;0;2;4;1;16.0;0;0;4;5;4;15.5;0;13.9;-0.3;0.79;Graduate;0.8876;Kritis;0.5096;Prioritas;validasi silang
MHS0975;2;39;1;9991;0;1;170.0;1;37;19;9;3;151.1;0;0;0;1;1;0;48;0;0;5;9;5;12.285714285714286;0;0;5;8;5;11.125;0;16.2;0.3;-0.92;Graduate;0.6737;Kritis;0.0857;Aman;validasi silang
MHS0976;1;17;3;9119;1;1;120.0;1;1;19;9;3;116.9;1;0;1;0;1;0;18;0;0;5;10;3;12.0;0;0;5;8;3;10.333333333333334;0;8.9;1.4;3.51;Enrolled;0.9891;Kritis;0.978;Kritis;mahasiswa aktif
MHS0977;1;39;1;9500;1;19;133.1;1;38;38;9;8;106.0;1;0;0;1;1;0;24;0;0;7;7;6;12.666666666666666;1;0;7;7;6;12.666666666666666;1;7.6;2.6;0.32;Graduate;0.4275;Prioritas;0.1294;Aman;data uji
MHS0978;2;1;1;9085;1;1;139.0;1;19;19;192;144;127.1;0;0;0;1;1;1;23;0;0;5;6;5;11.8;0;0;5;7;4;13.25;1;10.8;1.4;1.74;Graduate;0.0477;Aman;0.1091;Aman;validasi silang
MHS0979;1;39;1;9991;0;19;133.1;1;19;37;7;5;155.5;1;0;1;0;1;0;39;0;0;5;6;5;10.6;0;0;5;7;5;14.666666666666666;0;10.8;1.4;1.74;Dropout;0.989;Kritis;0.8235;Kritis;data uji
MHS0980;1;18;1;9003;1;1;133.1;1;1;38;9;6;101.0;0;0;0;1;1;0;21;0;5;11;16;9;11.9;0;3;9;14;8;12.25;0;15.5;2.8;-4.06;Graduate;0.2647;Prioritas;0.122;Aman;validasi silang
MHS0981;1;42;1;9119;1;6;120.0;1;35;35;6;6;128.2;1;0;0;1;1;0;34;0;4;6;8;4;11.25;0;1;5;8;2;10.5;0;7.6;2.6;0.32;Dropout;0.8415;Kritis;0.9733;Kritis;data uji
MHS0982;2;39;1;9991;0;1;100.0;1;19;19;4;4;113.0;0;0;0;1;1;1;41;0;0;5;9;4;11.0;0;0;5;6;5;11.4;0;8.9;1.4;3.51;Enrolled;0.3447;Prioritas;0.1101;Aman;mahasiswa aktif
MHS0983;1;1;1;9773;1;1;134.0;1;1;38;4;5;122.8;0;0;0;1;1;0;18;0;0;6;6;6;12.0;0;0;6;6;6;12.5;0;12.7;3.7;-1.7;Graduate;0.3358;Prioritas;0.044;Aman;data uji
MHS0984;2;39;1;9991;0;1;130.0;1;38;38;9;3;145.6;0;0;0;1;1;0;34;0;0;5;10;4;11.75;0;0;5;10;4;10.833333333333334;0;13.9;-0.3;0.79;Enrolled;0.4962;Prioritas;0.8494;Kritis;mahasiswa aktif
MHS0985;1;1;1;9147;1;1;128.0;1;1;1;2;10;116.5;0;0;0;1;1;0;19;0;0;5;8;2;10.0;0;0;5;8;1;16.0;0;7.6;2.6;0.32;Dropout;0.45;Prioritas;0.9779;Kritis;validasi silang
MHS0986;1;1;1;9500;1;1;154.0;1;19;19;3;3;142.0;0;0;0;1;1;0;19;0;0;8;8;7;13.714285714285714;0;0;8;8;7;13.714285714285714;0;12.7;3.7;-1.7;Graduate;0.1339;Aman;0.0306;Aman;validasi silang
MHS0987;1;7;1;9003;1;4;150.0;1;1;1;4;6;150.0;0;0;0;1;1;0;28;0;0;6;14;6;14.875;0;0;6;12;6;15.8;0;16.2;0.3;-0.92;Graduate;0.3391;Prioritas;0.0903;Aman;validasi silang
MHS0988;1;17;1;9070;1;1;134.0;1;1;1;5;0;133.3;1;0;0;1;1;0;18;0;0;6;7;5;10.8;1;0;6;6;0;0.0;0;7.6;2.6;0.32;Dropout;0.2965;Prioritas;0.9764;Kritis;validasi silang
MHS0989;1;1;1;9238;1;1;127.0;1;2;2;3;4;115.8;1;0;0;1;1;0;19;0;0;6;11;3;12.0;0;0;6;12;2;10.0;0;11.1;0.6;2.02;Dropout;0.3252;Prioritas;0.9779;Kritis;validasi silang
MHS0990;1;17;2;9085;1;1;133.1;1;19;38;9;1;100.0;1;0;1;0;1;0;19;0;0;6;10;5;12.5;0;0;6;19;2;13.5;0;12.4;0.5;1.79;Dropout;0.9801;Kritis;0.9736;Kritis;validasi silang
MHS0991;1;17;1;9500;1;1;130.0;1;1;3;9;2;128.6;1;0;0;1;0;0;18;0;0;7;7;7;14.728571428571428;0;0;8;11;8;16.327272727272728;0;16.2;0.3;-0.92;Graduate;0.2061;Aman;0.0482;Aman;validasi silang
MHS0992;1;1;1;9130;1;1;135.0;1;3;3;2;2;137.1;1;0;0;1;0;0;18;0;0;6;8;6;12.0;0;0;6;8;5;14.8;0;12.4;0.5;1.79;Graduate;0.3252;Prioritas;0.075;Aman;validasi silang
MHS0993;1;1;1;9773;1;1;143.0;1;1;3;3;3;149.0;1;0;0;1;0;0;18;0;0;6;8;6;11.428571428571429;0;0;6;7;6;11.0;0;11.1;0.6;2.02;Dropout;0.113;Aman;0.0444;Aman;validasi silang
MHS0994;1;44;2;9238;1;39;150.0;1;3;19;4;9;147.0;1;0;0;1;0;0;19;0;3;6;6;6;14.166666666666666;0;2;6;6;6;13.5;0;12.4;0.5;1.79;Graduate;0.1621;Aman;0.0356;Aman;validasi silang
MHS0995;2;7;1;9238;1;3;150.0;1;37;37;191;192;150.0;0;0;0;1;0;0;31;0;1;6;12;5;12.5;0;0;6;10;5;14.6;0;12.7;3.7;-1.7;Graduate;0.1512;Aman;0.1176;Aman;validasi silang
MHS0996;1;39;1;8014;0;1;130.0;1;37;37;9;8;103.5;0;0;0;1;0;1;33;0;0;6;6;6;14.166666666666666;0;0;6;6;6;14.333333333333334;0;12.7;3.7;-1.7;Graduate;0.1189;Aman;0.0279;Aman;validasi silang
MHS0997;1;1;3;9500;1;1;113.0;1;3;1;134;135;107.8;1;0;0;1;0;1;20;0;0;7;10;5;14.46;0;0;7;8;6;13.55;0;12.4;0.5;1.79;Enrolled;0.0266;Aman;0.1068;Aman;mahasiswa aktif
MHS0998;1;44;1;9085;1;39;130.0;6;19;1;6;4;130.0;1;0;0;1;0;0;22;1;0;6;12;5;12.8;0;0;6;19;2;11.5;0;12.4;0.5;1.79;Enrolled;0.2577;Prioritas;0.9579;Kritis;mahasiswa aktif
MHS0999;1;17;1;9254;1;1;115.0;1;1;19;3;3;109.4;1;0;0;1;0;0;19;0;0;6;8;6;12.666666666666666;0;0;6;8;5;13.4;0;11.1;0.6;2.02;Graduate;0.405;Prioritas;0.0573;Aman;validasi silang
MHS1000;1;1;3;9070;1;1;146.0;1;34;34;0;0;143.6;1;0;0;1;0;0;18;0;0;6;6;6;12.5;0;0;6;6;6;13.0;0;7.6;2.6;0.32;Dropout;0.2784;Prioritas;0.0382;Aman;validasi silang
MHS1001;1;17;3;9070;1;1;132.0;1;38;1;5;5;124.3;0;1;0;1;0;0;18;0;0;6;0;0;0.0;0;0;6;0;0;0.0;0;15.5;2.8;-4.06;Dropout;0.2632;Prioritas;0.9758;Kritis;validasi silang
MHS1002;1;1;5;9670;1;1;116.0;1;19;38;9;9;119.5;1;0;0;0;0;0;18;0;0;6;0;0;0.0;0;0;6;0;0;0.0;0;8.9;1.4;3.51;Dropout;0.7163;Kritis;0.9795;Kritis;validasi silang
MHS1003;1;1;1;171;1;1;163.0;1;3;4;2;5;175.6;1;0;0;1;0;0;18;0;0;0;0;0;0.0;0;0;0;0;0;0.0;0;11.1;0.6;2.02;Graduate;0.2685;Prioritas;0.4168;Prioritas;validasi silang
MHS1004;1;17;2;9147;1;1;122.0;1;19;19;7;7;116.1;1;0;0;1;0;1;19;0;0;5;8;5;11.2;0;0;5;5;3;11.0;0;12.4;0.5;1.79;Graduate;0.2157;Aman;0.2428;Aman;data uji
MHS1005;1;17;2;9238;1;1;136.0;1;1;3;3;4;126.6;1;0;0;1;0;0;18;0;0;6;6;6;16.5;0;0;6;7;6;17.428571428571427;0;11.1;0.6;2.02;Dropout;0.1686;Aman;0.0992;Aman;validasi silang
MHS1006;1;17;1;9085;1;1;142.0;1;3;19;5;5;130.8;1;0;0;1;0;0;18;0;0;5;9;3;13.666666666666666;1;0;5;5;5;12.0;0;12.7;3.7;-1.7;Graduate;0.3294;Prioritas;0.0613;Aman;validasi silang
MHS1007;1;17;6;9500;1;1;139.0;1;37;37;9;6;133.5;1;0;0;1;0;1;18;0;0;8;8;7;15.228571428571428;0;0;8;8;7;15.228571428571428;0;12.7;3.7;-1.7;Graduate;0.0415;Aman;0.0281;Aman;data uji
MHS1008;1;53;1;9238;1;42;140.0;1;37;37;9;10;136.9;1;0;0;1;0;0;21;0;5;9;10;9;12.77777777777778;0;4;9;9;9;13.22222222222222;0;8.9;1.4;3.51;Graduate;0.1109;Aman;0.0356;Aman;validasi silang
MHS1009;1;1;1;9500;1;1;165.0;1;19;37;5;5;142.3;0;0;0;1;0;1;18;0;0;8;8;7;14.428571428571429;0;0;8;8;7;14.428571428571429;0;12.7;3.7;-1.7;Graduate;0.0386;Aman;0.0271;Aman;validasi silang
MHS1010;1;17;3;9670;1;1;122.0;1;1;38;3;3;114.3;1;0;0;1;0;0;18;0;0;6;8;6;13.875;0;0;6;7;6;13.714285714285714;0;11.1;0.6;2.02;Graduate;0.2081;Aman;0.0351;Aman;data uji
MHS1011;1;1;2;9500;1;1;135.0;1;19;19;9;10;122.9;1;0;0;1;0;0;18;0;0;7;10;7;13.128;0;0;8;13;6;13.193333333333332;0;15.5;2.8;-4.06;Graduate;0.1394;Aman;0.1862;Aman;validasi silang
MHS1012;1;17;1;9500;1;1;128.0;1;19;1;4;3;117.2;1;0;0;1;0;0;20;0;0;7;9;6;11.605;0;0;8;10;7;12.4125;0;16.2;0.3;-0.92;Graduate;0.2434;Prioritas;0.0603;Aman;validasi silang
MHS1013;1;17;1;9147;1;1;139.0;1;1;38;4;5;152.0;0;0;0;1;0;1;18;0;0;5;5;5;14.6;0;0;5;8;5;12.0;0;12.7;3.7;-1.7;Graduate;0.0923;Aman;0.0297;Aman;validasi silang
MHS1014;1;1;2;9773;1;1;125.0;1;19;1;4;5;122.2;1;0;0;1;0;0;18;0;0;6;0;0;0.0;0;0;6;0;0;0.0;0;11.1;0.6;2.02;Dropout;0.2704;Prioritas;0.9793;Kritis;validasi silang
MHS1015;1;18;2;9147;1;1;102.0;1;37;38;191;143;101.7;1;0;0;1;0;1;20;0;0;5;6;5;11.8;0;0;5;6;5;11.6;0;8.9;1.4;3.51;Graduate;0.1508;Aman;0.0332;Aman;validasi silang
MHS1016;1;17;1;9254;1;1;116.0;1;19;19;9;8;119.9;1;0;0;1;0;0;20;0;0;6;6;6;12.333333333333334;0;0;6;6;6;12.333333333333334;0;12.4;0.5;1.79;Graduate;0.403;Prioritas;0.0291;Aman;data uji
MHS1017;1;17;1;9147;1;1;138.0;1;37;1;9;9;123.7;1;0;1;1;0;1;19;0;0;5;5;4;11.0;0;0;5;5;0;0.0;0;11.1;0.6;2.02;Dropout;0.3335;Prioritas;0.9673;Kritis;validasi silang
MHS1018;1;51;1;9070;1;1;135.0;1;3;1;3;5;121.8;0;0;0;1;0;1;19;0;5;11;11;11;13.181818181818182;0;5;11;11;11;12.909090909090908;0;11.1;0.6;2.02;Graduate;0.0825;Aman;0.0373;Aman;validasi silang
MHS1019;1;17;4;9670;1;1;110.0;1;19;37;9;99;106.1;1;1;1;0;0;1;18;0;0;6;6;1;11.0;0;0;6;0;0;0.0;0;12.7;3.7;-1.7;Dropout;0.8458;Kritis;0.9775;Kritis;validasi silang
MHS1020;1;17;3;9773;1;1;132.0;1;1;1;4;9;124.3;1;0;1;1;0;1;19;0;0;6;6;6;11.833333333333334;0;0;6;7;6;12.285714285714286;0;15.5;2.8;-4.06;Graduate;0.3868;Prioritas;0.0874;Aman;validasi silang
MHS1021;1;1;2;9500;1;1;126.0;1;1;38;4;7;124.3;1;0;0;1;0;1;20;0;0;8;8;8;12.98125;0;0;8;8;8;12.98125;0;9.4;-0.8;-3.12;Graduate;0.0304;Aman;0.0309;Aman;data uji
MHS1022;1;44;1;9147;1;39;117.4;1;19;1;4;9;117.4;1;0;0;1;0;0;21;0;4;7;10;6;11.333333333333334;0;1;5;6;5;11.2;0;11.1;0.6;2.02;Graduate;0.5305;Prioritas;0.0817;Aman;validasi silang
MHS1023;1;43;2;9500;1;1;120.0;1;41;3;2;2;112.7;0;0;0;1;0;0;21;0;0;8;12;6;11.68;0;0;8;12;6;11.68;0;10.8;1.4;1.74;Graduate;0.1842;Aman;0.3253;Aman;validasi silang
MHS1024;1;17;1;9070;1;1;116.0;1;38;38;9;9;123.7;0;0;0;1;0;0;20;0;0;6;6;6;14.5;0;0;6;7;6;13.5;0;11.1;0.6;2.02;Graduate;0.1682;Aman;0.0301;Aman;data uji
MHS1025;1;18;2;9853;1;1;111.0;1;38;38;191;171;105.8;1;0;0;1;0;0;19;0;0;7;7;7;13.142857142857142;0;0;7;8;7;12.857142857142858;0;8.9;1.4;3.51;Graduate;0.3883;Prioritas;0.0351;Aman;validasi silang
MHS1026;1;17;3;9085;1;1;128.0;1;1;19;4;90;124.2;0;0;0;0;0;0;21;0;0;5;8;2;11.5;0;0;5;7;2;10.5;0;7.6;2.6;0.32;Dropout;0.8067;Kritis;0.9754;Kritis;validasi silang
MHS1027;1;1;1;9085;1;1;123.0;1;30;19;4;90;122.3;0;0;0;1;0;0;18;0;0;5;6;5;14.2;0;0;5;7;5;11.8;0;7.6;2.6;0.32;Graduate;0.2181;Aman;0.0329;Aman;validasi silang
MHS1028;1;1;5;9254;1;1;131.0;1;19;37;9;9;123.7;0;0;0;1;0;1;19;0;0;6;8;5;11.666666666666666;0;0;6;7;5;12.2;0;8.9;1.4;3.51;Graduate;0.0918;Aman;0.0574;Aman;validasi silang
MHS1029;1;17;2;9500;1;1;135.0;1;19;19;9;4;129.8;1;0;0;1;0;0;18;0;0;7;8;7;13.175;0;0;8;8;8;14.875;0;13.9;-0.3;0.79;Graduate;0.2119;Aman;0.0686;Aman;validasi silang
MHS1030;1;1;4;9500;1;1;136.0;1;1;1;9;9;123.8;1;0;0;1;0;1;19;0;0;8;8;7;13.314285714285717;0;0;8;8;7;13.314285714285717;0;12.7;3.7;-1.7;Graduate;0.0342;Aman;0.0298;Aman;validasi silang
MHS1031;1;1;2;9147;1;1;132.0;1;1;19;4;3;126.4;1;0;0;1;0;1;18;0;0;5;13;3;10.6;0;0;5;12;3;10.5;0;13.9;-0.3;0.79;Graduate;0.0993;Aman;0.8202;Kritis;validasi silang
MHS1032;1;1;1;9853;1;1;120.0;1;19;37;5;7;115.1;0;0;0;1;0;1;18;0;0;6;11;4;12.0;0;0;6;8;4;10.75;0;15.5;2.8;-4.06;Enrolled;0.3029;Prioritas;0.1982;Aman;mahasiswa aktif
MHS1033;1;1;1;9773;1;1;144.0;1;37;37;8;8;138.4;0;0;0;1;0;0;18;0;0;6;7;6;13.428571428571429;0;0;6;7;6;14.142857142857142;0;13.9;-0.3;0.79;Graduate;0.4124;Prioritas;0.0386;Aman;validasi silang
MHS1034;1;17;1;9085;1;1;129.0;1;1;37;9;9;118.2;1;0;0;1;0;1;18;0;0;5;7;4;13.25;0;0;5;8;5;15.571428571428571;0;10.8;1.4;1.74;Graduate;0.0802;Aman;0.0372;Aman;validasi silang
MHS1035;1;17;1;9070;1;1;136.0;1;38;19;7;7;121.7;1;0;0;1;0;0;18;0;0;6;6;2;13.0;0;0;6;6;0;0.0;0;12.4;0.5;1.79;Dropout;0.2165;Aman;0.979;Kritis;validasi silang
MHS1036;1;1;3;9070;1;1;125.0;1;1;38;9;7;118.0;0;0;0;1;0;1;18;0;0;6;6;6;14.333333333333334;0;0;6;7;6;14.0;0;11.1;0.6;2.02;Enrolled;0.0433;Aman;0.034;Aman;mahasiswa aktif
MHS1037;1;17;1;9238;1;1;125.0;1;1;38;9;7;119.8;0;0;0;1;0;0;18;0;0;6;0;0;0.0;0;0;6;0;0;0.0;0;11.1;0.6;2.02;Dropout;0.1071;Aman;0.9796;Kritis;validasi silang
MHS1038;1;1;1;9238;1;1;154.0;1;1;3;4;2;164.9;0;0;0;1;0;0;18;0;0;6;6;6;14.0;0;0;6;6;6;13.166666666666666;0;10.8;1.4;1.74;Graduate;0.0621;Aman;0.0475;Aman;data uji
MHS1039;1;42;1;9085;1;1;100.0;1;1;38;4;9;100.0;1;0;0;1;0;1;20;0;1;2;2;2;12.0;0;1;6;11;6;12.833333333333334;0;13.9;-0.3;0.79;Graduate;0.0943;Aman;0.0578;Aman;validasi silang
MHS1040;1;1;1;9853;1;1;124.0;1;3;1;2;5;121.6;0;0;0;1;0;0;18;0;0;6;9;5;12.333333333333334;0;0;6;10;5;10.6;0;15.5;2.8;-4.06;Enrolled;0.5772;Prioritas;0.2581;Aman;mahasiswa aktif
MHS1041;1;17;4;9070;1;1;126.0;1;1;19;4;5;120.4;1;0;0;1;0;0;18;0;0;6;8;5;11.8;0;0;6;7;5;10.4;1;16.2;0.3;-0.92;Graduate;0.3245;Prioritas;0.1535;Aman;validasi silang
MHS1042;1;18;6;9500;1;1;124.0;1;37;37;9;7;117.8;0;0;0;1;0;1;20;0;0;8;8;7;12.791428571428572;1;0;8;8;7;12.791428571428572;1;10.8;1.4;1.74;Graduate;0.0892;Aman;0.0345;Aman;validasi silang
MHS1043;4;43;1;9670;1;1;150.0;1;37;37;9;6;110.0;0;0;0;1;0;0;40;0;4;8;8;8;11.625;0;3;7;12;5;11.2;0;9.4;-0.8;-3.12;Graduate;0.2779;Prioritas;0.2037;Aman;validasi silang
MHS1044;1;1;6;9500;1;1;133.0;1;38;38;9;9;128.8;1;0;0;1;0;1;18;0;0;7;11;6;11.994444444444444;0;0;8;11;7;12.43142857142857;0;15.5;2.8;-4.06;Graduate;0.0389;Aman;0.0458;Aman;data uji
MHS1045;1;1;5;9254;1;1;126.0;1;19;19;4;7;116.6;1;0;0;1;0;0;19;0;0;6;9;5;11.6;0;0;6;12;5;12.2;0;13.9;-0.3;0.79;Graduate;0.4006;Prioritas;0.0863;Aman;data uji
MHS1046;1;7;1;9991;0;40;120.0;1;1;19;4;9;120.0;0;0;0;1;0;0;24;0;0;5;5;0;0.0;0;0;5;6;0;0.0;0;12.4;0.5;1.79;Dropout;0.3626;Prioritas;0.9788;Kritis;validasi silang
MHS1047;1;1;3;9773;1;1;175.0;1;3;38;2;10;157.5;1;0;0;1;0;0;19;0;0;6;8;6;13.166666666666666;0;0;6;7;6;13.166666666666666;0;10.8;1.4;1.74;Dropout;0.1361;Aman;0.0533;Aman;data uji
MHS1048;1;1;6;9500;1;1;141.0;1;2;1;4;4;136.3;1;0;0;1;0;0;19;0;0;8;8;7;14.1;0;0;8;8;7;14.1;0;10.8;1.4;1.74;Graduate;0.1041;Aman;0.033;Aman;validasi silang
MHS1049;1;1;1;9500;1;1;133.0;1;1;19;9;6;121.5;1;0;0;1;0;1;20;0;0;7;8;6;12.396666666666668;0;0;8;9;7;12.94285714285714;0;11.1;0.6;2.02;Graduate;0.0223;Aman;0.0383;Aman;validasi silang
MHS1050;1;1;1;9500;1;1;143.0;1;38;38;5;5;133.9;0;0;0;1;0;0;18;0;0;7;7;7;15.014285714285714;0;0;8;8;8;16.0875;0;12.4;0.5;1.79;Graduate;0.1121;Aman;0.0306;Aman;validasi silang
MHS1051;1;1;1;171;1;1;141.0;1;1;38;4;8;136.8;1;0;0;1;0;1;18;0;0;0;0;0;0.0;0;0;0;0;0;0.0;0;13.9;-0.3;0.79;Graduate;0.0805;Aman;0.4792;Prioritas;validasi silang
MHS1052;1;17;2;9500;1;1;134.0;1;19;37;4;7;133.5;1;0;0;1;0;0;19;0;0;7;8;7;14.05;0;0;8;8;8;15.1;0;13.9;-0.3;0.79;Graduate;0.2024;Aman;0.0771;Aman;validasi silang
MHS1053;1;17;3;9500;1;1;138.0;1;3;3;4;5;130.0;1;0;0;1;0;0;18;0;0;7;8;7;14.85;0;0;8;8;8;15.2;0;13.9;-0.3;0.79;Dropout;0.1878;Aman;0.0692;Aman;validasi silang
MHS1054;1;44;1;9085;1;39;140.0;1;3;3;2;2;140.0;1;0;0;1;0;0;19;0;0;6;10;6;13.0;0;0;6;19;5;13.0;0;12.4;0.5;1.79;Graduate;0.2269;Prioritas;0.0414;Aman;validasi silang
MHS1055;1;1;2;9500;1;1;142.0;1;37;37;9;7;132.7;1;0;0;1;0;1;19;0;0;7;8;7;14.7875;0;0;8;8;8;15.8625;0;13.9;-0.3;0.79;Graduate;0.0376;Aman;0.0331;Aman;data uji
MHS1056;1;1;1;9500;1;1;118.0;1;19;19;5;7;117.8;0;0;0;1;0;1;19;0;0;7;7;7;13.7;0;0;8;9;7;14.671428571428574;0;12.4;0.5;1.79;Graduate;0.038;Aman;0.0374;Aman;validasi silang
MHS1057;1;1;2;9500;1;1;131.0;1;1;37;4;4;126.1;1;0;0;1;0;1;19;0;0;7;7;7;12.495714285714286;0;0;8;9;7;12.242857142857144;0;11.1;0.6;2.02;Dropout;0.0353;Aman;0.0363;Aman;validasi silang
MHS1058;1;1;1;9500;1;1;130.0;1;1;38;1;7;120.0;0;0;0;1;0;0;19;0;0;7;7;6;14.566666666666668;0;0;7;7;6;14.566666666666668;0;7.6;2.6;0.32;Graduate;0.0879;Aman;0.0289;Aman;validasi silang
MHS1059;1;39;1;9670;1;12;133.1;1;1;19;1;5;100.0;1;0;1;0;0;0;25;0;0;5;5;5;11.2;0;0;5;5;4;11.25;0;9.4;-0.8;-3.12;Dropout;0.986;Kritis;0.8365;Kritis;validasi silang
MHS1060;1;1;1;9500;1;1;130.0;1;19;19;4;10;116.8;0;0;0;1;0;0;20;0;0;8;8;7;12.685714285714283;0;0;8;8;7;12.685714285714283;0;12.7;3.7;-1.7;Graduate;0.1224;Aman;0.0292;Aman;data uji
MHS1061;1;53;1;9238;1;42;130.0;1;1;19;5;5;128.3;0;0;1;0;0;0;23;0;5;9;12;7;13.571428571428571;0;4;9;14;4;13.25;0;8.9;1.4;3.51;Dropout;0.821;Kritis;0.9585;Kritis;validasi silang
MHS1062;1;1;1;9070;1;1;133.1;1;19;19;7;7;117.0;0;0;0;1;0;0;20;0;0;6;0;0;0.0;0;0;6;0;0;0.0;0;15.5;2.8;-4.06;Dropout;0.2476;Prioritas;0.9799;Kritis;validasi silang
MHS1063;1;39;1;8014;0;1;130.0;1;37;11;9;10;131.5;0;0;0;1;0;0;27;0;0;6;8;5;11.0;0;0;6;7;6;11.166666666666666;0;11.1;0.6;2.02;Graduate;0.2891;Prioritas;0.0558;Aman;data uji
MHS1064;1;1;1;9500;1;1;149.0;1;19;1;4;4;134.8;0;0;0;1;0;0;18;0;0;8;8;8;14.445;0;0;8;8;8;14.445;0;9.4;-0.8;-3.12;Graduate;0.1709;Aman;0.0297;Aman;validasi silang
MHS1065;1;1;1;9853;1;1;163.0;1;19;1;5;10;146.6;1;0;1;1;0;0;18;0;0;6;9;5;13.6;0;0;6;10;4;11.75;0;9.4;-0.8;-3.12;Enrolled;0.7092;Kritis;0.8037;Kritis;mahasiswa aktif
MHS1066;1;7;1;8014;0;40;130.0;1;19;1;5;10;130.0;1;0;1;0;0;0;23;0;7;12;12;11;14.0;0;4;10;11;8;14.625;0;13.9;-0.3;0.79;Dropout;0.9303;Kritis;0.6665;Kritis;validasi silang
MHS1067;1;1;6;9500;1;1;145.0;1;38;37;5;6;127.5;1;0;0;1;0;1;19;0;0;7;7;6;13.416666666666666;0;0;7;7;6;13.416666666666666;0;7.6;2.6;0.32;Graduate;0.0206;Aman;0.0282;Aman;validasi silang
MHS1068;1;1;1;9147;1;1;130.0;1;37;38;3;3;123.0;0;0;0;1;0;0;18;0;0;5;8;5;12.333333333333334;2;0;5;7;5;11.4;0;15.5;2.8;-4.06;Graduate;0.2682;Prioritas;0.0443;Aman;validasi silang
MHS1069;1;43;1;9500;1;1;128.0;1;1;19;9;8;100.0;1;0;0;1;0;0;20;0;0;7;8;7;13.1;0;0;8;8;8;14.8125;0;13.9;-0.3;0.79;Graduate;0.192;Aman;0.0365;Aman;validasi silang
MHS1070;1;1;2;9670;1;1;111.0;1;19;19;9;9;114.2;1;0;0;1;0;0;18;0;0;6;9;4;13.2;0;0;6;10;5;12.8;0;12.4;0.5;1.79;Graduate;0.1794;Aman;0.1081;Aman;validasi silang
MHS1071;1;1;1;9500;1;1;140.0;1;1;1;4;4;123.5;1;0;0;1;0;1;19;0;0;8;8;8;14.75;0;0;8;8;8;14.75;0;9.4;-0.8;-3.12;Graduate;0.0511;Aman;0.0314;Aman;validasi silang
MHS1072;1;44;1;9238;1;39;140.0;1;19;19;8;8;144.3;1;0;0;1;0;1;19;0;3;6;7;6;13.142857142857142;0;2;6;6;6;14.333333333333334;0;12.4;0.5;1.79;Graduate;0.1017;Aman;0.0291;Aman;validasi silang
MHS1073;1;1;1;9853;1;1;145.0;1;38;37;5;5;142.2;0;0;0;1;0;0;19;0;0;6;9;4;12.5;0;0;6;9;5;12.5;0;9.4;-0.8;-3.12;Enrolled;0.4228;Prioritas;0.165;Aman;mahasiswa aktif
MHS1074;1;1;1;9085;1;1;151.0;1;3;3;1;90;161.9;0;0;0;1;0;0;18;0;0;5;6;4;13.75;0;0;5;8;5;14.857142857142858;0;7.6;2.6;0.32;Graduate;0.12;Aman;0.0559;Aman;validasi silang
MHS1075;1;1;1;9238;1;1;132.0;1;37;37;9;5;135.9;0;0;0;1;0;0;18;0;0;6;11;5;12.4;0;0;6;7;6;13.0;0;9.4;-0.8;-3.12;Graduate;0.1194;Aman;0.0452;Aman;validasi silang
MHS1076;1;1;2;9773;1;1;116.0;1;19;19;4;7;110.1;1;0;0;1;0;0;18;0;0;6;6;6;13.333333333333334;0;0;6;6;6;12.0;0;11.1;0.6;2.02;Graduate;0.2899;Prioritas;0.0422;Aman;validasi silang
MHS1077;1;2;1;9853;1;1;120.0;1;19;38;9;9;122.5;0;0;0;0;0;0;28;0;11;11;11;11;11.727272727272728;0;8;8;8;8;12.0;0;15.5;2.8;-4.06;Dropout;0.9463;Kritis;0.3281;Aman;validasi silang
MHS1078;1;17;1;9254;1;1;158.0;1;37;37;5;9;138.1;1;0;0;1;0;0;19;0;0;6;8;4;12.5;0;0;6;11;1;14.0;0;7.6;2.6;0.32;Dropout;0.378;Prioritas;0.9701;Kritis;validasi silang
MHS1079;1;43;1;171;1;1;116.0;1;3;1;2;3;117.3;1;0;1;1;0;0;20;0;0;0;0;0;0.0;0;0;0;0;0;0.0;0;13.9;-0.3;0.79;Dropout;0.7054;Kritis;0.9437;Kritis;validasi silang
MHS1080;1;1;2;9500;1;1;112.0;1;1;37;4;9;106.8;1;0;0;1;0;1;19;0;0;7;8;6;13.533333333333331;0;0;8;9;7;13.614285714285714;0;12.4;0.5;1.79;Graduate;0.0421;Aman;0.0452;Aman;data uji
MHS1081;1;1;1;9070;1;1;126.0;1;1;19;4;0;120.1;0;1;0;1;0;1;20;0;0;6;6;6;13.166666666666666;0;0;6;6;6;12.666666666666666;0;11.1;0.6;2.02;Graduate;0.0368;Aman;0.0369;Aman;validasi silang
MHS1082;1;1;2;9254;1;1;120.0;1;19;19;9;9;116.5;1;0;0;1;0;1;19;0;0;6;9;5;13.2;0;0;6;8;5;11.0;0;12.4;0.5;1.79;Graduate;0.1181;Aman;0.1221;Aman;validasi silang
MHS1083;1;51;1;9070;1;1;117.0;1;5;1;2;10;120.0;1;0;0;1;0;0;21;0;0;6;7;5;12.2;0;0;6;7;4;12.6;0;8.9;1.4;3.51;Enrolled;0.2365;Prioritas;0.2141;Aman;mahasiswa aktif
MHS1084;1;1;1;9853;1;1;153.0;1;1;19;9;4;139.7;1;0;0;1;0;1;19;0;0;7;7;7;13.428571428571429;0;0;7;7;7;14.857142857142858;0;11.1;0.6;2.02;Graduate;0.2022;Aman;0.0446;Aman;validasi silang
MHS1085;1;1;2;9070;1;1;124.0;1;19;1;9;3;123.7;1;0;0;1;0;1;18;0;1;6;8;6;12.714285714285714;1;0;6;8;6;12.625;0;13.9;-0.3;0.79;Graduate;0.0617;Aman;0.0519;Aman;validasi silang
MHS1086;1;17;2;9130;1;1;127.0;1;3;1;2;1;116.5;0;0;0;1;0;0;19;0;0;6;0;0;0.0;0;0;6;0;0;0.0;0;15.5;2.8;-4.06;Dropout;0.5011;Prioritas;0.9794;Kritis;validasi silang
MHS1087;1;17;1;9670;1;1;126.0;1;12;38;9;5;122.2;0;0;0;1;0;1;19;0;0;6;6;6;13.666666666666666;0;0;6;9;6;13.666666666666666;0;8.9;1.4;3.51;Graduate;0.0844;Aman;0.0293;Aman;validasi silang
MHS1088;1;1;1;9773;1;1;133.1;1;38;19;132;103;146.0;0;0;1;1;0;0;20;0;0;6;6;5;11.0;0;0;6;6;6;13.166666666666666;0;16.2;0.3;-0.92;Graduate;0.3178;Prioritas;0.1501;Aman;validasi silang
MHS1089;1;17;2;9853;1;1;114.0;1;1;1;4;0;108.8;1;0;0;1;0;0;18;0;0;7;11;5;11.4;0;0;7;9;6;13.333333333333334;0;13.9;-0.3;0.79;Enrolled;0.6239;Prioritas;0.2213;Aman;mahasiswa aktif
MHS1090;1;43;1;171;1;1;133.0;1;19;19;5;7;133.0;0;0;0;1;0;0;18;0;0;0;0;0;0.0;0;0;0;0;0;0.0;0;15.5;2.8;-4.06;Enrolled;0.4299;Prioritas;0.8502;Kritis;mahasiswa aktif
MHS1091;1;17;1;9130;1;1;130.0;1;1;1;4;5;123.8;0;0;0;1;0;0;18;0;0;5;7;4;12.0;0;0;5;6;5;12.0;0;7.6;2.6;0.32;Graduate;0.4316;Prioritas;0.0351;Aman;data uji
MHS1092;1;17;3;9773;1;1;127.0;1;19;19;5;8;120.0;0;0;0;1;0;0;18;0;0;6;6;0;0.0;0;0;6;0;0;0.0;0;8.9;1.4;3.51;Dropout;0.3119;Prioritas;0.98;Kritis;data uji
MHS1093;1;17;3;9238;1;1;143.0;1;37;38;0;7;126.9;1;0;0;1;0;0;18;0;0;6;14;5;11.0;0;0;6;6;6;11.666666666666666;0;7.6;2.6;0.32;Graduate;0.2499;Prioritas;0.0872;Aman;validasi silang
MHS1094;1;18;4;9773;1;1;130.0;1;19;19;4;4;121.3;1;0;0;1;0;0;20;0;0;6;12;5;12.0;0;0;6;8;6;11.571428571428571;0;15.5;2.8;-4.06;Dropout;0.5114;Prioritas;0.0701;Aman;validasi silang
MHS1095;1;17;3;9500;1;1;136.0;1;19;1;9;9;129.0;1;0;0;1;0;1;19;0;0;7;7;7;13.308571428571428;0;0;8;10;8;12.55;0;12.4;0.5;1.79;Graduate;0.0542;Aman;0.0814;Aman;validasi silang
MHS1096;1;1;1;9853;1;1;125.0;1;37;37;9;9;114.9;1;0;1;0;0;0;21;0;0;6;8;3;13.666666666666666;0;0;6;7;3;10.666666666666666;0;15.5;2.8;-4.06;Dropout;0.9788;Kritis;0.9741;Kritis;validasi silang
MHS1097;1;17;1;9670;1;3;110.0;1;12;3;5;8;106.5;1;0;1;0;0;0;20;0;0;6;6;0;0.0;0;0;6;9;0;0.0;0;10.8;1.4;1.74;Dropout;0.9704;Kritis;0.9795;Kritis;validasi silang
MHS1098;1;1;1;9254;1;1;130.0;1;37;38;9;9;133.9;1;0;0;1;0;0;18;0;0;6;10;5;12.2;0;0;6;8;4;11.25;0;9.4;-0.8;-3.12;Graduate;0.2737;Prioritas;0.308;Aman;validasi silang
MHS1099;1;1;1;9773;1;1;135.0;1;1;4;5;3;124.9;0;0;0;1;0;1;20;0;0;6;7;6;12.666666666666666;0;0;6;6;6;12.833333333333334;0;10.8;1.4;1.74;Graduate;0.1076;Aman;0.0607;Aman;validasi silang
MHS1100;1;1;2;9500;1;1;133.0;1;19;37;1;9;128.5;1;0;0;1;0;1;19;0;0;8;8;8;14.07125;0;0;8;8;8;14.07125;0;9.4;-0.8;-3.12;Graduate;0.0381;Aman;0.0296;Aman;data uji
MHS1101;1;1;1;9085;1;6;122.0;1;19;19;9;9;126.2;1;0;0;1;0;0;22;0;0;5;14;4;14.25;3;0;5;9;5;13.2;4;9.4;-0.8;-3.12;Dropout;0.1732;Aman;0.113;Aman;validasi silang
MHS1102;1;17;1;9130;1;1;122.0;1;19;19;9;9;121.7;1;0;0;0;0;0;22;0;0;6;0;0;0.0;0;0;2;2;0;0.0;2;9.4;-0.8;-3.12;Dropout;0.9346;Kritis;0.9761;Kritis;validasi silang
MHS1103;1;1;2;9853;1;1;121.0;1;38;38;7;5;120.0;1;0;0;1;0;0;18;0;0;6;10;3;12.0;0;0;6;8;4;10.25;0;10.8;1.4;1.74;Enrolled;0.4519;Prioritas;0.894;Kritis;mahasiswa aktif
MHS1104;1;43;1;9147;1;1;123.0;1;3;19;9;9;113.2;0;0;0;1;0;0;21;0;3;10;18;6;11.166666666666666;2;4;10;16;7;10.571428571428571;0;7.6;2.6;0.32;Enrolled;0.311;Prioritas;0.6841;Kritis;mahasiswa aktif
MHS1105;1;1;1;9238;1;1;128.0;1;19;19;0;5;120.3;1;0;0;1;0;0;19;0;0;6;12;2;13.0;0;0;6;8;5;11.6;0;7.6;2.6;0.32;Graduate;0.2014;Aman;0.6957;Kritis;data uji
MHS1106;1;1;4;171;1;1;139.0;1;37;38;9;9;127.8;1;0;0;1;0;0;19;0;0;0;0;0;0.0;0;0;0;0;0;0.0;0;10.8;1.4;1.74;Dropout;0.2938;Prioritas;0.6107;Prioritas;validasi silang
MHS1107;1;1;2;9500;1;1;124.0;1;34;34;0;0;123.3;1;0;0;1;0;1;20;0;0;8;8;7;14.901428571428571;1;0;8;8;7;14.901428571428571;1;9.4;-0.8;-3.12;Dropout;0.1564;Aman;0.0524;Aman;data uji
MHS1108;1;1;3;9500;1;1;135.0;1;38;19;8;8;126.3;1;0;1;1;0;1;18;0;0;7;8;7;12.65;0;0;8;9;8;12.445555555555554;0;15.5;2.8;-4.06;Graduate;0.201;Aman;0.0691;Aman;validasi silang
MHS1109;1;51;1;9991;0;42;110.0;1;19;37;5;9;128.2;0;0;0;0;0;0;22;0;7;12;12;7;11.0;0;5;5;5;5;10.6;0;8.9;1.4;3.51;Dropout;0.8519;Kritis;0.8887;Kritis;validasi silang
MHS1110;1;17;4;9085;1;1;138.0;1;19;36;90;7;134.9;1;0;0;1;0;0;20;0;0;5;7;4;12.4;0;0;5;9;5;12.666666666666666;0;7.6;2.6;0.32;Graduate;0.4353;Prioritas;0.04;Aman;data uji
MHS1111;1;44;1;9003;1;39;140.0;1;38;38;6;6;140.0;0;0;0;1;0;0;19;0;0;6;7;6;12.0;0;0;6;7;6;12.666666666666666;0;12.4;0.5;1.79;Graduate;0.1125;Aman;0.0306;Aman;validasi silang
MHS1112;1;1;5;9500;1;1;126.0;1;1;19;6;7;115.5;1;0;0;1;0;1;19;0;0;7;8;7;12.135714285714286;0;0;8;10;7;13.328571428571427;0;12.4;0.5;1.79;Graduate;0.0409;Aman;0.0552;Aman;validasi silang
MHS1113;1;1;2;9500;1;1;113.0;1;38;19;9;7;106.7;1;0;0;1;0;1;20;0;0;7;10;5;12.62;0;0;7;8;6;12.5;0;11.1;0.6;2.02;Enrolled;0.0346;Aman;0.0727;Aman;mahasiswa aktif
MHS1114;1;39;1;9991;0;1;120.0;1;38;38;3;3;140.0;0;0;0;1;0;0;25;0;0;5;11;3;10.666666666666666;0;0;5;11;3;11.333333333333334;0;15.5;2.8;-4.06;Enrolled;0.3991;Prioritas;0.9191;Kritis;mahasiswa aktif
MHS1115;1;1;1;9500;1;1;145.0;1;19;19;9;7;136.6;0;0;0;1;0;1;19;0;0;7;12;6;13.766666666666666;0;0;8;10;7;14.051428571428572;0;15.5;2.8;-4.06;Graduate;0.0385;Aman;0.0338;Aman;data uji
MHS1116;1;18;1;9500;1;1;124.0;1;38;37;9;7;119.3;1;0;0;1;0;0;19;0;0;8;8;8;13.11625;0;0;8;8;8;13.11625;0;9.4;-0.8;-3.12;Graduate;0.1896;Aman;0.0275;Aman;validasi silang
MHS1117;1;1;1;9070;1;1;160.0;1;3;38;1;9;152.0;1;0;0;0;0;0;19;0;0;5;5;0;0.0;0;0;6;0;0;0.0;0;10.8;1.4;1.74;Dropout;0.7012;Kritis;0.9789;Kritis;validasi silang
MHS1118;1;1;1;9500;1;1;138.0;1;38;19;9;5;144.3;0;0;0;1;0;0;20;0;0;7;9;6;12.7;0;0;8;8;7;13.571428571428571;0;13.9;-0.3;0.79;Graduate;0.1068;Aman;0.0466;Aman;validasi silang
MHS1119;1;39;2;9556;1;1;130.0;1;37;37;9;9;159.0;1;0;0;1;0;0;25;0;0;7;11;7;11.857142857142858;0;0;8;21;5;11.7;0;12.4;0.5;1.79;Enrolled;0.3828;Prioritas;0.3559;Aman;mahasiswa aktif
MHS1120;1;17;1;9500;1;1;127.0;1;19;38;5;9;129.5;1;0;0;1;0;1;20;0;0;7;7;6;12.333333333333334;0;0;7;7;6;12.333333333333334;0;7.6;2.6;0.32;Graduate;0.0424;Aman;0.0342;Aman;data uji
MHS1121;1;39;1;9238;1;1;170.0;1;38;19;9;9;140.0;1;0;0;1;0;0;24;0;0;6;9;4;15.75;0;0;6;10;5;16.4;0;9.4;-0.8;-3.12;Enrolled;0.2398;Prioritas;0.2039;Aman;mahasiswa aktif
MHS1122;1;1;3;9670;1;1;111.0;1;1;1;5;5;105.4;0;0;0;1;0;0;20;0;0;5;6;5;13.333333333333334;0;0;5;6;5;13.2;0;7.6;2.6;0.32;Graduate;0.2468;Prioritas;0.0404;Aman;validasi silang
MHS1123;1;42;1;9500;1;1;100.0;1;1;19;4;8;136.0;1;0;0;1;0;0;21;0;4;7;9;7;14.355555555555554;0;5;8;8;8;13.49375;0;15.5;2.8;-4.06;Graduate;0.1587;Aman;0.0446;Aman;validasi silang
MHS1124;1;44;1;9003;1;39;160.0;1;37;38;9;9;160.0;0;0;1;1;0;1;19;0;0;6;8;6;13.0;0;0;6;11;5;13.0;0;15.5;2.8;-4.06;Graduate;0.17;Aman;0.0719;Aman;validasi silang
MHS1125;1;1;1;9773;1;1;152.0;1;38;37;9;9;139.1;0;0;0;1;0;1;19;0;0;6;6;6;12.833333333333334;0;0;6;6;6;13.5;0;16.2;0.3;-0.92;Graduate;0.0575;Aman;0.0311;Aman;validasi silang
MHS1126;1;1;2;9670;1;1;144.0;1;37;38;9;9;126.9;0;0;0;1;0;1;21;0;0;5;5;5;13.2;0;0;5;5;4;13.0;0;9.4;-0.8;-3.12;Graduate;0.0448;Aman;0.0506;Aman;validasi silang
MHS1127;1;39;1;9500;1;3;133.8;1;3;37;2;10;184.0;0;0;0;1;0;0;28;0;0;7;9;7;17.005555555555556;0;1;8;9;8;16.582222222222224;0;15.5;2.8;-4.06;Graduate;0.2212;Prioritas;0.0629;Aman;validasi silang
MHS1128;1;1;1;9238;1;1;125.0;1;37;38;9;9;125.0;1;0;1;0;0;1;19;0;0;6;8;5;10.6;0;0;6;8;5;11.0;0;10.8;1.4;1.74;Graduate;0.4427;Prioritas;0.8098;Kritis;validasi silang
MHS1129;1;1;1;9147;1;1;150.0;1;37;37;9;6;138.5;0;0;0;1;0;1;18;0;0;5;5;5;14.0;0;0;5;6;5;13.6;0;12.4;0.5;1.79;Graduate;0.0486;Aman;0.0321;Aman;validasi silang
MHS1130;5;17;5;9500;1;1;143.0;1;37;38;5;8;133.5;1;0;0;1;0;1;18;0;0;8;8;7;12.114285714285714;0;0;8;8;7;12.114285714285714;0;12.7;3.7;-1.7;Graduate;0.0492;Aman;0.0308;Aman;data uji
MHS1131;1;1;3;9500;1;1;145.0;1;19;37;7;7;141.5;1;0;0;1;0;1;18;0;0;8;8;8;13.05875;0;0;8;8;8;13.05875;0;9.4;-0.8;-3.12;Graduate;0.0388;Aman;0.0288;Aman;data uji
MHS1132;1;42;1;9500;1;1;120.0;1;1;2;9;3;130.0;1;0;0;1;0;0;22;0;4;8;8;7;13.285714285714286;0;4;8;8;7;13.285714285714286;0;12.7;3.7;-1.7;Graduate;0.3218;Prioritas;0.0618;Aman;validasi silang
MHS1133;1;1;1;9147;1;1;138.0;1;37;37;194;171;131.0;1;0;0;1;0;0;19;0;0;5;9;4;11.0;0;0;5;8;3;10.666666666666666;0;12.4;0.5;1.79;Enrolled;0.1866;Aman;0.5314;Prioritas;mahasiswa aktif
MHS1134;1;1;1;9500;1;1;145.0;1;19;1;9;5;145.0;0;0;0;1;0;1;18;0;0;7;7;7;14.071428571428571;0;0;8;8;8;15.1625;0;13.9;-0.3;0.79;Graduate;0.0241;Aman;0.0295;Aman;validasi silang
MHS1135;1;17;1;9254;1;1;122.0;1;37;37;5;6;114.3;0;0;0;0;0;0;20;0;0;6;0;0;0.0;0;0;6;0;0;0.0;0;15.5;2.8;-4.06;Dropout;0.9011;Kritis;0.9794;Kritis;validasi silang
MHS1136;1;44;1;171;1;39;110.0;1;37;37;5;6;108.3;0;0;0;0;0;0;26;0;4;9;9;4;11.25;0;3;10;12;3;11.0;0;12.4;0.5;1.79;Dropout;0.9259;Kritis;0.9746;Kritis;validasi silang
MHS1137;1;1;3;9070;1;1;136.0;1;37;38;9;9;125.2;1;0;0;1;0;1;18;0;0;6;6;6;14.0;0;0;6;8;6;13.625;0;10.8;1.4;1.74;Graduate;0.0351;Aman;0.0348;Aman;validasi silang
MHS1138;1;1;1;9254;1;1;145.0;1;1;38;4;9;131.7;1;0;0;1;0;1;21;0;0;6;8;6;12.166666666666666;0;0;6;11;3;11.666666666666666;0;10.8;1.4;1.74;Dropout;0.07;Aman;0.2348;Aman;validasi silang
MHS1139;1;17;4;9500;1;1;141.0;1;38;37;3;3;126.3;1;0;0;1;0;0;18;0;0;8;8;7;13.297142857142855;0;0;8;8;7;13.297142857142855;0;10.8;1.4;1.74;Graduate;0.135;Aman;0.0342;Aman;data uji
MHS1140;1;1;1;9085;1;1;149.0;1;19;19;4;6;147.6;1;0;0;1;0;0;20;0;0;6;14;6;13.923076923076923;0;0;6;9;6;14.25;0;15.5;2.8;-4.06;Graduate;0.1392;Aman;0.034;Aman;data uji
MHS1141;1;1;6;9500;1;1;130.0;1;38;19;5;6;125.1;1;0;0;1;0;0;18;0;0;7;11;7;13.37;0;0;8;13;7;12.833333333333334;0;15.5;2.8;-4.06;Graduate;0.1214;Aman;0.2596;Aman;validasi silang
MHS1142;1;17;6;9147;1;1;121.0;1;19;38;7;9;123.8;0;0;0;1;0;1;19;0;0;5;5;5;12.4;0;0;5;8;3;11.0;0;12.7;3.7;-1.7;Enrolled;0.2057;Aman;0.2829;Aman;mahasiswa aktif
MHS1143;1;1;1;9670;1;1;128.0;1;1;1;2;2;130.8;1;0;0;1;0;0;20;0;0;5;5;4;15.0;0;0;5;5;4;13.75;0;7.6;2.6;0.32;Dropout;0.1614;Aman;0.0493;Aman;validasi silang
MHS1144;1;1;1;9853;1;1;152.0;1;19;19;9;5;154.1;0;0;1;1;0;1;18;0;0;6;6;6;13.333333333333334;0;0;6;7;6;12.571428571428571;0;12.7;3.7;-1.7;Graduate;0.3211;Prioritas;0.0397;Aman;validasi silang
MHS1145;1;16;2;9147;1;1;132.0;1;37;37;9;9;122.6;1;0;0;1;0;1;20;0;0;5;8;3;12.0;0;0;5;9;4;12.625;0;10.8;1.4;1.74;Enrolled;0.1063;Aman;0.1683;Aman;mahasiswa aktif
MHS1146;1;1;2;8014;0;1;107.0;1;19;11;0;0;103.5;1;0;0;1;0;0;22;0;0;6;7;5;13.4;0;0;6;9;5;12.2;0;7.6;2.6;0.32;Graduate;0.2934;Prioritas;0.1031;Aman;validasi silang
MHS1147;1;1;1;171;1;1;131.0;1;19;38;4;5;132.8;1;0;0;1;0;0;18;0;0;0;0;0;0.0;0;0;0;0;0;0.0;0;7.6;2.6;0.32;Enrolled;0.2066;Aman;0.2733;Aman;mahasiswa aktif
MHS1148;1;51;1;9991;0;1;141.0;1;19;38;5;7;100.0;0;0;0;1;0;0;21;0;1;5;9;4;11.5;0;1;5;5;5;11.4;0;8.9;1.4;3.51;Graduate;0.4855;Prioritas;0.0674;Aman;validasi silang
MHS1149;1;18;2;9853;1;1;120.0;1;1;1;9;0;115.8;0;0;0;1;0;0;18;0;0;7;12;6;12.0;0;0;7;11;6;12.166666666666666;0;13.9;-0.3;0.79;Enrolled;0.583;Prioritas;0.16;Aman;mahasiswa aktif
MHS1150;1;1;1;9500;1;1;148.0;1;19;19;4;4;133.8;0;0;0;1;0;0;18;0;0;8;8;7;13.485714285714284;0;0;8;8;7;13.485714285714284;0;12.7;3.7;-1.7;Graduate;0.1456;Aman;0.0274;Aman;validasi silang
MHS1151;1;1;1;9070;1;1;130.0;1;12;19;4;5;118.5;0;1;0;1;0;1;18;0;0;6;6;6;12.0;0;0;6;8;6;11.285714285714286;0;8.9;1.4;3.51;Graduate;0.0751;Aman;0.0297;Aman;validasi silang
MHS1152;1;17;1;171;1;1;145.0;1;37;37;9;1;150.3;1;0;0;1;0;0;19;0;0;0;0;0;0.0;0;0;0;0;0;0.0;0;15.5;2.8;-4.06;Dropout;0.3062;Prioritas;0.658;Kritis;validasi silang
MHS1153;1;17;3;9147;1;1;112.0;1;1;19;3;5;107.8;1;0;0;1;0;0;19;0;0;5;7;3;10.333333333333334;0;0;5;11;3;14.428571428571429;0;10.8;1.4;1.74;Enrolled;0.3825;Prioritas;0.8383;Kritis;mahasiswa aktif
MHS1154;1;1;1;9500;1;1;138.0;1;38;1;9;4;127.5;1;0;0;1;0;0;19;0;0;7;10;5;12.94;0;0;7;7;5;13.76;0;16.2;0.3;-0.92;Enrolled;0.1831;Aman;0.5026;Prioritas;mahasiswa aktif
MHS1155;1;1;3;9500;1;1;135.0;1;1;37;7;7;120.5;1;0;0;1;0;0;19;0;0;8;11;7;13.258571428571427;0;0;8;11;7;13.258571428571427;0;10.8;1.4;1.74;Graduate;0.1418;Aman;0.0509;Aman;validasi silang
MHS1156;1;1;1;9147;1;1;118.0;1;1;2;10;10;117.3;1;0;0;1;0;0;19;0;0;5;9;4;12.25;0;0;5;10;4;12.0;0;8.9;1.4;3.51;Enrolled;0.3656;Prioritas;0.0775;Aman;mahasiswa aktif
MHS1157;1;17;1;9254;1;1;123.0;1;38;37;9;7;120.6;1;0;0;0;0;0;19;0;0;6;9;3;11.666666666666666;0;0;6;15;1;10.0;0;10.8;1.4;1.74;Dropout;0.8946;Kritis;0.9796;Kritis;data uji
MHS1158;1;16;4;9254;1;1;126.0;1;38;37;9;7;118.7;1;0;0;1;0;1;21;0;0;6;7;6;13.571428571428571;0;0;6;6;6;12.5;0;8.9;1.4;3.51;Graduate;0.0949;Aman;0.0323;Aman;validasi silang
MHS1159;1;1;2;9773;1;1;150.0;41;1;37;9;7;130.8;0;0;0;1;0;1;20;1;0;6;9;5;11.8;0;0;6;9;5;11.833333333333334;0;15.5;2.8;-4.06;Graduate;0.057;Aman;0.0801;Aman;data uji
MHS1160;1;1;1;9147;1;1;121.0;1;19;19;3;9;112.6;1;0;0;1;0;1;20;0;0;5;7;5;14.2;0;0;5;7;5;13.285714285714286;0;11.1;0.6;2.02;Graduate;0.0864;Aman;0.0324;Aman;validasi silang
MHS1161;1;39;1;9991;0;19;133.1;1;37;37;9;9;117.2;0;0;0;1;0;0;41;0;0;5;8;5;11.0;0;0;5;6;5;11.8;1;7.6;2.6;0.32;Graduate;0.5762;Prioritas;0.0887;Aman;validasi silang
MHS1162;4;7;1;9500;1;40;130.0;1;37;37;3;3;130.0;1;0;0;1;0;0;32;0;0;7;16;4;13.625;0;0;7;8;7;12.6375;0;12.4;0.5;1.79;Enrolled;0.2228;Prioritas;0.1472;Aman;mahasiswa aktif
MHS1163;1;17;3;9500;1;1;139.0;1;38;1;9;5;131.8;1;0;0;1;0;0;18;0;0;8;8;7;14.652857142857142;0;0;8;8;7;14.652857142857142;0;10.8;1.4;1.74;Graduate;0.1502;Aman;0.0299;Aman;validasi silang
MHS1164;4;39;1;8014;0;1;160.0;1;37;37;3;4;97.0;0;0;0;1;0;1;35;0;0;6;9;6;11.333333333333334;0;0;6;6;6;11.333333333333334;0;15.5;2.8;-4.06;Graduate;0.2304;Prioritas;0.0306;Aman;validasi silang
MHS1165;1;39;1;9500;1;1;110.0;1;37;37;9;9;130.0;0;0;1;0;0;0;32;0;0;7;12;4;13.7;0;0;7;7;0;0.0;0;16.2;0.3;-0.92;Dropout;0.9505;Kritis;0.9801;Kritis;data uji
MHS1166;1;39;1;8014;0;40;140.0;1;19;37;5;9;148.0;0;0;0;1;0;0;37;0;7;11;11;11;13.727272727272728;0;4;8;8;8;14.75;0;12.4;0.5;1.79;Graduate;0.2616;Prioritas;0.0358;Aman;data uji
MHS1167;2;39;2;9147;1;3;130.0;1;3;37;9;9;103.4;0;0;0;1;0;0;30;0;4;7;9;7;11.75;0;3;8;12;7;11.142857142857142;0;12.7;3.7;-1.7;Dropout;0.6459;Prioritas;0.0823;Aman;data uji
MHS1168;1;43;2;9773;1;1;132.0;1;19;19;0;0;127.1;0;0;0;1;1;0;23;0;0;6;9;6;12.333333333333334;0;0;6;11;5;13.0;0;7.6;2.6;0.32;Graduate;0.5671;Prioritas;0.1406;Aman;validasi silang
MHS1169;1;17;2;9773;1;1;139.0;1;3;1;2;7;124.0;1;0;0;1;0;1;20;0;0;6;6;6;14.0;0;0;6;7;6;13.857142857142858;0;15.5;2.8;-4.06;Dropout;0.1821;Aman;0.0355;Aman;validasi silang
MHS1170;1;1;1;9670;1;1;135.0;1;19;37;5;7;121.4;0;0;0;1;1;0;21;0;0;5;7;4;11.5;0;0;5;6;4;11.75;0;9.4;-0.8;-3.12;Graduate;0.3644;Prioritas;0.2015;Aman;data uji
MHS1171;1;1;1;9147;1;1;117.0;1;38;19;5;7;118.1;0;0;0;1;1;0;19;0;0;5;6;5;11.2;0;0;5;5;5;13.2;0;12.4;0.5;1.79;Graduate;0.4801;Prioritas;0.0401;Aman;data uji
MHS1172;1;17;4;9500;1;1;137.0;1;1;19;4;3;121.3;1;0;0;1;1;1;18;0;0;8;8;7;15.07;0;0;8;8;7;15.07;0;10.8;1.4;1.74;Graduate;0.1175;Aman;0.0346;Aman;validasi silang
MHS1173;1;42;1;9119;1;1;144.0;1;34;34;0;0;119.5;0;0;0;1;1;0;18;0;0;5;6;1;10.0;0;0;5;7;1;12.0;0;10.8;1.4;1.74;Dropout;0.952;Kritis;0.9783;Kritis;validasi silang
MHS1174;1;39;1;9991;0;1;130.0;1;1;1;4;10;115.2;0;0;0;1;1;0;24;0;0;5;5;4;12.0;0;0;5;6;5;12.666666666666666;0;12.4;0.5;1.79;Enrolled;0.7101;Kritis;0.0826;Aman;mahasiswa aktif
MHS1175;1;18;1;9670;1;1;140.0;1;1;37;9;9;130.2;1;0;0;1;1;0;22;0;0;6;11;4;13.0;0;0;6;11;4;12.6;0;12.7;3.7;-1.7;Graduate;0.4869;Prioritas;0.8423;Kritis;validasi silang
MHS1176;1;17;4;9254;1;1;130.0;1;19;1;5;5;130.0;1;0;0;1;1;0;18;0;0;6;7;4;11.0;0;0;6;7;3;11.25;0;16.2;0.3;-0.92;Dropout;0.686;Kritis;0.9248;Kritis;validasi silang
MHS1177;1;16;2;9238;1;1;130.0;1;37;37;5;6;126.9;1;0;0;1;0;0;18;0;0;6;8;6;13.571428571428571;0;0;6;11;5;12.166666666666666;0;9.4;-0.8;-3.12;Graduate;0.0815;Aman;0.0619;Aman;validasi silang
MHS1178;1;1;2;9070;1;1;152.0;101;2;1;9;1;168.5;1;0;0;1;1;0;21;1;0;6;7;5;14.6;0;0;6;6;5;14.2;0;16.2;0.3;-0.92;Graduate;0.1497;Aman;0.0833;Aman;validasi silang
MHS1179;4;39;1;9500;1;1;133.1;1;37;37;9;9;130.0;0;0;1;1;0;0;38;0;0;7;13;3;11.833333333333334;0;0;7;14;2;10.0;0;16.2;0.3;-0.92;Dropout;0.6551;Kritis;0.976;Kritis;validasi silang
MHS1180;1;18;1;9556;1;1;140.0;1;38;37;9;9;122.8;0;0;0;1;0;1;19;0;0;7;11;7;12.625;0;0;8;11;8;12.5125;0;12.7;3.7;-1.7;Graduate;0.129;Aman;0.0316;Aman;validasi silang
MHS1181;6;39;1;9500;1;1;133.1;1;37;37;9;9;110.0;0;0;0;1;0;0;36;0;0;7;12;4;11.5;0;0;7;14;3;12.333333333333334;0;16.2;0.3;-0.92;Dropout;0.4574;Prioritas;0.9744;Kritis;validasi silang
MHS1182;1;16;1;9085;1;1;140.0;1;1;1;9;9;127.1;1;0;0;1;0;0;18;0;0;5;8;4;13.25;1;0;5;10;4;10.5;0;12.7;3.7;-1.7;Graduate;0.2711;Prioritas;0.0711;Aman;validasi silang
MHS1183;1;1;3;9500;1;1;133.1;1;19;19;5;5;108.5;1;0;0;1;0;0;19;0;0;7;9;7;12.60625;0;0;8;12;6;11.9;0;12.4;0.5;1.79;Graduate;0.1836;Aman;0.0923;Aman;data uji
MHS1184;1;53;1;9085;1;42;140.0;1;19;38;9;9;138.2;0;0;1;0;0;0;21;0;7;10;15;8;13.75;0;4;9;17;5;13.2;0;8.9;1.4;3.51;Dropout;0.8762;Kritis;0.9475;Kritis;validasi silang
MHS1185;1;1;2;9500;1;1;133.1;1;19;38;192;192;96.0;1;0;0;1;0;0;19;0;0;7;10;6;13.598333333333334;0;0;8;11;6;11.933333333333332;0;11.1;0.6;2.02;Enrolled;0.0896;Aman;0.1782;Aman;mahasiswa aktif
MHS1186;1;1;1;9238;1;1;135.0;1;19;19;9;9;124.5;0;0;0;1;0;1;18;0;0;6;11;5;11.142857142857142;0;0;6;8;6;12.285714285714286;0;16.2;0.3;-0.92;Graduate;0.0439;Aman;0.0297;Aman;validasi silang
MHS1187;2;7;1;9500;1;3;120.0;1;37;19;9;7;120.0;1;0;0;1;0;0;45;0;7;11;11;11;12.7;0;6;10;12;10;12.96818181818182;0;13.9;-0.3;0.79;Enrolled;0.3256;Prioritas;0.0368;Aman;mahasiswa aktif
MHS1188;1;17;1;9147;1;1;140.0;1;37;37;9;7;132.3;1;0;0;1;0;0;20;0;0;5;9;1;10.0;0;0;5;10;1;11.0;0;7.6;2.6;0.32;Dropout;0.3413;Prioritas;0.9794;Kritis;data uji
MHS1189;1;17;1;9254;1;1;128.0;1;19;1;5;7;120.7;1;0;1;1;0;0;18;0;0;6;8;6;11.666666666666666;0;0;6;10;4;11.5;0;13.9;-0.3;0.79;Graduate;0.7797;Kritis;0.8071;Kritis;validasi silang
MHS1190;1;1;1;9670;1;1;141.0;1;1;19;4;4;132.6;0;0;0;1;0;1;18;0;0;6;8;6;14.0;0;0;6;7;6;13.142857142857142;0;11.1;0.6;2.02;Graduate;0.0646;Aman;0.0316;Aman;validasi silang
MHS1191;1;7;2;9130;1;3;140.0;1;34;34;0;0;140.0;0;0;0;1;0;0;25;0;0;5;9;0;0.0;4;0;5;9;0;0.0;3;10.8;1.4;1.74;Dropout;0.8824;Kritis;0.9781;Kritis;validasi silang
MHS1192;1;1;6;9500;1;1;139.0;1;1;1;4;4;124.5;1;0;0;1;0;0;19;0;0;8;9;7;12.04142857142857;0;0;8;9;7;12.04142857142857;0;10.8;1.4;1.74;Graduate;0.1844;Aman;0.0344;Aman;validasi silang
MHS1193;1;1;1;171;1;1;142.0;1;19;19;7;7;142.0;1;0;0;1;0;1;18;0;0;0;0;0;0.0;0;0;0;0;0;0.0;0;13.9;-0.3;0.79;Graduate;0.1106;Aman;0.1655;Aman;validasi silang
MHS1194;1;7;1;9254;1;40;130.0;1;1;1;3;6;130.0;0;0;0;1;0;0;39;0;12;13;14;13;13.76923076923077;0;9;12;16;12;14.583333333333334;0;13.9;-0.3;0.79;Graduate;0.4984;Prioritas;0.0425;Aman;validasi silang
MHS1195;2;39;1;9003;1;1;130.0;1;38;37;9;9;144.0;0;0;0;1;0;0;29;0;13;18;20;18;15.444444444444445;0;11;13;13;13;15.307692307692308;0;15.5;2.8;-4.06;Graduate;0.2419;Prioritas;0.038;Aman;validasi silang
MHS1196;1;17;1;9853;1;1;125.0;1;19;19;4;7;128.5;1;0;0;1;0;0;18;0;0;7;9;6;11.5;0;0;7;8;7;12.714285714285714;0;13.9;-0.3;0.79;Enrolled;0.6074;Prioritas;0.1035;Aman;mahasiswa aktif
MHS1197;1;7;1;9070;1;3;140.0;1;37;2;9;3;140.0;0;0;0;0;0;0;23;0;0;3;3;2;10.0;0;0;6;0;0;0.0;0;10.8;1.4;1.74;Dropout;0.9316;Kritis;0.9756;Kritis;validasi silang
MHS1198;1;42;1;9853;1;1;120.0;1;1;37;5;5;113.9;1;0;0;1;0;0;21;0;0;6;8;4;12.25;0;0;6;13;3;10.333333333333334;0;12.7;3.7;-1.7;Dropout;0.6887;Kritis;0.9576;Kritis;validasi silang
MHS1199;1;1;1;9238;1;1;147.0;1;1;19;4;4;137.2;0;0;0;0;0;0;18;0;0;6;6;6;14.5;0;0;6;6;6;15.166666666666666;0;10.8;1.4;1.74;Graduate;0.6238;Prioritas;0.2384;Aman;validasi silang
MHS1200;1;7;1;9085;1;40;140.0;1;1;19;5;5;140.0;1;0;0;1;0;0;23;0;0;6;7;6;15.571428571428571;0;0;6;8;6;16.375;0;12.4;0.5;1.79;Graduate;0.3131;Prioritas;0.0417;Aman;validasi silang
MHS1201;1;1;1;9130;1;1;161.0;1;1;19;4;4;152.3;0;0;0;1;0;0;18;0;0;6;7;6;15.571428571428571;0;0;6;7;6;14.714285714285714;0;11.1;0.6;2.02;Graduate;0.3089;Prioritas;0.0339;Aman;data uji
MHS1202;2;39;1;8014;0;19;133.1;1;37;37;4;8;112.5;0;0;0;1;0;0;32;0;0;6;8;5;13.8;0;0;6;7;6;12.166666666666666;0;9.4;-0.8;-3.12;Graduate;0.3447;Prioritas;0.0359;Aman;validasi silang
MHS1203;2;39;2;9147;1;1;150.0;1;19;37;9;7;101.0;0;0;1;0;0;0;29;0;0;5;8;3;10.666666666666666;0;0;5;14;2;14.8;0;10.8;1.4;1.74;Dropout;0.984;Kritis;0.974;Kritis;validasi silang
MHS1204;1;1;6;9238;1;1;113.0;1;1;38;194;163;112.3;1;0;1;1;0;1;20;0;0;6;8;5;11.6;0;0;6;8;4;11.75;0;8.9;1.4;3.51;Graduate;0.0455;Aman;0.3432;Aman;validasi silang
MHS1205;1;39;1;9238;1;1;140.0;1;34;34;0;0;114.0;1;0;0;0;0;0;28;0;0;6;11;1;13.0;0;0;6;12;0;0.0;0;9.4;-0.8;-3.12;Dropout;0.9741;Kritis;0.9788;Kritis;validasi silang
MHS1206;1;7;1;9147;1;3;130.0;1;38;38;1;9;130.0;0;0;0;1;0;0;27;0;0;5;9;3;12.0;0;0;5;11;4;13.625;0;10.8;1.4;1.74;Graduate;0.5328;Prioritas;0.4604;Prioritas;data uji
MHS1207;1;43;2;9500;1;1;120.0;1;37;34;90;0;121.5;0;0;1;1;0;0;22;0;11;14;14;12;12.333333333333334;2;11;14;14;12;12.333333333333334;2;7.6;2.6;0.32;Graduate;0.5107;Prioritas;0.3088;Aman;validasi silang
MHS1208;2;39;1;9003;1;19;133.1;1;19;37;9;10;120.0;0;0;1;1;0;0;37;0;0;6;10;6;12.875;0;0;6;12;6;12.9;0;16.2;0.3;-0.92;Enrolled;0.6101;Prioritas;0.0731;Aman;mahasiswa aktif
MHS1209;1;7;1;8014;0;3;130.0;1;37;38;0;5;130.0;0;0;0;0;0;0;28;0;0;6;12;1;11.0;0;0;6;0;0;0.0;0;12.7;3.7;-1.7;Dropout;0.9264;Kritis;0.9795;Kritis;validasi silang
MHS1210;2;39;1;9003;1;1;120.0;1;37;37;9;9;125.7;0;0;1;0;0;0;43;0;0;6;10;4;12.25;0;0;6;13;4;10.5;0;8.9;1.4;3.51;Dropout;0.9132;Kritis;0.9719;Kritis;validasi silang
MHS1211;1;43;1;9556;1;1;140.0;1;37;37;9;9;128.0;1;0;0;0;0;0;32;0;0;7;7;0;0.0;7;0;8;8;0;0.0;7;10.8;1.4;1.74;Dropout;0.8343;Kritis;0.9794;Kritis;validasi silang
MHS1212;1;17;1;9238;1;1;123.0;1;1;1;9;9;113.2;0;0;0;1;0;1;20;0;0;6;11;4;10.75;0;0;6;13;5;11.5;0;15.5;2.8;-4.06;Enrolled;0.0847;Aman;0.0958;Aman;mahasiswa aktif
MHS1213;4;39;1;9500;1;19;133.1;1;38;1;9;4;120.0;0;0;0;1;0;1;35;0;0;8;9;8;13.63;1;0;8;9;8;13.63;1;9.4;-0.8;-3.12;Graduate;0.1853;Aman;0.0407;Aman;validasi silang
MHS1214;1;1;1;9670;1;1;130.0;1;37;37;0;0;117.8;1;0;0;1;0;0;21;0;0;5;8;3;13.0;0;0;5;7;4;11.5;1;7.6;2.6;0.32;Graduate;0.2654;Prioritas;0.5231;Prioritas;validasi silang
MHS1215;1;1;4;9500;1;1;126.0;1;19;19;7;9;121.3;1;0;0;1;0;1;18;0;0;7;9;6;13.533333333333331;0;0;7;7;7;12.228571428571428;0;12.4;0.5;1.79;Enrolled;0.0488;Aman;0.0439;Aman;mahasiswa aktif
MHS1216;1;1;1;9500;1;1;176.0;1;3;38;3;7;169.7;0;0;0;1;0;1;18;0;0;7;7;7;16.9;0;0;8;9;8;16.37777777777778;0;16.2;0.3;-0.92;Graduate;0.019;Aman;0.0297;Aman;data uji
MHS1217;1;17;4;9238;1;1;124.0;1;19;19;5;8;117.7;1;0;0;1;0;0;18;0;0;6;10;5;12.0;0;0;6;11;4;12.0;0;16.2;0.3;-0.92;Graduate;0.3199;Prioritas;0.138;Aman;validasi silang
MHS1218;1;44;1;8014;0;39;120.0;1;19;37;7;6;121.8;1;0;0;1;0;0;22;0;3;6;6;6;12.5;0;2;6;7;6;13.285714285714286;0;12.4;0.5;1.79;Graduate;0.1827;Aman;0.0312;Aman;validasi silang
MHS1219;1;1;2;9500;1;1;140.0;1;1;1;4;10;128.3;1;0;0;1;0;0;19;0;0;8;8;7;12.764285714285714;0;0;8;8;7;12.764285714285714;0;10.8;1.4;1.74;Graduate;0.1091;Aman;0.0278;Aman;validasi silang
MHS1220;1;18;2;9147;1;1;143.0;1;19;38;9;7;132.2;1;0;0;1;0;1;18;0;0;5;8;5;13.75;0;0;5;6;5;12.166666666666666;0;13.9;-0.3;0.79;Graduate;0.2119;Aman;0.042;Aman;validasi silang
MHS1221;1;1;2;171;1;1;136.0;1;39;1;3;4;134.3;1;0;1;1;0;0;19;0;0;0;0;0;0.0;0;0;0;0;0;0.0;0;12.4;0.5;1.79;Dropout;0.6473;Prioritas;0.7099;Kritis;validasi silang
MHS1222;1;1;1;9500;1;1;132.0;1;19;1;9;5;123.4;0;0;0;1;0;1;18;0;0;7;7;7;14.604285714285712;0;0;8;9;8;15.68333333333333;0;11.1;0.6;2.02;Graduate;0.037;Aman;0.0283;Aman;data uji
MHS1223;2;39;1;9991;0;19;133.1;1;19;39;5;3;121.7;0;0;1;0;0;0;31;0;0;5;7;0;0.0;0;0;5;7;0;0.0;0;16.2;0.3;-0.92;Dropout;0.99;Kritis;0.9801;Kritis;data uji
MHS1224;2;39;1;8014;0;19;100.0;1;1;19;1;5;130.0;0;0;1;1;0;1;33;0;0;6;9;5;13.833333333333334;0;0;6;7;6;12.5;0;9.4;-0.8;-3.12;Graduate;0.1802;Aman;0.0784;Aman;validasi silang
MHS1225;1;1;3;9500;1;1;137.0;1;19;38;7;7;126.5;1;0;0;1;0;1;19;0;0;8;8;8;13.57625;0;0;8;8;8;13.57625;0;9.4;-0.8;-3.12;Graduate;0.0477;Aman;0.0276;Aman;validasi silang
MHS1226;1;17;1;9238;1;1;153.0;1;38;38;7;7;159.7;1;0;0;1;0;1;18;0;0;6;7;6;15.142857142857142;0;0;6;6;6;15.833333333333334;0;12.7;3.7;-1.7;Graduate;0.0327;Aman;0.0308;Aman;validasi silang
MHS1227;1;1;1;9147;1;1;160.0;1;9;19;4;3;151.3;0;0;0;1;0;0;23;0;0;5;8;3;10.666666666666666;0;0;5;8;5;11.6;0;7.6;2.6;0.32;Graduate;0.264;Prioritas;0.0834;Aman;validasi silang
MHS1228;1;17;1;9238;1;1;145.0;1;38;38;5;7;138.0;1;0;0;1;0;0;20;0;0;6;11;5;11.2;0;0;6;6;6;12.0;0;9.4;-0.8;-3.12;Graduate;0.169;Aman;0.0558;Aman;validasi silang
MHS1229;1;1;5;9500;1;1;137.0;1;38;38;4;8;126.5;1;0;0;1;0;0;18;0;0;8;8;8;13.76375;0;0;8;8;8;13.76375;0;9.4;-0.8;-3.12;Graduate;0.0977;Aman;0.0277;Aman;validasi silang
MHS1230;1;53;1;9085;1;42;140.0;1;1;1;4;3;140.0;1;0;1;1;0;0;21;0;7;9;10;8;13.25;0;4;9;14;5;12.2;0;8.9;1.4;3.51;Enrolled;0.3679;Prioritas;0.8143;Kritis;mahasiswa aktif
MHS1231;1;1;1;9238;1;1;120.0;1;19;38;5;6;112.3;0;0;0;1;0;1;22;0;0;6;10;5;10.714285714285714;0;0;6;10;5;12.2;0;12.7;3.7;-1.7;Graduate;0.0393;Aman;0.051;Aman;validasi silang
MHS1232;1;1;1;9238;1;1;122.0;1;1;19;4;4;127.3;1;0;1;1;0;0;20;0;0;6;6;6;12.166666666666666;0;0;6;7;6;11.666666666666666;0;9.4;-0.8;-3.12;Graduate;0.3196;Prioritas;0.1058;Aman;validasi silang
MHS1233;1;7;1;9500;1;3;130.0;1;19;38;4;10;130.0;1;0;0;1;0;0;23;0;1;7;8;6;14.357142857142858;0;1;7;8;6;14.357142857142858;0;7.6;2.6;0.32;Graduate;0.2068;Aman;0.0479;Aman;validasi silang
MHS1234;1;17;2;9773;1;1;133.1;1;3;1;4;5;115.0;1;0;0;1;0;0;19;0;0;6;6;6;12.833333333333334;0;0;6;6;6;12.666666666666666;0;16.2;0.3;-0.92;Graduate;0.4458;Prioritas;0.0465;Aman;data uji
MHS1235;1;17;6;9500;1;1;150.0;1;1;37;1;1;131.5;1;0;0;1;0;0;19;0;0;8;8;7;13.925714285714283;0;0;8;8;7;13.925714285714283;0;10.8;1.4;1.74;Graduate;0.1672;Aman;0.0315;Aman;validasi silang
MHS1236;1;39;1;9991;0;1;133.1;1;19;38;7;4;125.7;0;0;0;1;0;0;26;0;0;5;9;2;12.0;0;0;5;9;3;11.0;0;10.8;1.4;1.74;Dropout;0.5647;Prioritas;0.9485;Kritis;validasi silang
MHS1237;1;1;6;9500;1;1;141.0;1;1;37;4;3;126.8;1;0;0;1;0;0;18;0;0;7;7;7;13.44285714285714;0;0;8;9;8;13.744444444444444;0;16.2;0.3;-0.92;Graduate;0.1678;Aman;0.3147;Aman;validasi silang
MHS1238;1;18;1;9119;1;1;146.0;1;1;37;7;7;132.4;1;0;0;1;1;0;18;0;0;5;5;1;16.0;0;0;5;5;0;0.0;0;9.4;-0.8;-3.12;Dropout;0.7731;Kritis;0.9801;Kritis;data uji
MHS1239;1;44;1;9003;1;39;150.0;1;38;37;9;9;150.0;1;0;0;1;1;0;20;0;0;6;8;6;13.125;0;0;6;10;6;13.2;0;16.2;0.3;-0.92;Graduate;0.348;Prioritas;0.0307;Aman;data uji
MHS1240;1;1;1;9670;1;1;133.1;1;3;1;4;4;95.0;0;0;0;1;1;0;19;0;0;6;7;0;0.0;0;0;6;6;0;0.0;0;15.5;2.8;-4.06;Dropout;0.5234;Prioritas;0.9796;Kritis;validasi silang
MHS1241;1;43;1;9991;0;1;120.0;1;37;37;9;9;128.2;0;0;0;0;1;0;32;0;5;9;9;5;11.4;0;4;4;4;4;11.0;0;10.8;1.4;1.74;Dropout;0.9309;Kritis;0.9476;Kritis;validasi silang
MHS1242;2;39;1;9130;1;1;150.0;1;19;19;4;4;130.0;0;0;0;0;1;0;31;0;0;4;12;2;11.0;2;0;5;9;3;11.666666666666666;0;9.4;-0.8;-3.12;Dropout;0.9736;Kritis;0.9749;Kritis;validasi silang
MHS1243;1;39;1;9119;1;19;133.1;1;1;19;4;5;100.0;0;0;0;1;1;0;25;0;0;5;13;1;11.0;0;0;5;11;1;10.0;0;13.9;-0.3;0.79;Enrolled;0.9141;Kritis;0.9798;Kritis;mahasiswa aktif
MHS1244;1;42;1;9085;1;39;140.0;1;19;3;9;1;159.9;1;0;0;1;0;0;21;0;2;6;14;5;13.666666666666666;0;2;6;10;5;13.0;0;16.2;0.3;-0.92;Graduate;0.2563;Prioritas;0.1071;Aman;validasi silang
MHS1245;2;43;1;9991;0;1;140.0;1;37;37;4;9;100.0;0;0;0;0;0;0;31;0;2;6;10;4;11.75;0;0;5;6;1;10.0;0;12.7;3.7;-1.7;Dropout;0.9379;Kritis;0.9786;Kritis;validasi silang
MHS1246;2;39;1;9853;1;1;133.1;1;37;37;5;5;116.5;0;0;0;1;0;0;34;0;0;7;11;1;10.0;0;0;7;7;1;13.0;0;16.2;0.3;-0.92;Dropout;0.769;Kritis;0.979;Kritis;validasi silang
MHS1247;1;1;1;9238;1;1;128.0;1;19;19;9;9;120.0;0;0;0;1;0;1;18;0;0;6;8;6;13.5;0;0;6;9;6;12.833333333333334;0;11.1;0.6;2.02;Graduate;0.0322;Aman;0.0294;Aman;data uji
MHS1248;1;1;3;9238;1;1;117.0;1;19;19;9;9;117.0;1;0;1;1;0;0;19;0;0;6;0;0;0.0;0;0;6;0;0;0.0;0;12.4;0.5;1.79;Dropout;0.2852;Prioritas;0.9801;Kritis;data uji
MHS1249;1;53;1;9670;1;42;140.0;1;19;37;3;6;140.0;1;0;1;1;0;0;21;0;0;6;12;1;12.0;0;0;6;11;1;11.0;0;8.9;1.4;3.51;Enrolled;0.218;Aman;0.9786;Kritis;mahasiswa aktif
MHS1250;1;1;2;9853;1;1;124.0;1;38;37;5;3;118.1;1;0;0;0;0;0;18;0;0;6;11;3;13.0;0;0;6;10;5;11.8;0;9.4;-0.8;-3.12;Dropout;0.9352;Kritis;0.9283;Kritis;data uji
MHS1251;1;1;1;9254;1;1;158.0;1;19;39;4;8;153.5;1;0;0;1;0;0;20;0;0;6;7;6;14.833333333333334;0;0;6;6;6;16.0;0;11.1;0.6;2.02;Graduate;0.2741;Prioritas;0.0316;Aman;validasi silang
MHS1252;1;43;1;9773;1;1;137.0;1;38;37;9;5;127.9;1;0;0;1;0;0;20;0;0;6;6;6;11.833333333333334;0;0;6;7;6;12.857142857142858;0;15.5;2.8;-4.06;Graduate;0.3007;Prioritas;0.0424;Aman;data uji
MHS1253;1;17;3;9670;1;1;123.0;1;38;38;7;8;118.8;1;1;0;1;0;1;18;0;0;6;10;5;12.0;0;0;6;11;5;12.333333333333334;0;11.1;0.6;2.02;Graduate;0.152;Aman;0.1279;Aman;validasi silang
MHS1254;1;1;1;9238;1;1;126.0;1;38;38;7;8;126.7;1;0;0;1;0;0;19;0;0;6;11;4;12.75;0;0;6;7;6;11.333333333333334;0;7.6;2.6;0.32;Graduate;0.1015;Aman;0.0792;Aman;validasi silang
MHS1255;1;43;1;9085;1;1;170.0;1;19;19;5;1;170.0;1;0;0;1;0;0;19;0;0;5;5;0;0.0;5;0;5;7;4;14.75;1;12.7;3.7;-1.7;Enrolled;0.1689;Aman;0.527;Prioritas;mahasiswa aktif
MHS1256;4;39;1;9130;1;1;133.1;1;3;1;5;5;110.0;1;0;0;1;0;1;30;0;0;6;7;0;0.0;0;0;6;16;1;10.0;0;11.1;0.6;2.02;Dropout;0.3615;Prioritas;0.9672;Kritis;validasi silang
MHS1257;1;17;1;9238;1;1;115.0;1;19;38;5;5;115.0;1;0;0;1;0;0;19;0;0;6;6;6;12.0;0;0;6;7;6;12.857142857142858;0;11.1;0.6;2.02;Graduate;0.1857;Aman;0.0317;Aman;validasi silang
MHS1258;1;1;3;9556;1;1;132.0;1;38;37;7;7;119.0;1;0;0;1;0;0;19;0;0;7;9;7;11.677777777777775;0;0;8;8;8;13.8;0;12.7;3.7;-1.7;Graduate;0.3407;Prioritas;0.0595;Aman;validasi silang
MHS1259;1;1;4;9500;1;1;132.0;1;1;37;4;7;121.8;1;0;0;1;0;1;19;0;0;8;8;7;13.6;0;0;8;8;7;13.6;0;12.7;3.7;-1.7;Graduate;0.0432;Aman;0.0293;Aman;data uji
MHS1260;1;1;1;9085;1;1;143.0;1;19;38;9;9;133.4;1;0;0;1;0;0;19;0;0;6;7;6;16.0;0;0;6;8;6;15.875;0;12.4;0.5;1.79;Graduate;0.148;Aman;0.0309;Aman;validasi silang
MHS1261;1;1;3;9238;1;1;137.0;1;1;1;3;3;131.4;1;0;0;1;0;0;20;0;0;6;9;5;11.8;0;0;6;7;6;11.5;0;7.6;2.6;0.32;Graduate;0.0967;Aman;0.0457;Aman;validasi silang
MHS1262;1;42;1;9119;1;1;130.0;1;19;37;9;3;135.0;0;0;1;1;1;0;25;0;0;5;5;0;0.0;0;2;6;7;2;14.0;0;13.9;-0.3;0.79;Dropout;0.8896;Kritis;0.9795;Kritis;validasi silang
MHS1263;1;1;2;9773;1;1;121.0;1;19;19;9;9;122.8;0;0;0;1;1;0;19;0;0;6;0;0;0.0;0;0;6;0;0;0.0;0;12.4;0.5;1.79;Dropout;0.3297;Prioritas;0.9796;Kritis;validasi silang
MHS1264;2;39;1;9853;1;1;130.0;1;37;19;7;3;140.0;0;0;1;1;0;1;34;0;0;6;7;6;16.142857142857142;0;0;6;10;6;16.2;0;9.4;-0.8;-3.12;Graduate;0.6395;Prioritas;0.0776;Aman;validasi silang
MHS1265;1;18;2;9500;1;1;135.0;1;38;37;9;5;125.3;1;0;0;1;0;1;18;0;0;8;8;7;11.785714285714286;0;0;8;8;7;11.785714285714286;0;12.7;3.7;-1.7;Graduate;0.0505;Aman;0.0338;Aman;data uji
MHS1266;1;1;6;9500;1;1;137.0;1;1;1;4;5;126.3;1;0;0;1;0;1;18;0;0;8;8;8;13.42375;0;0;8;8;8;13.42375;0;9.4;-0.8;-3.12;Graduate;0.061;Aman;0.0279;Aman;validasi silang
MHS1267;1;1;1;9670;1;1;100.0;1;38;38;9;10;100.0;0;0;0;1;0;0;20;0;0;6;8;6;12.5;0;0;6;10;5;14.166666666666666;0;11.1;0.6;2.02;Graduate;0.1444;Aman;0.0898;Aman;validasi silang
MHS1268;1;17;2;9500;1;1;127.0;1;19;37;9;7;121.3;1;0;0;1;0;1;20;0;0;8;8;7;12.464285714285714;0;0;8;8;7;12.464285714285714;0;10.8;1.4;1.74;Graduate;0.0582;Aman;0.0273;Aman;validasi silang
MHS1269;1;53;1;9991;0;1;140.0;1;38;38;191;193;135.0;0;0;1;1;0;0;23;0;6;11;18;8;12.375;0;3;9;15;5;12.6;0;8.9;1.4;3.51;Enrolled;0.1897;Aman;0.7781;Kritis;mahasiswa aktif
MHS1270;1;39;1;9670;1;1;140.0;1;37;37;6;6;120.0;0;0;0;1;0;0;28;0;0;6;8;1;10.0;0;0;6;9;0;0.0;0;10.8;1.4;1.74;Dropout;0.2993;Prioritas;0.9801;Kritis;data uji
MHS1271;1;17;1;9773;1;1;121.0;1;37;19;9;10;113.7;0;0;0;1;0;0;18;0;0;6;8;5;12.6;0;0;6;10;6;12.428571428571429;0;15.5;2.8;-4.06;Enrolled;0.3508;Prioritas;0.0901;Aman;mahasiswa aktif
MHS1272;1;43;1;9147;1;1;131.0;1;19;38;9;9;129.7;1;0;0;1;0;0;19;0;0;5;5;5;12.6;0;0;5;6;4;12.4;0;16.2;0.3;-0.92;Graduate;0.4398;Prioritas;0.0558;Aman;validasi silang
MHS1273;2;1;1;9147;1;1;151.0;1;38;37;9;8;132.1;1;0;0;1;0;0;34;0;0;5;7;2;10.0;0;0;5;6;4;12.0;0;7.6;2.6;0.32;Dropout;0.1937;Aman;0.8666;Kritis;validasi silang
MHS1274;2;51;1;9853;1;1;130.0;1;37;37;7;8;120.3;0;0;0;1;0;0;35;0;0;7;7;0;0.0;0;0;6;0;0;0.0;0;8.9;1.4;3.51;Dropout;0.4317;Prioritas;0.9795;Kritis;validasi silang
MHS1275;1;7;1;9991;0;40;120.0;1;37;37;9;7;120.0;0;0;0;1;0;0;32;0;0;5;7;5;11.6;0;0;5;8;5;12.333333333333334;0;12.4;0.5;1.79;Graduate;0.5483;Prioritas;0.063;Aman;validasi silang
MHS1276;1;17;2;9254;1;1;136.0;1;19;19;4;7;123.1;1;0;0;1;0;0;19;0;0;6;8;6;12.166666666666666;0;0;6;6;6;13.5;0;11.1;0.6;2.02;Graduate;0.4154;Prioritas;0.0439;Aman;data uji
MHS1277;1;17;5;9670;1;1;125.0;1;1;19;9;7;119.4;1;0;0;1;0;0;18;0;0;6;10;4;13.6;0;0;6;7;5;12.666666666666666;0;11.1;0.6;2.02;Graduate;0.2796;Prioritas;0.101;Aman;validasi silang
MHS1278;2;39;1;9147;1;1;133.1;1;37;37;9;9;140.0;0;0;0;0;0;0;35;0;0;5;8;4;12.5;1;0;5;8;5;11.8;0;9.4;-0.8;-3.12;Dropout;0.9222;Kritis;0.8759;Kritis;data uji
MHS1279;1;39;1;8014;0;1;133.1;1;1;12;4;5;116.5;0;0;0;1;1;1;24;0;0;6;6;4;12.25;0;0;6;10;4;11.5;0;12.4;0.5;1.79;Enrolled;0.1558;Aman;0.3939;Aman;mahasiswa aktif
MHS1280;1;17;1;9238;1;1;120.0;1;19;37;9;9;113.0;1;0;0;1;0;1;20;0;0;6;7;6;11.714285714285714;0;0;6;8;6;12.625;0;13.9;-0.3;0.79;Graduate;0.0817;Aman;0.0289;Aman;validasi silang
MHS1281;1;1;3;9773;1;1;143.0;11;19;19;4;9;133.9;1;0;0;1;1;1;18;1;0;6;7;6;13.5;0;0;6;7;6;13.0;0;16.2;0.3;-0.92;Graduate;0.1089;Aman;0.0914;Aman;validasi silang
MHS1282;1;1;3;9500;1;1;133.1;1;38;19;7;9;115.5;1;0;0;1;1;1;20;0;0;8;8;7;13.024285714285714;0;0;8;8;7;13.024285714285714;0;10.8;1.4;1.74;Graduate;0.0789;Aman;0.0319;Aman;data uji
MHS1283;1;17;5;9254;1;1;121.0;1;1;19;4;7;116.5;1;0;0;0;1;0;18;0;0;6;12;0;0.0;0;0;6;0;0;0.0;0;9.4;-0.8;-3.12;Dropout;0.959;Kritis;0.9801;Kritis;data uji
MHS1284;1;1;1;9119;1;1;168.0;1;19;19;4;4;171.2;0;0;0;1;1;1;18;0;0;5;6;5;17.333333333333332;0;0;5;8;5;18.571428571428573;0;12.4;0.5;1.79;Graduate;0.2729;Prioritas;0.0646;Aman;validasi silang
MHS1285;1;1;1;9670;1;1;124.0;1;19;37;5;7;119.1;0;0;0;1;1;1;20;0;0;5;7;4;11.0;0;0;5;7;4;11.5;0;9.4;-0.8;-3.12;Graduate;0.1312;Aman;0.1378;Aman;data uji
MHS1286;1;17;2;9853;1;1;127.0;1;19;38;3;3;121.1;1;0;0;1;1;0;19;0;0;7;10;6;13.666666666666666;0;0;7;9;6;12.5;0;12.4;0.5;1.79;Dropout;0.6651;Kritis;0.1258;Aman;validasi silang
MHS1287;1;1;2;9070;1;1;129.0;1;1;1;4;9;132.9;1;0;0;1;1;1;20;0;0;6;9;6;11.375;0;0;6;6;5;13.8;0;7.6;2.6;0.32;Enrolled;0.0729;Aman;0.0613;Aman;mahasiswa aktif
MHS1288;1;1;1;9238;1;1;137.0;1;19;1;9;9;132.8;0;0;0;1;1;0;19;0;0;6;6;6;12.833333333333334;0;0;6;8;6;11.833333333333334;0;10.8;1.4;1.74;Graduate;0.2141;Aman;0.0392;Aman;validasi silang
MHS1289;1;1;1;9773;1;1;120.0;1;36;37;0;0;126.7;1;0;0;1;1;0;20;0;0;6;9;5;12.6;0;0;6;11;4;11.5;0;7.6;2.6;0.32;Graduate;0.3625;Prioritas;0.4232;Prioritas;validasi silang
MHS1290;1;1;1;9500;1;1;110.0;1;19;19;9;7;105.8;1;0;0;1;1;0;22;0;0;7;8;6;14.333333333333334;0;0;8;9;7;13.771428571428572;0;11.1;0.6;2.02;Graduate;0.2534;Prioritas;0.0681;Aman;validasi silang
MHS1291;1;17;2;9119;1;1;120.0;1;1;19;9;8;117.2;0;0;0;1;1;1;18;0;0;5;8;4;13.5;0;0;6;10;6;13.625;0;11.1;0.6;2.02;Enrolled;0.4008;Prioritas;0.0522;Aman;mahasiswa aktif
MHS1292;1;1;1;9500;1;1;143.0;1;38;38;9;9;140.0;0;0;0;1;1;0;19;0;0;8;8;7;14.285714285714286;0;0;8;8;7;14.285714285714286;0;12.7;3.7;-1.7;Graduate;0.1464;Aman;0.0266;Aman;validasi silang
MHS1293;1;44;1;9003;1;39;120.0;1;1;19;9;7;120.0;0;0;0;1;1;0;22;0;2;6;15;3;11.75;0;0;6;12;2;10.0;0;13.9;-0.3;0.79;Dropout;0.3855;Prioritas;0.9788;Kritis;validasi silang
MHS1294;1;17;5;9119;1;1;124.0;11;4;12;2;9;119.5;1;0;0;1;1;0;20;1;0;5;5;5;14.8;0;0;5;5;5;17.6;0;8.9;1.4;3.51;Graduate;0.5703;Prioritas;0.2041;Aman;validasi silang
MHS1295;2;39;1;9003;1;1;168.0;1;1;41;9;3;153.9;0;0;1;0;1;0;34;0;0;6;7;0;0.0;0;0;6;0;0;0.0;0;12.4;0.5;1.79;Dropout;0.9594;Kritis;0.9784;Kritis;validasi silang
MHS1296;2;39;1;8014;0;19;133.1;1;1;1;4;4;130.0;0;0;0;1;1;0;24;0;0;6;14;1;10.0;0;0;5;5;0;0.0;0;16.2;0.3;-0.92;Dropout;0.5138;Prioritas;0.9794;Kritis;data uji
MHS1297;1;39;2;9670;1;1;150.0;1;34;34;0;0;107.0;1;0;0;1;1;0;26;0;0;5;5;0;0.0;0;0;5;5;0;0.0;0;7.6;2.6;0.32;Dropout;0.8721;Kritis;0.9788;Kritis;validasi silang
MHS1298;1;39;1;9500;1;1;140.0;1;37;37;9;6;132.8;0;0;0;1;1;0;35;0;0;7;10;4;12.6;0;0;7;9;5;12.38;0;12.4;0.5;1.79;Dropout;0.3489;Prioritas;0.9142;Kritis;data uji
MHS1299;1;1;1;9991;0;1;145.0;1;2;37;4;9;127.5;1;0;0;1;1;0;22;0;0;5;9;5;12.428571428571429;1;0;5;7;5;11.8;0;7.6;2.6;0.32;Graduate;0.3176;Prioritas;0.0641;Aman;validasi silang
MHS1300;1;18;1;9254;1;1;118.0;1;38;38;5;5;123.3;1;0;0;1;1;0;26;0;0;6;10;4;10.0;0;0;6;11;3;12.0;0;9.4;-0.8;-3.12;Enrolled;0.5649;Prioritas;0.9621;Kritis;mahasiswa aktif
MHS1301;1;17;1;9147;1;1;123.0;1;1;19;3;4;122.0;0;0;0;1;1;0;19;0;0;5;7;3;12.333333333333334;0;0;5;5;0;0.0;0;8.9;1.4;3.51;Dropout;0.4969;Prioritas;0.9791;Kritis;validasi silang
MHS1302;1;1;5;9254;1;1;120.0;1;3;19;3;9;114.8;1;0;0;0;1;0;19;0;0;6;0;0;0.0;0;0;6;0;0;0.0;0;8.9;1.4;3.51;Dropout;0.8838;Kritis;0.9787;Kritis;validasi silang
MHS1303;1;44;1;171;1;39;140.0;1;3;3;2;2;140.0;0;0;1;1;1;0;20;0;0;0;0;0;0.0;0;0;0;0;0;0.0;0;15.5;2.8;-4.06;Graduate;0.8813;Kritis;0.944;Kritis;validasi silang
MHS1304;1;51;1;9670;1;1;126.0;1;3;3;1;10;111.0;0;0;1;1;1;0;21;0;5;11;12;10;12.1;0;2;8;9;8;13.333333333333334;0;11.1;0.6;2.02;Graduate;0.7167;Kritis;0.1015;Aman;validasi silang
MHS1305;1;1;2;9773;1;1;137.0;1;1;19;7;7;133.2;1;0;0;1;0;1;19;0;0;6;7;6;14.714285714285714;0;0;6;6;6;15.0;0;13.9;-0.3;0.79;Graduate;0.0981;Aman;0.0664;Aman;validasi silang
MHS1306;1;1;3;9773;1;1;130.0;1;19;19;9;9;123.0;1;0;0;1;0;0;18;0;0;6;6;6;12.666666666666666;0;0;6;7;6;12.833333333333334;0;12.7;3.7;-1.7;Graduate;0.2363;Prioritas;0.047;Aman;validasi silang
MHS1307;1;53;1;9003;1;42;150.0;1;1;38;8;8;150.0;0;0;0;1;0;1;23;0;7;12;14;12;14.384615384615383;0;5;10;12;10;13.3;0;8.9;1.4;3.51;Graduate;0.0564;Aman;0.0299;Aman;validasi silang
MHS1308;1;17;3;9147;1;1;147.0;1;19;38;5;7;132.3;1;0;0;1;0;1;18;0;0;5;5;5;13.4;0;0;5;6;5;12.2;0;12.7;3.7;-1.7;Graduate;0.2074;Aman;0.0385;Aman;validasi silang
MHS1309;1;18;1;9500;1;1;140.0;1;37;38;5;7;126.0;1;0;0;1;0;0;18;0;0;8;8;7;13.314285714285717;0;0;8;8;7;13.314285714285717;0;12.7;3.7;-1.7;Graduate;0.2662;Prioritas;0.0274;Aman;validasi silang
MHS1310;1;1;3;9500;1;1;132.0;1;38;38;9;9;119.3;1;0;0;1;0;0;19;0;0;8;8;7;11.98857142857143;0;0;8;8;7;11.98857142857143;0;10.8;1.4;1.74;Graduate;0.0846;Aman;0.0308;Aman;validasi silang
MHS1311;1;53;1;9147;1;42;130.0;1;1;19;143;172;133.8;1;0;0;1;0;0;21;0;6;11;17;11;11.545454545454543;0;3;9;13;8;12.88888888888889;0;8.9;1.4;3.51;Graduate;0.2836;Prioritas;0.0602;Aman;data uji
MHS1312;1;1;1;9085;1;1;130.0;1;37;37;9;6;126.5;1;0;0;1;0;1;18;0;0;6;13;6;16.46153846153846;0;0;6;8;6;13.875;0;15.5;2.8;-4.06;Graduate;0.0471;Aman;0.0305;Aman;validasi silang
MHS1313;1;1;1;9773;1;1;151.0;1;38;37;9;5;138.4;1;0;0;1;0;1;24;0;0;6;7;6;13.666666666666666;0;0;6;6;6;12.833333333333334;0;10.8;1.4;1.74;Graduate;0.054;Aman;0.0447;Aman;data uji
MHS1314;1;1;4;9500;1;1;144.0;1;3;39;2;3;129.0;1;0;0;1;0;0;18;0;0;7;8;7;12.65;0;0;8;9;8;13.411111111111111;0;16.2;0.3;-0.92;Dropout;0.225;Prioritas;0.0661;Aman;validasi silang
MHS1315;1;1;1;9670;1;1;127.0;1;19;1;5;7;118.3;1;0;0;1;0;0;18;0;0;6;7;6;12.333333333333334;0;0;6;10;3;12.0;0;13.9;-0.3;0.79;Enrolled;0.287;Prioritas;0.1706;Aman;mahasiswa aktif
MHS1316;1;17;2;9500;1;1;131.0;1;19;37;9;7;129.8;1;0;0;1;0;0;20;0;0;7;8;6;14.37;0;0;8;10;7;14.65;0;12.4;0.5;1.79;Graduate;0.2055;Aman;0.1401;Aman;validasi silang
MHS1317;1;17;2;9085;1;1;123.0;1;1;19;4;9;113.6;1;0;0;1;0;0;19;0;0;5;13;3;12.0;2;0;5;8;4;11.75;0;9.4;-0.8;-3.12;Enrolled;0.2859;Prioritas;0.2131;Aman;mahasiswa aktif
MHS1318;1;1;5;9773;1;1;130.0;1;34;38;0;8;128.3;1;0;0;0;0;1;18;0;0;6;12;3;12.0;0;0;6;15;3;10.666666666666666;0;7.6;2.6;0.32;Dropout;0.8235;Kritis;0.9552;Kritis;validasi silang
MHS1319;1;43;1;9254;1;1;130.0;1;1;19;5;7;130.0;0;0;0;1;0;1;19;0;0;6;11;4;12.0;0;0;6;14;3;11.0;0;10.8;1.4;1.74;Dropout;0.1231;Aman;0.6619;Kritis;validasi silang
MHS1320;1;17;2;9853;1;1;131.0;1;1;38;4;8;121.9;1;0;0;1;0;0;19;0;0;6;10;5;12.6;0;0;6;7;5;11.2;0;10.8;1.4;1.74;Graduate;0.5195;Prioritas;0.3299;Aman;validasi silang
MHS1321;1;1;5;9238;1;3;135.0;1;1;38;9;3;129.4;0;0;1;1;0;0;18;0;0;6;6;6;12.166666666666666;0;0;6;6;6;12.333333333333334;0;10.8;1.4;1.74;Graduate;0.3022;Prioritas;0.0583;Aman;validasi silang
MHS1322;1;1;2;9853;1;1;123.0;1;19;1;194;103;115.3;1;0;0;1;0;0;20;0;0;7;8;6;13.5;0;0;7;8;6;14.0;0;11.1;0.6;2.02;Enrolled;0.3777;Prioritas;0.1221;Aman;mahasiswa aktif
MHS1323;1;1;5;9500;1;1;145.0;1;38;38;9;9;125.5;1;0;0;1;0;1;18;0;0;8;8;8;13.76375;0;0;8;8;8;13.76375;0;9.4;-0.8;-3.12;Graduate;0.031;Aman;0.029;Aman;data uji
MHS1324;1;17;6;9556;1;1;118.0;1;38;38;5;5;117.8;1;0;0;1;0;1;19;0;0;7;11;6;12.4;0;0;7;8;6;12.8;0;11.1;0.6;2.02;Graduate;0.1467;Aman;0.0577;Aman;data uji
MHS1325;1;17;3;9147;1;1;125.0;1;3;38;2;10;118.7;1;0;0;1;0;0;18;0;0;5;16;4;10.666666666666666;0;0;5;11;2;12.0;0;13.9;-0.3;0.79;Enrolled;0.4152;Prioritas;0.9364;Kritis;mahasiswa aktif
MHS1326;1;1;2;9500;1;1;152.0;1;37;37;9;9;139.0;1;0;0;1;0;0;18;0;0;7;7;6;14.333333333333334;0;0;7;7;6;14.333333333333334;0;7.6;2.6;0.32;Graduate;0.11;Aman;0.0317;Aman;validasi silang
MHS1327;1;1;1;9085;1;1;101.0;1;1;37;4;9;98.9;1;0;0;1;0;0;21;0;0;6;12;4;12.5;0;0;6;13;2;12.666666666666666;0;11.1;0.6;2.02;Enrolled;0.228;Prioritas;0.9703;Kritis;mahasiswa aktif
MHS1328;1;17;1;9254;1;1;137.0;1;34;38;0;7;137.7;1;0;1;0;0;0;19;0;0;6;14;1;10.0;0;0;6;13;0;0.0;0;7.6;2.6;0.32;Dropout;0.9818;Kritis;0.9786;Kritis;validasi silang
MHS1329;1;1;4;9500;1;1;123.0;1;1;1;3;3;113.6;1;0;0;1;0;0;21;0;0;7;8;7;14.69625;0;0;8;9;8;14.622222222222224;0;12.4;0.5;1.79;Graduate;0.1201;Aman;0.0477;Aman;validasi silang
MHS1330;1;1;1;9085;1;1;120.0;1;4;1;2;9;113.4;0;0;0;1;0;0;18;0;0;6;14;4;11.5;0;0;6;17;3;13.75;0;11.1;0.6;2.02;Enrolled;0.178;Aman;0.9381;Kritis;mahasiswa aktif
MHS1331;1;17;3;9556;1;1;131.0;1;19;38;9;7;128.5;0;0;0;1;0;1;18;0;0;7;9;7;12.855555555555556;0;0;8;8;8;13.9125;0;12.7;3.7;-1.7;Graduate;0.1369;Aman;0.0392;Aman;validasi silang
MHS1332;1;1;1;9500;1;1;141.0;1;1;1;3;10;142.8;0;0;0;1;0;0;18;0;0;7;7;7;13.7;0;0;8;9;8;13.994444444444444;0;11.1;0.6;2.02;Graduate;0.0696;Aman;0.0294;Aman;data uji
MHS1333;1;1;1;9130;1;1;144.0;1;3;1;1;3;137.7;0;0;0;0;0;0;23;0;0;5;9;0;0.0;3;1;5;10;1;12.0;3;10.8;1.4;1.74;Dropout;0.8463;Kritis;0.9743;Kritis;validasi silang
MHS1334;1;1;1;9238;1;1;107.0;1;19;37;7;7;103.5;1;0;0;1;0;0;20;0;0;6;13;3;11.2;0;0;6;9;4;12.0;0;16.2;0.3;-0.92;Enrolled;0.2384;Prioritas;0.9117;Kritis;mahasiswa aktif
MHS1335;1;1;1;9500;1;1;133.0;1;38;38;5;5;123.2;0;0;0;1;0;0;18;0;0;7;7;7;13.285714285714286;0;0;8;9;8;13.333333333333334;0;16.2;0.3;-0.92;Graduate;0.1376;Aman;0.0323;Aman;validasi silang
MHS1336;1;17;2;9853;1;1;126.0;1;1;19;2;10;126.0;1;0;0;1;0;0;19;0;0;6;9;5;13.0;0;0;6;8;5;10.4;0;7.6;2.6;0.32;Enrolled;0.4817;Prioritas;0.22;Aman;mahasiswa aktif
MHS1337;1;39;1;9500;1;1;133.1;1;1;38;3;7;121.7;0;0;0;1;0;1;27;0;0;7;8;6;12.6;0;0;7;9;6;11.685714285714283;0;12.4;0.5;1.79;Enrolled;0.0793;Aman;0.0476;Aman;mahasiswa aktif
MHS1338;1;17;1;9147;1;1;147.0;1;37;37;9;6;142.8;1;0;1;0;0;1;19;0;0;5;5;5;12.8;0;0;5;5;4;12.0;0;11.1;0.6;2.02;Enrolled;0.7933;Kritis;0.6429;Prioritas;mahasiswa aktif
MHS1339;1;43;1;9130;1;1;120.0;1;1;19;9;9;120.0;1;0;0;1;0;0;21;0;0;6;14;5;11.5;1;0;6;13;5;11.0;1;15.5;2.8;-4.06;Dropout;0.5085;Prioritas;0.2269;Aman;validasi silang
MHS1340;1;18;1;9500;1;1;130.0;1;37;38;7;8;119.3;1;0;0;1;0;1;19;0;0;8;8;7;11.4;0;0;8;8;7;11.4;0;10.8;1.4;1.74;Graduate;0.0617;Aman;0.0363;Aman;data uji
MHS1341;1;44;1;9238;1;1;120.0;1;37;37;6;9;121.0;0;0;0;1;0;1;21;0;3;6;6;6;12.333333333333334;0;2;6;8;6;11.333333333333334;0;13.9;-0.3;0.79;Graduate;0.0477;Aman;0.0298;Aman;validasi silang
MHS1342;1;1;5;9773;1;1;138.0;1;19;19;9;9;139.4;1;0;0;1;0;0;18;0;0;6;7;5;12.8;0;0;6;10;4;12.2;0;10.8;1.4;1.74;Graduate;0.161;Aman;0.3683;Aman;validasi silang
MHS1343;1;17;1;9085;1;1;124.0;1;19;38;7;7;113.9;1;0;0;1;0;1;20;0;0;5;8;5;12.0;1;0;5;8;4;15.0;1;12.7;3.7;-1.7;Graduate;0.1415;Aman;0.0553;Aman;validasi silang
MHS1344;1;1;1;9853;1;1;133.0;1;37;37;9;7;124.6;1;0;0;1;0;1;18;0;0;6;8;5;13.0;0;0;6;9;5;13.5;0;9.4;-0.8;-3.12;Graduate;0.2154;Aman;0.0709;Aman;validasi silang
MHS1345;1;17;1;9070;1;1;122.0;1;1;1;4;8;123.8;1;0;1;0;0;1;18;0;0;6;6;6;11.833333333333334;0;0;6;8;6;11.0;0;12.7;3.7;-1.7;Dropout;0.8451;Kritis;0.5865;Prioritas;validasi silang
MHS1346;1;1;3;9085;1;1;138.0;1;1;3;4;4;126.3;1;0;0;1;0;0;18;0;0;6;8;6;14.0;0;0;6;9;6;13.333333333333334;0;8.9;1.4;3.51;Graduate;0.1897;Aman;0.039;Aman;data uji
MHS1347;1;17;4;9773;1;1;134.0;1;1;1;3;3;120.4;1;0;0;1;0;1;18;0;0;6;6;6;12.333333333333334;0;0;6;6;6;13.5;0;16.2;0.3;-0.92;Graduate;0.1565;Aman;0.0671;Aman;validasi silang
MHS1348;1;1;3;9500;1;1;128.0;1;1;1;7;7;120.5;1;0;0;1;0;1;19;0;0;7;10;5;13.04;0;0;7;7;7;12.5;0;12.4;0.5;1.79;Enrolled;0.0553;Aman;0.1305;Aman;mahasiswa aktif
MHS1349;1;53;1;9085;1;42;140.0;1;19;38;8;9;144.9;1;0;1;0;0;0;23;0;7;11;18;11;13.166666666666666;0;4;9;15;8;13.333333333333334;0;8.9;1.4;3.51;Enrolled;0.9373;Kritis;0.7542;Kritis;mahasiswa aktif
MHS1350;1;39;1;9085;1;19;133.1;1;19;19;4;9;139.9;1;0;0;1;0;1;24;0;1;6;7;6;12.5;0;0;6;11;6;12.833333333333334;0;8.9;1.4;3.51;Graduate;0.1362;Aman;0.036;Aman;validasi silang
MHS1351;1;1;1;171;1;1;142.0;1;1;1;3;3;133.3;1;0;0;1;0;0;19;0;0;0;0;0;0.0;0;0;0;0;0;0.0;0;10.8;1.4;1.74;Graduate;0.2361;Prioritas;0.4317;Prioritas;data uji
MHS1352;1;1;3;9500;1;1;141.0;1;19;19;9;9;126.0;1;0;0;1;0;0;18;0;0;8;8;7;15.657142857142857;0;0;8;8;7;15.657142857142857;0;12.7;3.7;-1.7;Graduate;0.1248;Aman;0.0293;Aman;data uji
MHS1353;1;1;2;9070;1;1;145.0;1;1;19;4;3;133.5;0;0;0;1;0;0;19;0;0;6;6;6;12.166666666666666;0;0;6;6;6;11.333333333333334;0;12.7;3.7;-1.7;Graduate;0.1454;Aman;0.0386;Aman;validasi silang
MHS1354;1;17;2;9853;1;1;145.0;1;38;19;4;9;127.9;1;0;0;1;0;0;19;0;0;6;0;0;0.0;0;0;6;0;0;0.0;0;10.8;1.4;1.74;Dropout;0.455;Prioritas;0.9794;Kritis;validasi silang
MHS1355;1;1;1;9238;1;1;108.0;1;1;38;5;8;105.9;0;0;0;1;0;1;20;0;0;6;11;5;10.6;0;0;6;9;5;11.166666666666666;0;11.1;0.6;2.02;Enrolled;0.0397;Aman;0.0422;Aman;mahasiswa aktif
MHS1356;1;1;1;9085;1;1;132.0;1;1;12;4;5;124.3;0;0;0;1;0;0;20;0;0;6;10;6;13.428571428571429;0;0;6;11;5;12.666666666666666;0;13.9;-0.3;0.79;Enrolled;0.1814;Aman;0.0637;Aman;mahasiswa aktif
MHS1357;1;39;1;9773;1;1;140.0;1;34;37;0;0;102.5;0;0;0;1;0;0;26;0;0;6;8;4;11.75;0;0;6;12;0;0.0;0;7.6;2.6;0.32;Dropout;0.7834;Kritis;0.9792;Kritis;validasi silang
MHS1358;1;39;1;9254;1;19;133.1;1;19;1;9;5;97.0;0;0;1;0;1;0;36;0;0;5;10;0;0.0;0;0;5;5;0;0.0;0;15.5;2.8;-4.06;Dropout;0.9962;Kritis;0.9797;Kritis;validasi silang
MHS1359;1;17;1;171;1;1;128.0;1;1;1;4;10;134.7;0;0;0;0;1;0;19;0;0;0;0;0;0.0;0;0;0;0;0;0.0;0;10.8;1.4;1.74;Dropout;0.9331;Kritis;0.9343;Kritis;data uji
MHS1360;1;42;1;9119;1;1;120.0;1;19;37;9;9;113.8;0;0;0;0;1;0;27;0;0;5;0;0;0.0;0;0;5;0;0;0.0;0;15.5;2.8;-4.06;Dropout;0.9881;Kritis;0.9796;Kritis;validasi silang
MHS1361;1;1;4;9119;1;1;120.0;1;3;1;123;152;116.9;0;0;0;1;1;0;18;0;0;5;9;1;13.0;0;0;5;5;0;0.0;0;8.9;1.4;3.51;Dropout;0.6336;Prioritas;0.9791;Kritis;data uji
MHS1362;1;1;4;9500;1;1;139.0;1;37;38;9;9;124.0;1;0;0;1;1;1;18;0;0;8;8;7;13.331428571428573;0;0;8;8;7;13.331428571428573;0;10.8;1.4;1.74;Graduate;0.0819;Aman;0.0326;Aman;validasi silang
MHS1363;1;39;1;9070;1;1;139.3;1;38;38;5;5;117.5;0;0;0;1;1;0;28;0;0;6;0;0;0.0;0;0;6;0;0;0.0;0;12.4;0.5;1.79;Dropout;0.5712;Prioritas;0.9801;Kritis;data uji
MHS1364;1;44;1;171;1;39;150.0;1;19;1;9;9;154.8;1;0;0;1;1;0;21;0;0;0;0;0;0.0;0;0;0;0;0;0.0;0;12.4;0.5;1.79;Graduate;0.5375;Prioritas;0.7757;Kritis;validasi silang
MHS1365;1;1;1;9500;1;1;138.0;1;19;37;4;9;141.0;0;0;0;1;1;0;19;0;0;7;7;6;13.7;0;0;7;7;6;13.7;0;7.6;2.6;0.32;Graduate;0.1518;Aman;0.0285;Aman;validasi silang
MHS1366;1;39;1;9670;1;9;133.1;1;6;22;3;3;120.0;0;0;1;0;1;0;26;0;0;5;5;0;0.0;0;0;5;5;0;0.0;5;9.4;-0.8;-3.12;Dropout;0.9878;Kritis;0.9795;Kritis;validasi silang
MHS1367;1;51;1;9119;1;1;136.0;1;1;19;3;5;133.6;1;0;0;1;1;0;20;0;4;9;12;9;13.454545454545457;0;2;7;9;6;13.875;0;11.1;0.6;2.02;Dropout;0.6215;Prioritas;0.0983;Aman;validasi silang
MHS1368;1;1;6;9500;1;1;134.0;1;38;38;9;9;122.0;1;0;0;1;1;0;19;0;0;8;8;7;12.2;0;0;8;8;7;12.2;0;12.7;3.7;-1.7;Graduate;0.2084;Aman;0.0437;Aman;data uji
MHS1369;1;1;1;9147;1;1;140.0;1;19;19;7;3;120.0;1;0;0;1;1;0;21;0;0;5;8;3;10.0;0;0;5;10;4;11.0;0;12.7;3.7;-1.7;Dropout;0.5919;Prioritas;0.631;Prioritas;validasi silang
MHS1370;1;53;1;9670;1;42;110.0;1;1;19;9;9;114.2;0;0;0;1;1;1;23;0;0;6;7;5;13.0;0;0;6;7;6;12.857142857142858;0;8.9;1.4;3.51;Graduate;0.079;Aman;0.0523;Aman;validasi silang
MHS1371;1;39;1;8014;0;38;133.1;1;38;37;4;8;95.5;0;0;0;1;1;0;29;0;0;6;11;6;12.0;0;0;6;6;6;14.0;0;11.1;0.6;2.02;Graduate;0.5216;Prioritas;0.047;Aman;validasi silang
MHS1372;1;1;1;9500;1;1;129.0;1;1;1;9;9;120.0;0;0;0;1;1;0;20;0;0;8;8;7;15.028571428571428;0;0;8;8;7;15.028571428571428;0;12.7;3.7;-1.7;Graduate;0.2656;Prioritas;0.0288;Aman;validasi silang
MHS1373;1;1;1;9238;1;1;116.0;1;1;19;5;9;111.1;0;0;0;1;1;0;18;0;0;6;8;6;12.0;0;0;6;7;6;11.714285714285714;0;15.5;2.8;-4.06;Graduate;0.2877;Prioritas;0.0342;Aman;validasi silang
MHS1374;1;1;1;9773;1;1;130.0;1;1;38;3;5;128.6;1;0;0;1;1;0;19;0;0;6;8;5;12.0;0;0;6;8;5;12.4;0;9.4;-0.8;-3.12;Graduate;0.3456;Prioritas;0.1128;Aman;validasi silang
MHS1375;1;7;1;9556;1;3;130.0;1;1;37;4;8;130.0;0;0;0;0;1;0;23;0;3;7;7;3;13.666666666666666;0;3;8;8;3;11.333333333333334;4;10.8;1.4;1.74;Dropout;0.9651;Kritis;0.977;Kritis;data uji
MHS1376;1;1;1;171;1;1;116.0;1;38;1;5;1;111.1;0;0;0;1;1;0;21;0;0;0;0;0;0.0;0;0;0;0;0;0.0;0;13.9;-0.3;0.79;Dropout;0.4133;Prioritas;0.8124;Kritis;validasi silang
MHS1377;1;17;1;9147;1;1;136.0;1;1;1;9;3;122.7;1;0;0;1;1;0;18;0;0;5;6;5;12.0;0;0;5;7;4;12.5;0;15.5;2.8;-4.06;Enrolled;0.6612;Kritis;0.1167;Aman;mahasiswa aktif
MHS1378;1;1;1;171;1;1;147.0;1;37;19;7;7;134.4;1;0;0;1;1;1;18;0;0;0;0;0;0.0;0;0;0;0;0;0.0;0;10.8;1.4;1.74;Graduate;0.2026;Aman;0.1447;Aman;validasi silang
MHS1379;1;1;5;9070;1;1;117.0;1;19;37;5;5;131.0;1;0;1;0;1;0;21;0;0;6;6;1;14.0;0;0;6;7;0;0.0;7;9.4;-0.8;-3.12;Dropout;0.9507;Kritis;0.9785;Kritis;validasi silang
MHS1380;1;51;1;9238;1;1;141.0;1;1;1;5;9;125.0;0;0;0;1;1;0;22;0;0;6;6;0;0.0;0;0;6;7;0;0.0;0;11.1;0.6;2.02;Dropout;0.3474;Prioritas;0.9787;Kritis;validasi silang
MHS1381;1;18;1;9556;1;1;133.1;1;3;19;2;8;106.0;1;0;0;1;1;0;21;0;0;7;8;7;12.375;0;0;7;11;5;12.583333333333334;0;8.9;1.4;3.51;Graduate;0.6192;Prioritas;0.1451;Aman;validasi silang
MHS1382;1;39;1;9500;1;1;133.1;1;38;19;9;9;128.0;1;0;0;0;1;0;32;0;0;7;0;0;0.0;0;0;8;0;0;0.0;0;16.2;0.3;-0.92;Dropout;0.9314;Kritis;0.9801;Kritis;data uji
MHS1383;1;7;1;9003;1;3;120.0;1;1;19;4;1;120.0;1;0;0;1;1;0;27;0;14;18;21;18;11.421052631578949;0;10;13;16;13;11.076923076923077;1;15.5;2.8;-4.06;Graduate;0.4794;Prioritas;0.0523;Aman;validasi silang
MHS1384;1;1;1;9500;1;1;148.0;1;19;38;9;8;134.8;1;0;0;1;1;0;18;0;0;7;7;6;13.35;0;0;7;7;6;13.35;0;7.6;2.6;0.32;Graduate;0.1623;Aman;0.0312;Aman;validasi silang
MHS1385;1;39;1;9070;1;1;130.0;1;1;1;5;3;112.0;1;0;0;1;1;1;24;0;0;6;6;6;15.0;0;0;6;6;2;16.0;0;15.5;2.8;-4.06;Graduate;0.4457;Prioritas;0.5784;Prioritas;validasi silang
MHS1386;1;1;1;9130;1;1;120.0;1;19;37;1;9;116.1;1;0;0;1;1;0;22;0;0;5;9;2;10.5;0;0;5;5;0;0.0;0;12.7;3.7;-1.7;Dropout;0.6368;Prioritas;0.9795;Kritis;validasi silang
MHS1387;1;43;1;9130;1;1;120.0;1;2;3;3;2;120.0;1;0;0;0;1;0;22;0;0;6;0;0;0.0;0;0;4;6;0;0.0;2;10.8;1.4;1.74;Dropout;0.9157;Kritis;0.9785;Kritis;validasi silang
MHS1388;1;1;3;9147;1;1;133.0;1;37;37;9;5;119.7;1;0;0;1;1;0;19;0;0;5;8;5;13.25;0;0;5;6;5;11.833333333333334;0;13.9;-0.3;0.79;Graduate;0.5283;Prioritas;0.0386;Aman;data uji
MHS1389;1;17;6;9119;1;1;129.0;1;37;13;4;90;117.1;1;0;0;1;1;0;19;0;0;5;10;0;0.0;0;0;5;5;0;0.0;0;7.6;2.6;0.32;Dropout;0.8503;Kritis;0.9796;Kritis;validasi silang
MHS1390;1;1;2;9085;1;1;118.0;1;1;19;3;3;112.4;1;0;0;1;1;0;21;0;0;5;7;4;11.5;0;0;5;15;3;10.6;4;10.8;1.4;1.74;Enrolled;0.2682;Prioritas;0.895;Kritis;mahasiswa aktif
MHS1391;1;1;2;9500;1;1;140.0;1;1;1;2;7;131.0;1;0;0;1;0;1;18;0;0;8;8;8;13.88125;0;0;8;8;8;13.88125;0;9.4;-0.8;-3.12;Graduate;0.0396;Aman;0.03;Aman;data uji
MHS1392;1;1;2;9254;1;1;127.0;1;3;19;3;10;130.9;1;0;0;1;0;0;18;0;0;6;8;6;11.333333333333334;0;0;6;8;5;12.6;0;9.4;-0.8;-3.12;Graduate;0.1941;Aman;0.0552;Aman;data uji
MHS1393;1;1;1;171;1;1;131.0;1;19;19;9;9;134.9;1;0;1;1;0;0;20;0;0;0;0;0;0.0;0;0;0;0;0;0.0;0;16.2;0.3;-0.92;Dropout;0.5848;Prioritas;0.9144;Kritis;validasi silang
MHS1394;1;17;1;9238;1;1;132.0;1;1;19;4;9;127.1;1;0;0;1;0;0;19;0;0;6;7;6;12.857142857142858;0;0;6;7;6;13.666666666666666;0;13.9;-0.3;0.79;Graduate;0.1649;Aman;0.039;Aman;validasi silang
MHS1395;1;17;5;9773;1;1;113.0;1;38;38;191;175;110.2;1;0;1;1;0;0;19;0;0;6;6;5;11.6;0;0;6;6;6;12.5;0;8.9;1.4;3.51;Graduate;0.4317;Prioritas;0.11;Aman;data uji
MHS1396;1;17;1;9254;1;1;115.0;1;12;1;9;3;108.7;1;0;0;1;0;1;18;0;0;6;9;5;11.4;0;0;6;6;6;11.333333333333334;0;12.4;0.5;1.79;Graduate;0.3056;Prioritas;0.0458;Aman;validasi silang
MHS1397;1;1;1;9130;1;1;133.1;1;1;1;3;9;138.0;1;0;0;1;0;0;20;0;0;6;11;6;13.333333333333334;0;0;6;10;6;13.0;0;16.2;0.3;-0.92;Enrolled;0.3581;Prioritas;0.0351;Aman;mahasiswa aktif
MHS1398;1;44;1;9070;1;39;150.0;1;12;37;3;9;147.7;0;0;1;1;0;1;22;0;2;7;7;7;13.571428571428571;0;5;9;9;9;13.77777777777778;0;12.4;0.5;1.79;Graduate;0.2261;Prioritas;0.0343;Aman;validasi silang
MHS1399;2;39;1;9556;1;19;133.1;1;37;38;9;9;123.0;0;0;0;1;0;0;31;0;0;7;13;6;11.833333333333334;0;0;7;8;7;12.228571428571428;0;12.4;0.5;1.79;Graduate;0.4801;Prioritas;0.0501;Aman;validasi silang
MHS1400;1;17;1;9853;1;1;141.0;1;19;19;9;8;142.8;0;0;0;1;0;1;19;0;0;7;7;7;14.428571428571429;0;0;7;7;7;14.142857142857142;0;16.2;0.3;-0.92;Graduate;0.2701;Prioritas;0.0324;Aman;data uji
MHS1401;1;1;2;171;1;1;140.0;1;1;3;3;3;138.3;1;0;0;1;0;0;18;0;0;0;0;0;0.0;0;0;0;0;0;0.0;0;12.4;0.5;1.79;Enrolled;0.2012;Aman;0.1884;Aman;mahasiswa aktif
MHS1402;1;1;2;9254;1;1;136.0;1;38;38;9;7;125.2;1;0;0;1;0;1;18;0;0;6;8;6;12.285714285714286;0;0;6;9;5;12.4;0;8.9;1.4;3.51;Graduate;0.0525;Aman;0.076;Aman;validasi silang
MHS1403;1;1;1;9085;1;1;140.0;1;12;1;1;90;141.8;0;0;0;1;0;0;21;0;0;5;7;5;14.4;0;0;5;5;5;13.8;0;7.6;2.6;0.32;Graduate;0.362;Prioritas;0.0331;Aman;validasi silang
MHS1404;1;17;5;9500;1;1;143.0;1;38;1;9;7;130.6;1;0;0;1;0;1;18;0;0;7;8;7;13.15;0;0;8;9;8;15.06875;0;13.9;-0.3;0.79;Graduate;0.069;Aman;0.0648;Aman;data uji
MHS1405;1;44;1;9147;1;39;130.0;22;2;37;2;8;130.0;0;0;1;0;1;0;25;1;0;5;6;0;0.0;0;0;5;5;0;0.0;0;15.5;2.8;-4.06;Dropout;0.9791;Kritis;0.9784;Kritis;validasi silang
MHS1406;1;15;1;9119;1;1;133.1;41;1;3;5;8;100.0;0;0;1;1;1;0;21;1;0;5;5;0;0.0;0;0;6;8;0;0.0;0;11.1;0.6;2.02;Dropout;0.7838;Kritis;0.9793;Kritis;validasi silang
MHS1407;1;18;2;9500;1;1;129.0;1;38;37;5;5;119.0;1;0;0;1;0;1;19;0;0;8;8;7;12.342857142857143;0;0;8;8;7;12.342857142857143;0;10.8;1.4;1.74;Graduate;0.0553;Aman;0.0309;Aman;validasi silang
MHS1408;1;1;2;9773;1;1;132.0;1;38;1;9;9;124.3;1;0;0;1;0;0;19;0;0;6;6;5;12.2;0;0;6;7;5;10.8;0;10.8;1.4;1.74;Enrolled;0.2058;Aman;0.3048;Aman;mahasiswa aktif
MHS1409;1;17;1;9254;1;1;118.0;1;11;34;5;0;122.2;1;0;0;1;0;0;22;0;0;6;10;4;10.5;0;0;6;14;1;11.0;0;7.6;2.6;0.32;Dropout;0.4703;Prioritas;0.9779;Kritis;validasi silang
MHS1410;1;15;1;9147;1;1;150.0;1;38;1;9;1;150.0;0;0;0;1;1;0;19;0;0;5;5;5;10.6;0;0;5;8;5;11.6;0;12.4;0.5;1.79;Graduate;0.2228;Prioritas;0.0729;Aman;validasi silang
MHS1411;1;39;1;8014;0;19;133.1;1;37;37;9;5;135.5;0;0;0;1;0;0;58;0;0;6;6;0;0.0;0;0;6;6;0;0.0;0;11.1;0.6;2.02;Dropout;0.3333;Prioritas;0.98;Kritis;data uji
MHS1412;1;16;2;9238;1;1;122.0;1;19;37;9;7;127.3;1;0;0;1;0;1;19;0;0;6;8;4;11.25;0;0;6;6;6;12.0;0;10.8;1.4;1.74;Graduate;0.0338;Aman;0.0546;Aman;validasi silang
MHS1413;1;43;1;9670;1;1;127.0;22;37;37;9;9;127.0;1;0;0;1;1;0;23;1;3;9;11;6;10.5;0;4;10;10;10;11.7;0;9.4;-0.8;-3.12;Graduate;0.3175;Prioritas;0.2204;Aman;validasi silang
MHS1414;1;1;2;9773;1;1;122.0;1;37;37;9;9;126.9;1;0;0;1;0;1;19;0;0;6;11;4;11.0;0;0;6;11;3;11.666666666666666;0;9.4;-0.8;-3.12;Enrolled;0.0641;Aman;0.5965;Prioritas;mahasiswa aktif
MHS1415;1;18;3;9500;1;1;131.0;1;19;1;4;7;127.5;1;0;0;1;0;0;18;0;0;7;7;7;13.457142857142856;0;0;8;8;8;14.5125;0;13.9;-0.3;0.79;Graduate;0.2575;Prioritas;0.1282;Aman;validasi silang
MHS1416;1;1;2;9085;1;1;130.0;1;19;19;90;90;122.0;0;0;0;1;0;0;20;0;0;5;6;5;12.6;0;0;5;8;4;12.333333333333334;0;7.6;2.6;0.32;Graduate;0.3542;Prioritas;0.0417;Aman;validasi silang
MHS1417;1;17;5;9085;1;1;130.0;1;19;19;90;7;115.8;0;0;0;0;0;0;18;0;0;6;0;0;0.0;0;0;6;0;0;0.0;0;12.7;3.7;-1.7;Dropout;0.9287;Kritis;0.9795;Kritis;validasi silang
MHS1418;1;17;1;9670;1;1;130.0;1;3;19;5;5;121.6;0;0;0;1;0;0;18;0;0;6;6;6;13.666666666666666;0;0;6;8;5;13.6;0;8.9;1.4;3.51;Graduate;0.2966;Prioritas;0.0541;Aman;validasi silang
MHS1419;1;17;4;9147;1;1;122.0;1;19;19;5;7;116.4;1;0;1;1;0;1;18;0;0;5;5;5;11.6;0;0;5;5;5;11.8;0;11.1;0.6;2.02;Graduate;0.4336;Prioritas;0.0694;Aman;validasi silang
MHS1420;1;39;1;9130;1;1;114.0;1;38;38;9;10;120.0;0;0;0;1;0;0;24;0;0;6;9;6;12.571428571428571;0;0;6;10;5;12.833333333333334;0;11.1;0.6;2.02;Dropout;0.4481;Prioritas;0.0591;Aman;validasi silang
MHS1421;1;17;4;9853;1;1;143.0;1;37;37;9;5;127.3;1;0;0;1;0;0;18;0;0;6;7;5;11.8;0;0;6;7;5;11.4;0;10.8;1.4;1.74;Dropout;0.5646;Prioritas;0.214;Aman;validasi silang
MHS1422;1;1;3;9147;1;1;127.0;1;1;38;5;7;123.5;1;0;0;1;0;1;19;0;0;5;5;5;11.6;0;0;5;11;3;12.666666666666666;0;9.4;-0.8;-3.12;Enrolled;0.1135;Aman;0.1833;Aman;mahasiswa aktif
MHS1423;1;17;3;9238;1;1;141.0;1;19;38;9;7;125.6;1;0;0;1;0;1;19;0;0;6;8;6;11.333333333333334;0;0;6;6;6;11.833333333333334;0;8.9;1.4;3.51;Graduate;0.0341;Aman;0.0328;Aman;validasi silang
MHS1424;1;1;1;9254;1;1;129.0;1;38;38;6;6;118.5;1;0;0;1;0;0;18;0;0;6;6;6;10.666666666666666;0;0;6;6;6;11.5;0;7.6;2.6;0.32;Graduate;0.1418;Aman;0.0395;Aman;data uji
MHS1425;1;1;2;9130;1;1;140.0;1;19;37;9;9;129.5;1;0;0;1;0;0;18;0;0;5;10;4;13.5;1;0;5;5;5;13.4;0;12.7;3.7;-1.7;Enrolled;0.3588;Prioritas;0.0523;Aman;mahasiswa aktif
MHS1426;1;1;1;171;1;1;137.0;1;19;19;5;5;134.6;1;0;0;1;0;1;19;0;0;0;0;0;0.0;0;0;0;0;0;0.0;0;10.8;1.4;1.74;Graduate;0.1061;Aman;0.3807;Aman;validasi silang
MHS1427;1;44;1;9085;1;1;140.0;1;4;4;2;6;140.0;0;0;0;1;0;0;22;0;2;6;9;6;13.333333333333334;0;1;6;9;4;11.5;0;13.9;-0.3;0.79;Graduate;0.1863;Aman;0.1823;Aman;validasi silang
MHS1428;1;1;1;9254;1;1;143.0;1;2;37;1;1;133.2;1;0;0;1;0;0;19;0;0;6;9;5;13.4;0;0;6;16;2;13.5;0;10.8;1.4;1.74;Enrolled;0.2159;Aman;0.9489;Kritis;mahasiswa aktif
MHS1429;3;17;1;9238;1;1;138.0;1;37;37;9;9;133.5;1;0;0;1;0;1;21;0;0;6;8;3;10.2;0;0;6;13;4;12.25;0;12.7;3.7;-1.7;Enrolled;0.0727;Aman;0.5183;Prioritas;mahasiswa aktif
MHS1430;1;17;1;9773;1;1;120.0;1;19;38;9;7;117.9;1;0;0;1;0;1;21;0;0;6;6;5;13.0;0;0;6;7;6;12.833333333333334;0;8.9;1.4;3.51;Graduate;0.0799;Aman;0.0361;Aman;validasi silang
MHS1431;1;1;3;9500;1;1;144.0;1;38;38;5;7;128.0;1;0;0;1;0;1;18;0;0;8;11;7;12.90857142857143;0;0;8;11;7;12.90857142857143;0;10.8;1.4;1.74;Graduate;0.0325;Aman;0.0328;Aman;data uji
MHS1432;1;1;5;9853;1;1;123.0;1;1;12;4;9;113.2;1;0;0;1;0;0;20;0;0;6;12;4;12.0;0;0;6;11;1;10.0;0;10.8;1.4;1.74;Dropout;0.4518;Prioritas;0.9723;Kritis;validasi silang
MHS1433;1;1;3;9254;1;1;129.0;1;37;38;7;7;122.0;1;0;0;1;0;1;18;0;0;6;9;6;10.833333333333334;0;0;6;8;5;11.0;0;7.6;2.6;0.32;Enrolled;0.1016;Aman;0.0859;Aman;mahasiswa aktif
MHS1434;1;16;3;9070;1;1;152.0;1;1;38;4;8;156.9;1;0;0;1;0;0;19;0;0;6;6;6;15.333333333333334;0;0;6;9;6;15.833333333333334;0;12.7;3.7;-1.7;Graduate;0.1142;Aman;0.0538;Aman;data uji
MHS1435;1;1;2;9500;1;1;130.0;1;1;38;9;9;125.1;1;0;0;1;0;1;18;0;0;7;9;6;12.816666666666668;0;0;8;11;6;12.875;0;11.1;0.6;2.02;Enrolled;0.026;Aman;0.0789;Aman;mahasiswa aktif
MHS1436;1;15;1;9147;1;1;133.1;41;41;1;3;4;100.0;0;0;1;0;1;0;26;1;6;7;7;6;13.0;0;2;6;6;2;14.0;0;11.1;0.6;2.02;Dropout;0.9722;Kritis;0.9286;Kritis;validasi silang
MHS1437;1;15;1;9119;1;1;160.0;32;1;3;143;152;160.0;0;0;1;1;0;0;19;1;0;6;11;2;13.5;1;0;5;11;2;11.0;0;8.9;1.4;3.51;Enrolled;0.3163;Prioritas;0.9716;Kritis;mahasiswa aktif
MHS1438;2;39;1;8014;0;1;140.0;1;37;37;9;9;101.0;0;0;0;1;0;0;35;0;0;6;7;6;12.5;0;0;6;6;6;12.166666666666666;0;15.5;2.8;-4.06;Graduate;0.3806;Prioritas;0.0298;Aman;validasi silang
MHS1439;1;18;1;9670;1;1;133.0;1;1;1;9;9;121.5;1;0;0;1;0;1;19;0;0;6;7;6;13.0;0;0;6;6;6;14.333333333333334;0;12.4;0.5;1.79;Graduate;0.071;Aman;0.0302;Aman;validasi silang
MHS1440;1;1;1;9085;1;1;138.0;1;38;37;9;6;126.8;1;0;0;1;1;0;18;0;0;5;6;4;11.75;0;0;5;10;5;12.571428571428571;1;10.8;1.4;1.74;Graduate;0.1931;Aman;0.0594;Aman;data uji
MHS1441;1;1;5;9670;1;1;142.0;1;19;19;7;3;132.9;0;0;0;1;1;0;19;0;0;5;5;4;12.5;0;0;5;5;4;14.25;0;7.6;2.6;0.32;Graduate;0.3078;Prioritas;0.1568;Aman;validasi silang
MHS1442;1;1;1;171;1;1;115.0;1;1;1;9;9;134.3;1;0;0;1;1;0;25;0;16;17;19;17;11.61111111111111;0;14;17;22;17;12.055555555555555;0;12.4;0.5;1.79;Graduate;0.4525;Prioritas;0.0471;Aman;validasi silang
MHS1443;1;17;6;9254;1;1;125.0;1;1;1;4;3;120.5;1;0;0;1;1;0;18;0;0;6;6;6;14.0;0;0;6;6;6;14.666666666666666;0;11.1;0.6;2.02;Graduate;0.6736;Kritis;0.0532;Aman;validasi silang
MHS1444;1;17;1;9003;1;1;170.0;1;1;4;9;5;144.1;1;0;1;0;1;0;26;0;0;6;8;0;0.0;0;0;6;10;0;0.0;0;16.2;0.3;-0.92;Dropout;0.9697;Kritis;0.9794;Kritis;validasi silang
MHS1445;1;43;1;9991;0;1;140.0;1;1;1;6;6;100.0;0;0;0;1;1;0;34;0;0;5;5;5;13.8;0;0;5;6;5;13.833333333333334;0;9.4;-0.8;-3.12;Graduate;0.4678;Prioritas;0.0468;Aman;validasi silang
MHS1446;1;1;2;9254;1;1;110.0;1;4;19;4;3;114.8;1;0;0;0;1;0;18;0;0;5;6;0;0.0;0;0;5;5;0;0.0;0;12.7;3.7;-1.7;Dropout;0.9122;Kritis;0.9795;Kritis;validasi silang
MHS1447;1;1;1;171;1;1;114.0;1;3;29;3;5;111.9;0;0;0;0;1;0;18;0;0;0;0;0;0.0;0;0;0;0;0;0.0;0;9.4;-0.8;-3.12;Dropout;0.9491;Kritis;0.892;Kritis;validasi silang
MHS1448;1;17;3;9119;1;1;138.0;1;1;19;4;3;125.4;1;0;0;1;1;1;18;0;0;5;9;4;12.25;0;0;5;9;3;12.333333333333334;0;8.9;1.4;3.51;Dropout;0.353;Prioritas;0.6298;Prioritas;validasi silang
MHS1449;1;44;1;9003;1;39;140.0;1;37;37;9;4;140.0;0;0;0;1;1;0;20;0;0;6;12;3;11.5;0;0;6;12;3;13.666666666666666;0;12.4;0.5;1.79;Dropout;0.3802;Prioritas;0.971;Kritis;validasi silang
MHS1450;1;44;1;9070;1;39;140.0;1;1;19;4;4;140.0;0;0;0;1;1;0;25;0;2;7;9;6;12.571428571428571;0;5;9;9;9;12.555555555555555;0;16.2;0.3;-0.92;Graduate;0.5238;Prioritas;0.0839;Aman;data uji
MHS1451;1;17;1;9130;1;1;132.0;1;2;1;4;1;127.8;0;0;0;1;1;0;18;0;0;6;9;6;12.0;0;0;6;10;5;12.166666666666666;0;11.1;0.6;2.02;Dropout;0.5363;Prioritas;0.0538;Aman;data uji
MHS1452;1;1;1;9003;1;1;148.0;1;19;37;9;9;131.6;1;0;0;1;1;0;19;0;8;12;17;11;12.0;2;4;12;21;12;12.307692307692308;0;15.5;2.8;-4.06;Graduate;0.305;Prioritas;0.0585;Aman;validasi silang
MHS1453;1;1;1;171;1;1;132.0;1;1;1;4;1;119.4;1;0;0;1;1;0;20;0;0;0;0;0;0.0;0;0;0;0;0;0.0;0;10.8;1.4;1.74;Dropout;0.4496;Prioritas;0.5744;Prioritas;data uji
MHS1454;1;18;2;9238;1;1;126.0;1;19;37;5;7;129.9;1;0;0;1;1;1;20;0;1;7;9;6;12.0;0;2;6;6;6;11.166666666666666;0;10.8;1.4;1.74;Graduate;0.1017;Aman;0.0581;Aman;validasi silang
MHS1455;1;1;1;9119;1;1;121.0;1;3;1;2;3;114.0;0;0;0;1;1;0;20;0;0;5;9;4;11.6;0;0;5;7;4;12.25;2;7.6;2.6;0.32;Enrolled;0.6456;Prioritas;0.2188;Aman;mahasiswa aktif
MHS1456;1;1;2;9147;1;1;120.0;1;1;37;4;9;113.4;1;0;0;1;1;1;19;0;0;5;5;0;0.0;0;0;5;5;0;0.0;0;11.1;0.6;2.02;Dropout;0.1659;Aman;0.9748;Kritis;validasi silang
MHS1457;1;1;1;9147;1;1;123.0;1;1;19;4;5;117.8;0;0;0;1;1;0;20;0;0;5;9;5;12.0;0;0;5;9;4;13.0;0;8.9;1.4;3.51;Enrolled;0.4034;Prioritas;0.1119;Aman;mahasiswa aktif
MHS1458;1;1;6;9500;1;1;122.0;1;1;1;3;7;114.3;1;0;0;1;1;0;18;0;0;7;8;6;13.976666666666668;0;0;8;12;6;12.041666666666666;1;11.1;0.6;2.02;Enrolled;0.238;Prioritas;0.3076;Aman;mahasiswa aktif
MHS1459;1;1;1;9670;1;1;136.0;1;2;38;143;163;129.7;1;0;0;1;1;0;19;0;0;6;10;4;12.5;0;0;6;12;1;10.0;3;16.2;0.3;-0.92;Enrolled;0.1831;Aman;0.9756;Kritis;mahasiswa aktif
MHS1460;1;18;1;9147;1;1;119.0;1;37;37;7;7;112.0;1;0;0;0;1;0;20;0;0;5;5;0;0.0;0;0;5;0;0;0.0;0;9.4;-0.8;-3.12;Dropout;0.9709;Kritis;0.9795;Kritis;validasi silang
MHS1461;1;39;1;9670;1;1;120.0;1;38;37;7;7;140.0;0;0;0;1;1;0;24;0;0;6;15;4;10.5;0;0;6;16;4;12.5;0;15.5;2.8;-4.06;Dropout;0.5897;Prioritas;0.9111;Kritis;data uji
MHS1462;1;44;1;9003;1;39;150.0;1;38;38;9;8;150.0;1;0;0;1;1;0;20;0;0;6;8;5;12.857142857142858;0;0;6;11;6;12.3;0;16.2;0.3;-0.92;Graduate;0.348;Prioritas;0.0567;Aman;validasi silang
MHS1463;1;1;3;9670;1;1;121.0;1;3;19;2;8;122.4;1;0;0;1;1;0;19;0;0;5;7;3;11.666666666666666;0;0;5;5;4;12.0;0;9.4;-0.8;-3.12;Enrolled;0.2998;Prioritas;0.6144;Prioritas;mahasiswa aktif
MHS1464;1;51;1;9119;1;1;140.0;1;1;19;4;4;150.0;0;0;0;1;1;0;23;0;0;5;7;2;13.0;0;0;5;11;1;10.0;0;8.9;1.4;3.51;Dropout;0.6357;Prioritas;0.9772;Kritis;validasi silang
MHS1465;1;17;2;9254;1;1;135.0;1;19;19;4;3;135.0;1;0;0;1;1;0;20;0;0;6;8;6;11.833333333333334;0;0;6;9;5;10.4;0;7.6;2.6;0.32;Enrolled;0.4706;Prioritas;0.1312;Aman;mahasiswa aktif
MHS1466;1;43;4;8014;0;1;116.0;1;34;34;0;0;116.2;0;0;0;1;1;0;21;0;9;11;11;11;12.454545454545457;0;3;11;17;8;12.75;0;9.4;-0.8;-3.12;Graduate;0.7194;Kritis;0.1689;Aman;validasi silang
MHS1467;1;17;2;9119;1;1;120.0;1;10;12;9;9;120.4;1;0;0;1;1;0;20;0;0;5;6;3;11.0;0;0;5;6;0;0.0;0;10.8;1.4;1.74;Dropout;0.719;Kritis;0.9794;Kritis;validasi silang
MHS1468;2;17;5;9119;1;1;126.0;1;37;38;4;4;122.9;1;0;0;1;1;0;21;0;0;5;10;4;13.2;0;0;5;7;4;14.25;2;7.6;2.6;0.32;Enrolled;0.6936;Kritis;0.1924;Aman;mahasiswa aktif
MHS1469;1;1;1;9773;1;1;170.0;1;1;19;9;7;155.0;0;0;0;1;1;1;18;0;0;6;6;6;15.5;0;0;6;6;6;14.166666666666666;0;11.1;0.6;2.02;Graduate;0.076;Aman;0.0421;Aman;validasi silang
MHS1470;1;1;3;9254;1;1;123.0;1;1;1;4;3;123.4;1;0;0;1;1;0;18;0;0;6;8;6;12.333333333333334;0;0;6;6;6;13.666666666666666;0;11.1;0.6;2.02;Graduate;0.497;Prioritas;0.0486;Aman;validasi silang
MHS1471;1;17;1;9147;1;1;120.0;1;3;38;3;7;124.2;1;0;0;1;1;0;18;0;0;5;13;5;12.0;0;0;5;9;4;11.4;0;13.9;-0.3;0.79;Enrolled;0.5089;Prioritas;0.113;Aman;mahasiswa aktif
MHS1472;1;44;1;9003;1;39;130.0;1;3;3;7;1;130.0;1;0;0;1;1;0;20;0;0;6;12;4;11.6;0;0;6;11;5;11.5;0;15.5;2.8;-4.06;Enrolled;0.4332;Prioritas;0.581;Prioritas;mahasiswa aktif
MHS1473;1;17;1;9773;1;1;130.0;1;19;38;4;9;126.2;0;0;0;1;1;1;18;0;0;6;7;6;11.333333333333334;0;0;6;8;6;12.285714285714286;0;16.2;0.3;-0.92;Graduate;0.2209;Prioritas;0.0364;Aman;validasi silang
MHS1474;1;17;1;9773;1;1;117.0;1;37;37;0;4;120.5;1;0;0;1;1;0;19;0;0;6;12;0;0.0;1;0;6;0;0;0.0;0;9.4;-0.8;-3.12;Dropout;0.7202;Kritis;0.9801;Kritis;data uji
MHS1475;1;17;1;9119;1;1;131.0;1;1;3;9;10;123.7;1;0;0;1;1;0;20;0;0;5;7;4;12.0;0;0;5;8;2;12.5;0;10.8;1.4;1.74;Enrolled;0.6774;Kritis;0.9643;Kritis;mahasiswa aktif
MHS1476;1;17;1;9130;1;1;130.0;1;19;38;4;7;122.5;0;0;0;1;1;0;19;0;0;5;11;4;12.0;1;0;5;9;5;12.6;0;9.4;-0.8;-3.12;Graduate;0.622;Prioritas;0.1053;Aman;validasi silang
MHS1477;1;39;1;9991;0;1;133.0;1;37;37;9;5;139.2;1;0;1;1;1;0;33;0;0;5;11;2;12.5;0;0;5;9;2;11.5;1;12.7;3.7;-1.7;Dropout;0.8632;Kritis;0.9735;Kritis;validasi silang
MHS1478;1;51;1;171;1;1;128.0;1;2;1;3;3;131.2;1;0;0;1;1;0;21;0;6;12;12;12;13.666666666666666;0;4;11;16;11;13.0;0;8.9;1.4;3.51;Graduate;0.3604;Prioritas;0.0374;Aman;validasi silang
MHS1479;2;39;1;9003;1;1;133.1;1;1;19;4;4;120.0;0;0;1;0;1;0;25;0;0;6;17;2;14.5;2;0;6;13;0;0.0;1;15.5;2.8;-4.06;Dropout;0.9773;Kritis;0.9785;Kritis;validasi silang
MHS1480;1;1;1;9085;1;1;123.0;1;1;1;4;9;116.7;1;0;0;1;1;1;20;0;0;6;10;4;13.2;0;0;6;8;0;0.0;0;12.4;0.5;1.79;Dropout;0.1369;Aman;0.9712;Kritis;data uji
MHS1481;1;53;1;9085;1;42;150.0;1;1;1;9;4;150.0;1;0;0;1;1;1;22;0;1;7;11;5;12.166666666666666;0;4;8;14;5;14.8;0;8.9;1.4;3.51;Dropout;0.1012;Aman;0.4359;Prioritas;validasi silang
MHS1482;4;39;1;9773;1;19;133.1;1;37;37;9;1;117.5;0;0;0;1;0;0;39;0;0;6;10;4;11.25;0;0;6;6;6;11.333333333333334;0;10.8;1.4;1.74;Graduate;0.5412;Prioritas;0.2049;Aman;validasi silang
MHS1483;1;1;2;9670;1;1;140.0;1;3;1;2;6;137.6;1;0;0;1;1;1;21;0;0;6;8;6;15.166666666666666;0;0;6;7;6;14.428571428571429;0;8.9;1.4;3.51;Graduate;0.053;Aman;0.043;Aman;validasi silang
MHS1484;1;17;1;9254;1;1;126.0;1;1;1;9;9;124.3;0;0;0;1;0;1;19;0;0;6;8;6;11.166666666666666;0;0;6;7;4;13.4;0;16.2;0.3;-0.92;Graduate;0.1939;Aman;0.0459;Aman;validasi silang
MHS1485;1;39;1;9500;1;19;133.1;1;37;37;9;7;116.0;0;0;0;1;0;1;26;0;0;7;8;6;10.983333333333334;0;0;7;8;6;10.983333333333334;0;7.6;2.6;0.32;Graduate;0.0867;Aman;0.0461;Aman;validasi silang
MHS1486;1;18;2;9238;1;1;121.0;1;19;1;4;3;121.4;1;0;0;1;0;1;19;0;0;6;8;4;10.75;0;0;6;11;5;11.5;0;15.5;2.8;-4.06;Graduate;0.0687;Aman;0.1645;Aman;validasi silang
MHS1487;1;53;1;9085;1;42;140.0;1;1;3;4;2;142.8;1;0;0;0;0;1;20;0;7;12;15;11;13.384615384615383;0;4;9;13;7;14.285714285714286;0;8.9;1.4;3.51;Graduate;0.4406;Prioritas;0.328;Aman;validasi silang
MHS1488;1;17;1;9670;1;1;133.1;1;1;37;4;9;96.0;1;0;0;1;0;1;25;0;0;6;8;6;11.285714285714286;0;0;6;10;5;12.2;0;15.5;2.8;-4.06;Enrolled;0.1757;Aman;0.0675;Aman;mahasiswa aktif
MHS1489;1;43;1;8014;0;1;131.0;1;19;37;8;5;125.0;0;0;0;1;1;0;24;0;0;6;13;0;0.0;3;0;6;6;0;0.0;0;16.2;0.3;-0.92;Dropout;0.5033;Prioritas;0.9796;Kritis;data uji
MHS1490;1;17;6;9119;1;1;124.0;1;19;19;4;0;126.1;1;0;0;1;1;0;20;0;0;5;7;4;13.0;0;0;5;9;5;14.833333333333334;3;7.6;2.6;0.32;Graduate;0.6708;Kritis;0.0932;Aman;data uji
MHS1491;2;39;1;9003;1;1;120.0;1;37;37;9;9;155.8;0;0;0;1;1;0;29;0;0;6;9;6;16.11111111111111;0;0;6;7;6;13.5;0;13.9;-0.3;0.79;Graduate;0.3591;Prioritas;0.055;Aman;validasi silang
MHS1492;1;1;1;9773;1;1;133.1;1;1;3;9;9;116.0;0;0;0;1;1;0;20;0;0;6;8;6;11.5;0;0;6;8;6;11.0;0;16.2;0.3;-0.92;Graduate;0.4437;Prioritas;0.0644;Aman;validasi silang
MHS1493;1;44;1;9130;1;39;110.0;1;3;4;2;2;110.0;1;0;0;1;1;0;20;0;0;6;15;4;10.75;0;0;6;12;2;10.5;0;13.9;-0.3;0.79;Dropout;0.8031;Kritis;0.9769;Kritis;validasi silang
MHS1494;1;39;1;9670;1;19;133.1;1;19;1;5;8;97.2;1;0;0;1;1;1;24;0;0;6;10;4;11.6;0;0;6;8;5;13.0;0;11.1;0.6;2.02;Graduate;0.4351;Prioritas;0.2504;Aman;validasi silang
MHS1495;1;39;1;9500;1;19;133.1;1;1;3;2;2;100.0;0;0;1;1;1;0;24;0;0;7;21;0;0.0;3;0;7;7;0;0.0;0;16.2;0.3;-0.92;Dropout;0.8308;Kritis;0.9795;Kritis;validasi silang
MHS1496;1;7;1;9119;1;40;140.0;1;3;1;2;5;140.0;0;0;0;1;1;0;23;0;0;5;5;5;13.8;0;0;5;7;5;14.142857142857142;0;11.1;0.6;2.02;Graduate;0.831;Kritis;0.0978;Aman;validasi silang
MHS1497;1;43;1;9556;1;1;130.0;1;1;37;5;5;128.0;1;0;0;1;1;0;20;0;0;7;8;7;13.585714285714284;0;0;8;8;8;14.6875;0;15.5;2.8;-4.06;Graduate;0.5376;Prioritas;0.0326;Aman;validasi silang
MHS1498;1;17;2;9670;1;1;110.0;1;1;1;4;10;115.3;1;0;0;1;1;0;19;0;0;6;8;6;13.857142857142858;0;0;6;8;5;13.0;0;15.5;2.8;-4.06;Graduate;0.4383;Prioritas;0.0681;Aman;validasi silang
MHS1499;4;39;1;9003;1;1;140.0;1;37;37;9;8;150.0;0;0;0;1;1;0;28;0;0;6;12;5;12.0;0;0;6;10;6;12.333333333333334;0;11.1;0.6;2.02;Enrolled;0.3897;Prioritas;0.0932;Aman;mahasiswa aktif
MHS1500;1;44;1;9003;1;39;160.0;1;1;38;4;4;160.0;1;0;0;1;1;1;20;0;0;6;9;6;13.444444444444445;0;0;6;9;5;12.6;0;13.9;-0.3;0.79;Graduate;0.0869;Aman;0.0543;Aman;validasi silang
MHS1501;1;1;1;9070;1;1;138.0;1;38;37;3;3;133.1;0;0;0;1;1;0;18;0;0;6;6;6;14.0;0;0;6;7;6;13.857142857142858;0;8.9;1.4;3.51;Graduate;0.1548;Aman;0.0347;Aman;validasi silang
MHS1502;1;1;1;9670;1;1;126.0;1;1;1;90;90;119.0;1;0;1;1;1;0;20;0;0;6;10;1;12.0;1;0;6;0;0;0.0;0;10.8;1.4;1.74;Dropout;0.7389;Kritis;0.9788;Kritis;data uji
MHS1503;2;39;1;9991;0;1;120.0;1;37;19;5;3;156.0;1;0;0;1;1;0;33;0;0;5;5;5;14.2;0;0;5;6;5;13.833333333333334;0;10.8;1.4;1.74;Graduate;0.4734;Prioritas;0.0443;Aman;validasi silang
MHS1504;2;39;1;9500;1;1;130.0;1;37;37;191;183;163.7;0;0;0;1;0;0;35;0;0;7;11;5;13.34;0;0;7;9;5;10.84;0;12.4;0.5;1.79;Enrolled;0.0663;Aman;0.639;Prioritas;mahasiswa aktif
MHS1505;1;39;1;9500;1;40;130.0;1;37;37;9;7;130.0;0;0;0;1;0;0;27;0;3;8;12;7;12.457142857142856;0;3;8;12;7;12.457142857142856;0;12.7;3.7;-1.7;Enrolled;0.2738;Prioritas;0.0648;Aman;mahasiswa aktif
MHS1506;1;17;5;9773;1;1;122.0;1;38;38;7;7;123.1;1;0;0;0;0;0;19;0;0;6;12;3;11.0;0;0;6;12;3;12.0;0;9.4;-0.8;-3.12;Dropout;0.9178;Kritis;0.9683;Kritis;validasi silang
MHS1507;1;39;1;9991;0;1;160.0;41;37;19;9;9;160.0;0;0;0;1;0;1;31;1;0;5;13;4;10.5;0;0;5;10;4;10.5;0;15.5;2.8;-4.06;Enrolled;0.1392;Aman;0.2414;Aman;mahasiswa aktif
MHS1508;1;1;1;171;1;1;134.0;1;19;37;7;7;136.1;1;0;0;1;1;0;19;0;0;0;0;0;0.0;0;0;0;0;0;0.0;0;9.4;-0.8;-3.12;Graduate;0.4491;Prioritas;0.5628;Prioritas;validasi silang
MHS1509;1;43;1;9070;1;1;134.0;1;19;37;7;7;132.7;1;0;0;1;1;0;22;0;9;13;13;13;14.0;0;7;12;13;12;13.0;0;15.5;2.8;-4.06;Graduate;0.4724;Prioritas;0.0402;Aman;validasi silang
MHS1510;1;43;1;9500;1;1;140.0;100;1;1;6;6;128.2;0;0;0;1;0;0;39;1;0;7;0;0;0.0;0;0;8;0;0;0.0;0;12.7;3.7;-1.7;Dropout;0.0723;Aman;0.98;Kritis;data uji
MHS1511;1;17;1;9254;1;1;127.0;1;1;1;4;8;126.7;1;0;0;0;1;0;22;0;0;1;1;0;0.0;0;0;6;0;0;0.0;0;12.4;0.5;1.79;Dropout;0.9612;Kritis;0.9769;Kritis;validasi silang
MHS1512;2;39;1;9991;0;1;133.1;1;37;19;9;10;150.0;0;0;0;1;1;0;47;0;0;5;8;4;10.0;0;0;5;8;4;12.5;0;9.4;-0.8;-3.12;Enrolled;0.5116;Prioritas;0.7987;Kritis;mahasiswa aktif
MHS1513;1;17;1;171;1;1;143.0;1;19;37;5;9;156.3;1;0;0;1;1;1;19;0;0;0;0;0;0.0;0;0;0;0;0;0.0;0;11.1;0.6;2.02;Graduate;0.2173;Aman;0.2641;Aman;validasi silang
MHS1514;1;10;1;9254;1;1;115.0;24;3;1;9;9;116.1;1;0;0;1;0;0;19;1;0;6;6;6;13.5;0;0;6;6;6;14.333333333333334;0;12.4;0.5;1.79;Graduate;0.2709;Prioritas;0.0393;Aman;data uji
MHS1515;1;17;1;9500;1;1;131.0;1;19;37;9;9;123.8;1;0;0;1;0;0;19;0;0;7;0;0;0.0;0;0;8;0;0;0.0;0;15.5;2.8;-4.06;Dropout;0.2438;Prioritas;0.9788;Kritis;validasi silang
MHS1516;1;1;1;171;1;1;146.0;1;19;37;9;7;153.0;1;0;0;1;0;1;21;0;15;17;18;17;13.38888888888889;0;15;17;18;17;14.88888888888889;0;11.1;0.6;2.02;Graduate;0.077;Aman;0.0355;Aman;validasi silang
MHS1517;1;7;1;9500;1;5;140.0;1;19;1;4;1;140.0;1;0;0;0;0;0;39;0;0;7;0;0;0.0;0;0;8;0;0;0.0;0;12.4;0.5;1.79;Dropout;0.8733;Kritis;0.9792;Kritis;validasi silang
MHS1518;1;17;1;171;1;1;135.0;1;19;1;4;1;131.9;1;0;0;1;1;0;19;0;6;12;12;12;13.583333333333334;0;4;11;12;11;13.583333333333334;0;8.9;1.4;3.51;Graduate;0.4985;Prioritas;0.0443;Aman;data uji
MHS1519;1;1;1;171;1;1;133.0;1;37;19;9;8;141.4;0;0;0;1;1;1;20;0;0;0;0;0;0.0;0;0;0;0;0;0.0;0;13.9;-0.3;0.79;Enrolled;0.1495;Aman;0.2972;Aman;mahasiswa aktif
MHS1520;1;39;1;9147;1;12;133.1;1;1;1;9;4;140.0;1;0;1;0;1;0;24;0;0;5;5;0;0.0;0;0;5;5;0;0.0;0;12.7;3.7;-1.7;Dropout;0.9934;Kritis;0.9788;Kritis;validasi silang
MHS1521;1;39;1;9991;0;1;120.0;1;19;19;9;9;115.0;1;0;0;1;1;0;27;0;0;5;9;1;10.0;0;0;5;5;0;0.0;0;12.7;3.7;-1.7;Dropout;0.7232;Kritis;0.9795;Kritis;validasi silang
MHS1522;2;39;1;9991;0;1;133.1;1;37;37;9;9;168.0;0;0;0;1;1;0;29;0;0;5;5;5;15.2;0;0;5;5;5;15.2;0;11.1;0.6;2.02;Graduate;0.4255;Prioritas;0.0626;Aman;validasi silang
MHS1523;1;17;1;9085;1;1;130.0;1;19;1;9;4;101.3;1;0;0;1;1;0;20;0;0;6;12;4;12.8;0;0;6;17;0;0.0;0;12.4;0.5;1.79;Dropout;0.6193;Prioritas;0.9798;Kritis;data uji
MHS1524;1;1;1;9670;1;1;125.0;1;19;1;7;4;122.6;0;0;0;1;1;0;21;0;0;5;7;5;11.166666666666666;0;0;5;5;4;11.0;0;9.4;-0.8;-3.12;Dropout;0.4859;Prioritas;0.0648;Aman;validasi silang
MHS1525;1;1;1;171;1;1;134.0;1;3;2;2;2;141.7;1;0;0;1;1;0;18;0;0;0;0;0;0.0;0;0;0;0;0;0.0;0;7.6;2.6;0.32;Enrolled;0.4754;Prioritas;0.3082;Aman;mahasiswa aktif
MHS1526;1;1;1;9500;1;1;151.0;1;1;1;4;3;132.3;0;0;0;1;1;0;19;0;0;8;9;7;12.828571428571427;0;0;8;9;7;12.828571428571427;0;12.7;3.7;-1.7;Graduate;0.221;Prioritas;0.0303;Aman;data uji
MHS1527;1;17;1;9773;1;1;112.0;1;1;1;5;1;111.7;0;0;1;0;1;0;19;0;0;6;6;6;12.5;0;0;6;10;4;12.6;0;15.5;2.8;-4.06;Dropout;0.9836;Kritis;0.9295;Kritis;data uji
MHS1528;1;39;1;9119;1;1;120.0;1;37;37;9;9;98.7;0;0;0;1;1;1;28;0;0;5;12;3;10.0;0;0;5;10;3;12.4;0;12.4;0.5;1.79;Graduate;0.652;Kritis;0.8743;Kritis;validasi silang
MHS1529;1;15;1;9254;1;1;140.0;26;19;1;9;7;140.0;1;0;0;0;0;0;21;1;0;6;6;6;11.5;0;0;6;10;4;13.25;0;13.9;-0.3;0.79;Graduate;0.7312;Kritis;0.7531;Kritis;validasi silang
MHS1530;1;10;1;9500;1;1;140.0;24;3;3;2;9;140.0;1;0;1;0;0;0;23;1;0;8;11;7;11.328571428571427;0;0;8;11;7;11.328571428571427;0;12.7;3.7;-1.7;Dropout;0.783;Kritis;0.6872;Kritis;data uji
MHS1531;4;39;1;9003;1;1;133.1;1;19;19;9;4;100.7;0;0;0;1;0;0;39;0;0;6;15;2;13.0;2;0;6;13;3;13.0;1;15.5;2.8;-4.06;Enrolled;0.5867;Prioritas;0.967;Kritis;mahasiswa aktif
MHS1532;1;17;3;9500;1;1;143.0;1;38;1;9;5;133.8;1;0;0;1;0;0;18;0;0;7;7;6;13.033333333333331;0;0;7;7;6;13.033333333333331;0;7.6;2.6;0.32;Graduate;0.1546;Aman;0.043;Aman;validasi silang
MHS1533;2;15;1;9773;1;1;133.1;41;37;37;9;6;100.0;0;0;0;1;0;0;59;1;0;6;8;6;12.166666666666666;0;0;6;7;4;11.75;0;11.1;0.6;2.02;Graduate;0.1529;Aman;0.3852;Aman;validasi silang
MHS1534;1;7;1;9119;1;4;180.0;1;4;3;2;7;180.0;0;0;1;1;1;0;30;0;0;5;6;4;14.5;0;0;5;10;3;16.2;0;13.9;-0.3;0.79;Enrolled;0.8293;Kritis;0.8463;Kritis;mahasiswa aktif
MHS1535;1;1;1;9085;1;1;136.0;1;1;38;9;9;130.8;1;0;0;1;0;0;18;0;0;5;7;5;14.4;1;0;5;5;5;13.6;0;12.7;3.7;-1.7;Graduate;0.2161;Aman;0.0339;Aman;validasi silang
MHS1536;2;44;1;9991;0;39;140.0;1;37;37;9;9;140.0;0;0;0;1;0;0;41;0;2;6;10;4;12.25;0;3;7;9;6;12.5;0;9.4;-0.8;-3.12;Enrolled;0.3464;Prioritas;0.4374;Prioritas;mahasiswa aktif
MHS1537;1;39;1;9500;1;1;130.0;1;37;19;9;8;106.2;1;0;0;1;0;0;27;0;0;7;14;0;0.0;0;0;7;14;0;0.0;0;11.1;0.6;2.02;Dropout;0.3371;Prioritas;0.9801;Kritis;data uji
MHS1538;1;1;1;9238;1;1;141.0;1;38;19;9;10;125.6;1;0;0;1;0;1;18;0;0;6;6;6;12.666666666666666;0;0;6;6;6;12.0;0;9.4;-0.8;-3.12;Graduate;0.027;Aman;0.0332;Aman;validasi silang
MHS1539;1;18;5;9853;1;1;121.0;1;38;19;7;7;117.5;1;0;1;0;0;0;20;0;0;6;14;2;12.0;0;0;6;14;3;11.666666666666666;0;10.8;1.4;1.74;Dropout;0.9928;Kritis;0.9774;Kritis;validasi silang
MHS1540;2;39;1;9119;1;3;120.0;1;37;37;4;7;122.5;0;0;0;0;0;0;32;0;0;5;6;0;0.0;0;0;5;5;0;0.0;0;12.7;3.7;-1.7;Dropout;0.9804;Kritis;0.9801;Kritis;data uji
MHS1541;1;17;1;9147;1;1;129.0;1;38;37;3;5;132.9;1;0;0;1;0;0;19;0;0;5;5;3;11.666666666666666;0;0;5;10;4;10.8;0;9.4;-0.8;-3.12;Dropout;0.2552;Prioritas;0.3138;Aman;validasi silang
MHS1542;2;39;1;9853;1;12;133.1;1;37;37;7;8;103.0;0;0;0;1;0;0;41;0;0;6;0;0;0.0;0;0;6;0;0;0.0;0;16.2;0.3;-0.92;Dropout;0.8943;Kritis;0.9796;Kritis;validasi silang
MHS1543;4;17;5;8014;0;1;100.0;1;19;19;90;90;107.0;0;0;0;1;0;0;38;0;0;5;12;1;10.0;0;0;5;10;0;0.0;0;10.8;1.4;1.74;Dropout;0.4616;Prioritas;0.9795;Kritis;validasi silang
MHS1544;1;7;1;9130;1;2;133.1;6;42;1;4;9;100.0;0;0;0;1;1;0;35;1;0;7;8;0;0.0;1;0;6;9;0;0.0;0;8.9;1.4;3.51;Dropout;0.8336;Kritis;0.9794;Kritis;validasi silang
MHS1545;1;39;1;8014;0;1;133.1;1;34;34;0;0;100.0;1;0;0;1;0;0;27;0;0;6;11;4;12.25;0;0;6;16;3;12.0;0;7.6;2.6;0.32;Dropout;0.7145;Kritis;0.9444;Kritis;validasi silang
MHS1546;1;17;1;9070;1;1;139.0;1;1;37;4;9;131.3;1;0;0;1;0;0;19;0;0;6;10;4;12.0;1;0;6;6;6;12.5;0;7.6;2.6;0.32;Graduate;0.1904;Aman;0.0599;Aman;validasi silang
MHS1547;1;18;1;9773;1;1;125.0;1;19;37;9;5;122.2;0;0;0;0;0;0;18;0;0;6;7;5;12.6;0;0;6;6;5;11.8;0;11.1;0.6;2.02;Enrolled;0.8615;Kritis;0.8539;Kritis;mahasiswa aktif
MHS1548;2;39;1;9991;0;9;133.1;1;34;34;0;0;118.4;0;0;0;0;0;0;39;0;0;5;5;0;0.0;0;0;5;5;0;0.0;0;7.6;2.6;0.32;Dropout;0.9838;Kritis;0.9795;Kritis;validasi silang
MHS1549;2;7;1;9254;1;2;100.0;1;37;37;9;9;100.0;0;0;0;0;0;0;37;0;0;5;5;0;0.0;0;0;5;10;0;0.0;0;10.8;1.4;1.74;Dropout;0.9696;Kritis;0.98;Kritis;data uji
MHS1550;5;39;1;9500;1;1;110.0;1;38;38;9;9;110.0;0;0;0;0;0;0;37;0;0;8;8;0;0.0;1;0;8;8;0;0.0;1;12.7;3.7;-1.7;Dropout;0.8237;Kritis;0.9801;Kritis;data uji
MHS1551;2;43;1;8014;0;1;133.1;1;34;34;0;0;100.0;0;0;0;1;0;1;35;0;11;16;16;16;12.6875;0;11;13;13;13;12.0;0;9.4;-0.8;-3.12;Graduate;0.2209;Prioritas;0.0368;Aman;data uji
MHS1552;1;43;1;9147;1;1;123.0;1;37;37;9;9;106.2;0;0;0;1;0;0;49;0;9;13;22;10;10.4;0;4;9;18;6;10.666666666666666;0;12.7;3.7;-1.7;Graduate;0.4789;Prioritas;0.6106;Prioritas;validasi silang
MHS1553;1;7;1;9147;1;40;110.0;1;37;37;9;9;110.0;0;0;0;1;0;0;52;0;11;15;26;14;10.466666666666669;0;9;12;16;12;10.923076923076923;0;13.9;-0.3;0.79;Graduate;0.7088;Kritis;0.0915;Aman;validasi silang
MHS1554;1;1;2;9085;1;1;130.0;1;1;38;5;5;122.3;1;0;0;1;0;0;18;0;0;5;10;5;14.333333333333334;2;0;5;8;5;13.0;1;9.4;-0.8;-3.12;Graduate;0.1948;Aman;0.043;Aman;data uji
MHS1555;1;39;1;8014;0;1;133.1;1;37;37;9;9;112.5;0;0;0;1;0;1;30;0;0;7;7;6;14.666666666666666;1;0;6;7;6;14.333333333333334;0;10.8;1.4;1.74;Graduate;0.1165;Aman;0.0475;Aman;validasi silang
MHS1556;1;1;2;9500;1;1;97.0;1;1;19;2;7;98.1;1;0;0;1;0;0;21;0;0;7;7;7;12.835714285714284;0;0;8;8;8;14.23125;0;11.1;0.6;2.02;Graduate;0.149;Aman;0.0421;Aman;validasi silang
MHS1557;1;1;1;9119;1;1;130.0;1;37;19;9;5;140.2;1;0;0;1;1;0;20;0;0;5;5;0;0.0;0;0;5;0;0;0.0;0;9.4;-0.8;-3.12;Dropout;0.6028;Prioritas;0.9786;Kritis;validasi silang
MHS1558;1;17;1;9147;1;1;139.0;1;1;38;6;6;143.6;1;0;1;1;1;0;18;0;0;5;9;0;0.0;0;0;5;5;0;0.0;0;7.6;2.6;0.32;Enrolled;0.5177;Prioritas;0.9794;Kritis;mahasiswa aktif
MHS1559;1;16;1;171;1;1;150.0;1;37;37;9;9;134.6;1;0;0;1;1;0;19;0;0;0;0;0;0.0;0;0;0;0;0;0.0;0;7.6;2.6;0.32;Dropout;0.4087;Prioritas;0.6432;Prioritas;validasi silang
MHS1560;1;1;3;9500;1;1;141.0;1;3;19;2;10;126.8;1;0;0;1;1;0;18;0;0;8;8;8;13.24875;0;0;8;8;8;13.24875;0;9.4;-0.8;-3.12;Graduate;0.2013;Aman;0.0427;Aman;validasi silang
MHS1561;1;15;1;33;1;1;133.1;41;2;3;2;4;100.0;0;0;0;1;1;0;20;1;0;7;10;7;12.857142857142858;0;0;7;7;4;12.75;0;8.9;1.4;3.51;Enrolled;0.2169;Aman;0.2438;Aman;mahasiswa aktif
MHS1562;1;17;1;9130;1;1;137.0;1;38;19;5;7;130.0;1;0;0;1;0;0;21;0;0;6;12;5;13.6;0;0;6;10;4;14.25;0;12.4;0.5;1.79;Enrolled;0.481;Prioritas;0.409;Prioritas;mahasiswa aktif
MHS1563;1;1;4;9147;1;1;116.0;1;1;1;3;4;113.6;1;0;0;1;0;1;22;0;0;5;6;3;14.0;0;0;5;8;5;12.4;0;11.1;0.6;2.02;Graduate;0.1224;Aman;0.0754;Aman;validasi silang
MHS1564;1;44;1;9130;1;39;140.0;1;19;19;5;5;140.0;1;0;1;0;0;0;20;0;1;6;11;3;12.0;0;0;6;11;2;11.0;0;12.4;0.5;1.79;Enrolled;0.9797;Kritis;0.9793;Kritis;mahasiswa aktif
MHS1565;1;17;4;9085;1;1;106.0;1;37;1;3;9;106.0;0;0;0;1;0;0;20;0;0;6;9;6;13.166666666666666;0;0;6;8;4;14.0;0;13.9;-0.3;0.79;Enrolled;0.3517;Prioritas;0.1511;Aman;mahasiswa aktif
MHS1566;1;17;6;9238;1;1;135.0;1;1;19;7;7;126.6;1;0;0;1;0;1;19;0;0;6;8;6;13.625;0;0;6;7;6;12.166666666666666;0;12.7;3.7;-1.7;Graduate;0.0641;Aman;0.0389;Aman;validasi silang
MHS1567;1;17;5;9500;1;1;144.0;1;19;38;9;5;130.7;1;0;0;1;0;1;18;0;0;7;8;7;14.85;0;0;8;9;8;15.61111111111111;0;13.9;-0.3;0.79;Graduate;0.0603;Aman;0.0405;Aman;data uji
MHS1568;1;1;2;9147;1;1;108.0;1;1;19;4;4;105.9;1;0;0;1;1;0;21;0;0;5;9;4;10.75;0;0;5;6;5;11.4;0;11.1;0.6;2.02;Graduate;0.4817;Prioritas;0.0812;Aman;validasi silang
MHS1569;1;15;1;9556;1;1;137.0;26;19;1;9;4;137.0;0;0;1;1;0;0;19;1;0;7;11;0;0.0;4;0;7;11;2;11.666666666666666;0;8.9;1.4;3.51;Enrolled;0.2079;Aman;0.9701;Kritis;mahasiswa aktif
MHS1570;1;43;1;9130;1;1;133.1;6;37;37;9;6;100.0;0;0;0;1;0;0;37;1;0;6;0;0;0.0;0;0;6;0;0;0.0;0;13.9;-0.3;0.79;Dropout;0.3367;Prioritas;0.9794;Kritis;validasi silang
MHS1571;2;1;1;8014;0;1;121.0;1;37;37;9;9;114.4;1;0;0;1;0;0;45;0;8;12;14;12;14.0;0;2;7;12;7;13.857142857142858;0;7.6;2.6;0.32;Enrolled;0.0914;Aman;0.0478;Aman;mahasiswa aktif
MHS1572;1;39;1;9003;1;19;133.1;1;37;37;9;10;120.0;0;0;1;0;1;0;38;0;0;6;8;0;0.0;0;0;6;10;0;0.0;0;16.2;0.3;-0.92;Dropout;0.9862;Kritis;0.9786;Kritis;validasi silang
MHS1573;6;39;1;9991;0;12;130.0;1;37;37;90;90;119.0;1;0;0;0;1;0;55;0;0;5;5;0;0.0;0;0;5;5;0;0.0;0;7.6;2.6;0.32;Dropout;0.9929;Kritis;0.9799;Kritis;validasi silang
MHS1574;5;39;1;9003;1;1;133.1;1;37;37;9;7;110.0;0;0;1;0;0;0;28;0;0;6;17;5;13.0;0;0;6;11;4;11.75;0;13.9;-0.3;0.79;Dropout;0.9565;Kritis;0.9701;Kritis;validasi silang
MHS1575;5;7;1;9991;0;2;120.0;1;37;37;6;6;120.0;0;0;0;1;0;0;46;0;6;8;12;8;12.375;0;4;9;11;5;12.4;0;8.9;1.4;3.51;Graduate;0.4788;Prioritas;0.6667;Kritis;validasi silang
MHS1576;1;1;4;171;1;1;131.0;1;19;19;4;4;119.8;1;1;0;1;0;0;22;0;0;0;0;0;0.0;0;0;0;0;0;0.0;0;16.2;0.3;-0.92;Graduate;0.5795;Prioritas;0.8806;Kritis;validasi silang
MHS1577;2;39;2;9670;1;19;133.1;1;37;37;9;9;135.6;0;0;0;1;0;0;46;0;0;6;10;5;11.4;0;0;6;9;4;13.75;0;12.4;0.5;1.79;Dropout;0.3577;Prioritas;0.307;Aman;validasi silang
MHS1578;1;39;1;9991;0;1;100.0;1;19;37;5;5;120.7;0;0;0;1;0;0;28;0;0;5;9;4;11.25;0;0;5;7;4;13.0;0;7.6;2.6;0.32;Enrolled;0.5004;Prioritas;0.2993;Aman;mahasiswa aktif
MHS1579;1;1;3;9085;1;1;131.0;1;37;19;9;8;136.3;1;0;1;0;0;0;18;0;0;5;7;3;13.0;0;0;5;8;3;12.0;0;7.6;2.6;0.32;Dropout;0.8527;Kritis;0.9656;Kritis;validasi silang
MHS1580;1;16;1;171;1;1;158.0;1;38;37;9;9;164.3;1;0;0;1;1;1;18;0;0;0;0;0;0.0;0;0;0;0;0;0.0;0;10.8;1.4;1.74;Enrolled;0.0954;Aman;0.1638;Aman;mahasiswa aktif
MHS1581;1;1;1;9773;1;1;146.0;1;37;37;9;7;149.2;1;0;0;1;1;1;21;0;0;6;6;6;13.5;0;0;6;6;6;14.166666666666666;0;12.7;3.7;-1.7;Graduate;0.0885;Aman;0.0767;Aman;validasi silang
MHS1582;1;16;2;9070;1;1;133.0;1;1;3;4;2;122.5;1;0;0;1;0;0;18;0;0;6;11;1;11.0;1;0;6;11;4;11.0;4;7.6;2.6;0.32;Enrolled;0.1376;Aman;0.9265;Kritis;mahasiswa aktif
MHS1583;1;43;1;9991;0;1;120.0;1;19;37;3;9;100.0;0;0;0;1;0;0;34;0;0;5;9;0;0.0;0;0;5;10;1;11.0;0;13.9;-0.3;0.79;Dropout;0.4023;Prioritas;0.9786;Kritis;validasi silang
MHS1584;1;17;1;9853;1;1;119.0;1;37;38;9;9;125.0;1;0;0;1;0;1;21;0;0;6;9;5;12.0;0;0;6;8;5;11.2;0;10.8;1.4;1.74;Dropout;0.2226;Prioritas;0.1636;Aman;validasi silang
MHS1585;1;1;1;9773;1;1;132.0;1;37;19;9;9;131.0;1;0;0;1;0;1;18;0;0;6;8;5;13.0;0;0;6;7;6;13.0;0;15.5;2.8;-4.06;Graduate;0.0892;Aman;0.0831;Aman;validasi silang
MHS1586;1;1;1;171;1;1;130.0;1;29;38;9;8;122.0;1;0;0;1;1;0;20;0;0;0;0;0;0.0;0;0;0;0;0;0.0;0;7.6;2.6;0.32;Graduate;0.4641;Prioritas;0.5791;Prioritas;validasi silang
MHS1587;1;1;1;9147;1;1;132.0;1;38;37;7;7;131.3;1;0;0;1;0;0;18;0;0;5;8;4;12.0;0;0;5;8;4;12.25;0;9.4;-0.8;-3.12;Enrolled;0.3095;Prioritas;0.0801;Aman;mahasiswa aktif
MHS1588;1;17;2;9119;1;1;133.1;1;1;2;3;3;117.0;1;0;0;1;1;0;21;0;0;5;10;5;11.166666666666666;0;0;5;10;3;10.8;0;12.4;0.5;1.79;Enrolled;0.8279;Kritis;0.8569;Kritis;mahasiswa aktif
MHS1589;1;17;1;9254;1;1;119.0;1;37;37;5;4;118.0;1;0;0;1;1;0;19;0;0;6;13;2;10.5;0;0;6;11;1;12.0;0;10.8;1.4;1.74;Dropout;0.6759;Kritis;0.979;Kritis;validasi silang
MHS1590;1;17;2;8014;0;1;134.0;1;1;19;4;99;126.0;1;0;0;1;1;0;22;0;0;6;7;6;12.666666666666666;0;0;6;6;6;12.166666666666666;0;7.6;2.6;0.32;Graduate;0.1586;Aman;0.0314;Aman;validasi silang
MHS1591;1;44;1;9003;1;39;120.0;1;1;19;4;7;120.0;0;0;0;1;1;0;23;0;1;6;6;1;11.0;0;0;6;8;0;0.0;0;15.5;2.8;-4.06;Dropout;0.4584;Prioritas;0.9788;Kritis;validasi silang
MHS1592;1;17;4;171;1;1;172.0;1;3;1;2;10;155.6;1;0;0;1;1;0;19;0;0;0;0;0;0.0;0;0;0;0;0;0.0;0;9.4;-0.8;-3.12;Dropout;0.481;Prioritas;0.3444;Aman;validasi silang
MHS1593;1;1;4;9147;1;1;120.0;1;19;38;5;5;122.8;1;0;0;1;1;0;18;0;0;5;6;4;11.5;0;0;5;12;2;10.333333333333334;0;10.8;1.4;1.74;Enrolled;0.4781;Prioritas;0.9723;Kritis;mahasiswa aktif
MHS1594;1;1;3;171;1;1;129.0;1;38;37;9;3;127.3;1;0;1;0;1;1;19;0;0;0;0;0;0.0;0;0;0;0;0;0.0;0;9.4;-0.8;-3.12;Dropout;0.8686;Kritis;0.7486;Kritis;validasi silang
MHS1595;1;17;1;9147;1;1;118.0;1;1;38;9;9;118.4;1;0;0;1;1;0;19;0;0;5;10;2;10.5;0;0;5;5;4;11.75;0;12.4;0.5;1.79;Enrolled;0.5368;Prioritas;0.8968;Kritis;mahasiswa aktif
MHS1596;1;1;1;9670;1;1;127.0;1;1;37;4;9;128.1;0;0;0;1;1;0;19;0;0;5;8;4;12.5;0;0;5;6;4;11.0;0;7.6;2.6;0.32;Enrolled;0.225;Prioritas;0.1938;Aman;mahasiswa aktif
MHS1597;1;1;2;9500;1;1;133.1;1;37;37;9;9;99.0;1;0;0;1;1;0;22;0;0;7;9;6;12.833333333333334;0;0;8;12;6;12.5;0;16.2;0.3;-0.92;Enrolled;0.3511;Prioritas;0.1749;Aman;mahasiswa aktif
MHS1598;1;1;1;9773;1;1;164.0;1;19;1;9;9;161.2;0;0;0;1;1;1;18;0;0;6;7;6;15.571428571428571;0;0;6;7;6;16.142857142857142;0;13.9;-0.3;0.79;Graduate;0.1052;Aman;0.0321;Aman;validasi silang
MHS1599;1;17;1;9238;1;1;136.0;1;37;37;7;7;140.9;1;0;0;1;1;0;18;0;0;6;10;4;12.0;0;0;6;7;5;11.8;0;9.4;-0.8;-3.12;Dropout;0.236;Prioritas;0.1835;Aman;validasi silang
MHS1600;1;17;1;9773;1;1;117.0;1;38;38;9;9;111.1;0;0;1;1;1;0;19;0;0;6;6;4;11.25;0;0;6;6;3;11.333333333333334;0;16.2;0.3;-0.92;Dropout;0.7306;Kritis;0.9646;Kritis;data uji
MHS1601;1;1;4;171;1;1;131.0;1;1;1;0;3;149.9;1;0;0;1;1;0;18;0;0;0;0;0;0.0;0;0;0;0;0;0.0;0;11.1;0.6;2.02;Graduate;0.5927;Prioritas;0.3188;Aman;validasi silang
MHS1602;1;17;6;9670;1;1;110.0;1;1;19;4;10;111.3;0;0;0;1;1;0;21;0;0;6;10;6;12.285714285714286;0;0;6;11;4;14.25;0;15.5;2.8;-4.06;Enrolled;0.5011;Prioritas;0.1383;Aman;mahasiswa aktif
MHS1603;1;1;2;9254;1;1;125.0;1;1;19;4;1;121.5;1;0;0;1;1;0;18;0;0;6;12;5;11.0;0;0;6;11;3;10.333333333333334;0;9.4;-0.8;-3.12;Enrolled;0.4074;Prioritas;0.8756;Kritis;mahasiswa aktif
MHS1604;1;44;1;9003;1;39;120.0;1;19;38;6;6;120.0;1;0;0;1;1;0;19;0;0;6;8;6;12.142857142857142;0;0;6;11;5;13.6;0;12.4;0.5;1.79;Graduate;0.2202;Prioritas;0.0613;Aman;validasi silang
MHS1605;1;39;1;9003;1;19;133.1;1;1;19;9;8;120.0;0;0;1;0;1;0;27;0;0;6;11;2;11.5;0;0;6;7;0;0.0;0;8.9;1.4;3.51;Dropout;0.9676;Kritis;0.9795;Kritis;validasi silang
MHS1606;1;53;1;9003;1;42;130.0;1;38;38;9;9;130.0;1;0;1;1;1;0;20;0;7;12;16;11;12.545454545454543;0;5;10;12;8;11.625;0;8.9;1.4;3.51;Enrolled;0.355;Prioritas;0.3258;Aman;mahasiswa aktif
MHS1607;1;1;5;9254;1;1;101.0;1;3;19;3;9;98.9;1;0;0;1;1;0;20;0;0;6;10;4;13.0;0;0;6;6;6;13.0;0;12.4;0.5;1.79;Graduate;0.4914;Prioritas;0.111;Aman;data uji
MHS1608;1;1;6;9500;1;1;141.0;1;4;3;2;1;136.3;1;0;0;1;1;0;18;0;0;8;9;8;12.8875;1;0;8;9;8;12.8875;1;9.4;-0.8;-3.12;Graduate;0.1463;Aman;0.0547;Aman;data uji
MHS1609;1;17;1;9773;1;1;128.0;1;38;19;9;10;125.2;1;0;0;1;1;0;18;0;0;6;6;6;12.666666666666666;0;0;6;7;5;13.6;0;12.4;0.5;1.79;Enrolled;0.3843;Prioritas;0.0588;Aman;mahasiswa aktif
MHS1610;1;1;2;9070;1;1;145.0;1;38;19;7;7;130.0;1;0;0;1;1;0;18;0;0;6;7;6;12.833333333333334;0;0;6;7;6;12.571428571428571;0;8.9;1.4;3.51;Graduate;0.2981;Prioritas;0.0455;Aman;validasi silang
MHS1611;1;1;1;9147;1;1;160.0;1;1;38;4;7;141.5;1;0;0;1;1;0;18;0;0;5;10;3;10.666666666666666;1;0;5;11;2;12.5;0;9.4;-0.8;-3.12;Dropout;0.3849;Prioritas;0.9681;Kritis;validasi silang
MHS1612;1;16;5;9085;1;1;134.0;1;19;37;8;8;123.9;1;0;0;1;1;0;18;0;0;5;11;5;13.0;2;0;5;7;5;12.4;0;9.4;-0.8;-3.12;Enrolled;0.5664;Prioritas;0.0591;Aman;mahasiswa aktif
MHS1613;1;17;2;9500;1;1;125.0;1;19;19;5;5;114.5;1;0;0;1;0;0;18;0;0;7;11;6;11.983333333333334;0;0;8;12;8;12.28125;0;16.2;0.3;-0.92;Graduate;0.2981;Prioritas;0.0978;Aman;validasi silang
MHS1614;1;39;1;8014;0;15;133.1;1;34;34;0;0;100.0;1;0;0;0;0;0;37;0;0;5;9;0;0.0;0;0;5;5;0;0.0;5;9.4;-0.8;-3.12;Dropout;0.9765;Kritis;0.9799;Kritis;data uji
MHS1615;2;39;1;8014;0;1;120.0;1;38;37;5;3;110.5;0;0;0;1;0;1;36;0;0;6;6;6;11.833333333333334;0;0;6;6;6;11.5;0;10.8;1.4;1.74;Graduate;0.1256;Aman;0.033;Aman;validasi silang
MHS1616;2;39;1;9085;1;19;133.1;1;19;19;9;5;101.0;1;0;0;1;0;0;26;0;0;6;21;3;12.666666666666666;0;0;6;15;2;11.0;0;15.5;2.8;-4.06;Dropout;0.4521;Prioritas;0.973;Kritis;validasi silang
MHS1617;1;1;1;9085;1;1;121.0;1;37;38;6;9;121.0;0;0;0;1;0;0;19;0;0;5;9;4;13.75;1;0;5;8;4;14.5;0;7.6;2.6;0.32;Graduate;0.1224;Aman;0.1118;Aman;validasi silang
MHS1618;1;39;1;8014;0;1;120.0;1;37;1;7;4;95.0;1;0;0;1;0;0;24;0;0;6;8;5;11.4;0;0;6;8;5;11.8;0;15.5;2.8;-4.06;Dropout;0.6034;Prioritas;0.0879;Aman;validasi silang
MHS1619;1;1;2;9773;1;1;130.0;109;19;1;9;9;126.9;1;0;0;1;0;1;19;1;0;6;8;6;13.166666666666666;0;0;6;6;6;13.0;0;11.1;0.6;2.02;Dropout;0.0411;Aman;0.0387;Aman;validasi silang
MHS1620;1;42;1;9670;1;1;130.0;1;1;1;9;10;116.3;1;0;0;1;0;1;20;0;3;7;10;6;12.833333333333334;0;2;8;8;5;11.8;0;12.7;3.7;-1.7;Graduate;0.104;Aman;0.1872;Aman;validasi silang
MHS1621;1;18;1;9670;1;1;128.0;1;19;3;9;7;120.0;1;0;0;1;0;0;19;0;0;6;8;6;14.125;0;0;6;10;5;14.5;0;11.1;0.6;2.02;Graduate;0.315;Prioritas;0.0651;Aman;validasi silang
MHS1622;1;1;1;9085;1;1;126.0;1;38;37;9;9;123.6;1;0;0;1;0;0;21;0;0;5;10;3;11.666666666666666;0;0;5;5;5;13.0;0;10.8;1.4;1.74;Graduate;0.1513;Aman;0.0568;Aman;validasi silang
MHS1623;2;39;1;9556;1;1;120.0;1;37;37;9;4;150.0;0;0;0;0;0;0;50;0;0;7;18;6;10.25;0;0;7;14;4;11.25;0;12.7;3.7;-1.7;Dropout;0.9259;Kritis;0.9618;Kritis;data uji
MHS1624;2;39;1;9556;1;1;100.0;1;37;37;9;9;120.0;0;0;0;1;0;0;47;0;1;7;16;6;12.514285714285716;0;0;7;15;4;11.75;0;12.7;3.7;-1.7;Dropout;0.4377;Prioritas;0.7971;Kritis;validasi silang
MHS1625;1;42;1;9853;1;1;120.0;1;1;19;4;7;111.3;0;0;0;1;0;0;24;0;9;13;17;10;11.5;0;7;13;18;9;10.444444444444445;0;16.2;0.3;-0.92;Dropout;0.6721;Kritis;0.6244;Prioritas;validasi silang
MHS1626;1;39;1;9991;0;1;110.0;1;37;37;7;10;150.0;0;0;0;0;0;0;48;0;0;5;5;1;10.0;0;0;5;5;0;0.0;0;15.5;2.8;-4.06;Dropout;0.9669;Kritis;0.9798;Kritis;validasi silang
MHS1627;1;1;1;9085;1;1;127.0;1;37;2;9;4;123.2;1;0;0;1;0;1;18;0;0;6;7;6;15.714285714285714;0;0;6;17;5;12.77777777777778;0;12.4;0.5;1.79;Graduate;0.1124;Aman;0.0581;Aman;validasi silang
MHS1628;1;44;1;9991;0;39;130.0;1;37;37;5;5;130.0;1;0;0;1;1;0;32;0;2;6;9;4;12.5;0;3;7;7;4;11.0;0;9.4;-0.8;-3.12;Dropout;0.6699;Kritis;0.9249;Kritis;validasi silang
MHS1629;1;1;1;9670;1;1;141.0;1;19;3;4;0;137.9;1;0;0;0;1;0;20;0;0;5;6;3;12.0;0;0;5;5;4;12.75;0;7.6;2.6;0.32;Dropout;0.7226;Kritis;0.9383;Kritis;validasi silang
MHS1630;1;39;1;9119;1;1;120.0;1;37;38;9;8;100.0;0;0;1;1;1;0;24;0;0;5;11;0;0.0;0;0;5;5;0;0.0;0;16.2;0.3;-0.92;Dropout;0.9608;Kritis;0.9796;Kritis;data uji
MHS1631;2;39;1;9130;1;19;133.1;1;37;38;9;9;120.0;0;0;0;1;1;0;53;0;0;5;9;4;12.25;2;0;5;8;4;11.75;0;9.4;-0.8;-3.12;Graduate;0.7836;Kritis;0.3672;Aman;validasi silang
MHS1632;2;39;1;9773;1;19;133.1;1;19;19;9;4;131.0;0;0;1;0;1;0;42;0;0;4;5;0;0.0;0;0;4;4;0;0.0;0;13.9;-0.3;0.79;Dropout;0.9898;Kritis;0.9791;Kritis;validasi silang
MHS1633;2;39;1;9991;0;12;133.1;1;37;37;9;9;133.8;1;0;0;1;1;0;52;0;0;5;5;5;13.6;0;0;5;5;5;14.2;0;7.6;2.6;0.32;Graduate;0.6768;Kritis;0.0435;Aman;validasi silang
MHS1634;1;43;1;8014;0;1;130.0;1;38;3;132;122;100.0;0;0;0;1;1;0;54;0;9;13;14;13;13.307692307692308;0;7;11;12;11;12.818181818181818;0;12.7;3.7;-1.7;Enrolled;0.2444;Prioritas;0.0399;Aman;mahasiswa aktif
MHS1635;2;39;1;9991;0;1;110.0;1;37;37;9;10;150.0;0;0;0;1;1;0;49;0;0;5;6;5;12.2;0;0;5;9;5;11.8;0;15.5;2.8;-4.06;Graduate;0.5825;Prioritas;0.0791;Aman;validasi silang
MHS1636;1;17;1;9670;1;1;125.0;1;38;37;7;5;126.4;0;0;0;1;1;1;18;0;0;6;7;6;12.285714285714286;0;0;6;7;6;13.333333333333334;1;16.2;0.3;-0.92;Graduate;0.201;Aman;0.0378;Aman;data uji
MHS1637;2;39;1;9130;1;1;130.0;1;1;19;6;6;154.0;1;0;0;1;1;0;37;0;1;5;12;3;12.0;2;1;5;8;4;13.0;1;10.8;1.4;1.74;Graduate;0.5223;Prioritas;0.7469;Kritis;validasi silang
MHS1638;1;1;1;9500;1;1;121.0;1;1;1;4;4;114.9;0;0;0;1;1;1;21;0;0;7;9;6;13.342857142857143;0;0;8;10;7;11.65;0;12.4;0.5;1.79;Graduate;0.1135;Aman;0.0575;Aman;validasi silang
MHS1639;1;39;1;9670;1;9;133.1;1;37;37;5;3;110.0;0;0;1;1;1;0;26;0;0;5;5;0;0.0;0;0;5;5;0;0.0;0;9.4;-0.8;-3.12;Dropout;0.8908;Kritis;0.9788;Kritis;validasi silang
MHS1640;1;1;1;9070;1;1;147.0;1;3;1;2;3;149.8;1;0;0;1;1;0;20;0;5;12;12;11;14.272727272727272;0;5;12;12;11;14.818181818181818;0;16.2;0.3;-0.92;Graduate;0.2993;Prioritas;0.0634;Aman;data uji
MHS1641;1;1;4;9500;1;1;128.0;1;1;37;4;3;117.9;1;0;0;1;0;1;19;0;0;7;9;7;12.1375;0;0;8;9;8;12.91111111111111;0;12.4;0.5;1.79;Graduate;0.0488;Aman;0.0389;Aman;validasi silang
MHS1642;1;1;2;9070;1;1;164.0;1;38;38;9;7;165.8;1;0;0;1;0;0;18;0;0;6;7;6;14.166666666666666;0;0;6;7;6;14.857142857142858;0;9.4;-0.8;-3.12;Graduate;0.0683;Aman;0.0421;Aman;validasi silang
MHS1643;1;17;5;9500;1;1;137.0;1;1;1;4;4;127.6;1;0;0;1;0;0;18;0;0;7;7;7;13.528571428571428;0;0;8;9;8;14.655555555555557;0;12.4;0.5;1.79;Graduate;0.2613;Prioritas;0.191;Aman;data uji
MHS1644;1;17;2;8014;0;1;122.0;1;37;19;9;9;123.8;0;0;0;1;0;0;20;0;0;6;8;5;12.0;0;0;6;8;6;11.0;0;10.8;1.4;1.74;Graduate;0.1657;Aman;0.0522;Aman;validasi silang
MHS1645;1;17;4;9254;1;1;124.0;1;3;3;3;3;126.1;1;0;0;1;0;0;20;0;0;5;5;5;11.4;0;0;6;11;1;11.0;0;10.8;1.4;1.74;Dropout;0.3342;Prioritas;0.9406;Kritis;validasi silang
MHS1646;1;1;2;171;1;1;120.0;1;3;19;4;7;119.7;1;0;0;1;0;0;21;0;0;0;0;0;0.0;0;0;0;0;0;0.0;0;8.9;1.4;3.51;Dropout;0.2276;Prioritas;0.42;Prioritas;validasi silang
MHS1647;1;1;2;171;1;1;117.0;1;1;19;3;3;121.6;1;0;0;1;0;0;22;0;6;12;12;12;12.916666666666666;0;4;11;16;11;14.5;0;8.9;1.4;3.51;Graduate;0.1557;Aman;0.0358;Aman;validasi silang
MHS1648;1;43;1;9500;1;1;140.0;1;1;38;4;7;100.0;0;0;0;1;0;1;18;0;0;7;8;7;13.6375;0;0;8;8;8;14.3875;0;13.9;-0.3;0.79;Graduate;0.0735;Aman;0.0281;Aman;validasi silang
MHS1649;1;1;5;9500;1;1;130.0;1;19;37;9;7;127.6;1;0;0;1;0;0;18;0;0;7;10;7;12.9;0;0;8;15;7;12.142857142857142;0;15.5;2.8;-4.06;Dropout;0.1878;Aman;0.0405;Aman;validasi silang
MHS1650;1;1;1;9500;1;1;138.0;1;1;38;4;9;132.5;1;0;0;1;0;1;19;0;0;8;8;7;14.36;0;0;8;8;7;14.36;0;10.8;1.4;1.74;Graduate;0.0241;Aman;0.0292;Aman;validasi silang
MHS1651;1;1;1;9500;1;1;141.0;1;3;1;9;9;124.3;0;0;0;1;0;0;19;0;0;8;8;7;14.514285714285714;0;0;8;8;7;14.514285714285714;0;12.7;3.7;-1.7;Enrolled;0.1296;Aman;0.0274;Aman;mahasiswa aktif
MHS1652;1;1;3;9500;1;1;142.0;1;1;1;4;7;131.0;1;0;0;1;0;0;18;0;0;8;8;7;14.7;0;0;8;8;7;14.7;0;10.8;1.4;1.74;Graduate;0.1239;Aman;0.028;Aman;data uji
MHS1653;1;7;1;9991;0;40;120.0;1;43;3;3;3;120.0;0;0;0;1;0;0;27;0;0;5;5;5;15.2;0;0;5;6;5;14.0;0;11.1;0.6;2.02;Enrolled;0.4042;Prioritas;0.0521;Aman;mahasiswa aktif
MHS1654;1;1;3;9556;1;1;122.0;1;19;19;3;10;113.3;1;0;0;1;0;1;20;0;0;7;7;7;13.0;0;0;8;8;8;15.0625;0;12.4;0.5;1.79;Graduate;0.0755;Aman;0.043;Aman;validasi silang
MHS1655;1;1;2;9853;1;1;131.0;1;1;1;2;9;121.9;1;0;0;1;0;0;20;0;0;6;6;6;13.5;0;0;6;6;0;0.0;0;12.7;3.7;-1.7;Dropout;0.5452;Prioritas;0.9679;Kritis;data uji
MHS1656;1;1;2;9085;1;1;120.0;1;38;1;9;3;118.3;1;0;0;1;0;0;20;0;0;5;11;5;12.333333333333334;2;0;5;7;5;12.6;0;9.4;-0.8;-3.12;Graduate;0.1929;Aman;0.0478;Aman;data uji
MHS1657;1;1;1;9147;1;1;131.0;1;3;19;1;4;118.8;0;0;0;1;0;0;19;0;0;5;6;5;13.4;0;0;5;6;5;13.0;0;16.2;0.3;-0.92;Graduate;0.4383;Prioritas;0.0385;Aman;validasi silang
MHS1658;1;1;2;9085;1;1;130.0;1;37;19;9;8;129.0;0;0;0;1;0;0;20;0;0;5;7;4;11.75;0;0;5;9;2;10.5;0;7.6;2.6;0.32;Enrolled;0.1356;Aman;0.9178;Kritis;mahasiswa aktif
MHS1659;1;43;3;171;1;1;120.0;1;37;37;9;9;143.3;1;0;0;1;0;1;20;0;0;0;0;0;0.0;0;0;0;0;0;0.0;0;7.6;2.6;0.32;Graduate;0.0778;Aman;0.4257;Prioritas;data uji
MHS1660;1;1;1;171;1;1;136.0;1;3;3;1;2;152.5;1;0;0;1;0;0;20;0;0;0;0;0;0.0;0;0;0;0;0;0.0;0;13.9;-0.3;0.79;Enrolled;0.247;Prioritas;0.372;Aman;mahasiswa aktif
MHS1661;1;53;1;9085;1;42;160.0;1;1;19;4;6;155.7;1;0;0;1;0;0;27;0;7;12;17;11;14.727272727272728;0;4;9;10;7;14.142857142857142;0;8.9;1.4;3.51;Graduate;0.1275;Aman;0.1293;Aman;validasi silang
MHS1662;1;1;2;9085;1;1;157.0;1;3;3;5;2;153.9;1;0;0;1;0;0;18;0;0;6;7;6;16.571428571428573;0;0;6;6;6;15.666666666666666;0;13.9;-0.3;0.79;Graduate;0.1508;Aman;0.0595;Aman;validasi silang
MHS1663;1;1;1;9500;1;1;150.0;1;19;1;4;4;137.8;0;0;0;1;0;0;18;0;0;7;10;7;15.145;0;0;8;8;8;15.7425;0;15.5;2.8;-4.06;Graduate;0.196;Aman;0.0318;Aman;validasi silang
MHS1664;1;17;1;9500;1;1;148.0;1;1;37;9;7;143.3;0;0;0;1;0;1;18;0;0;7;7;7;13.44285714285714;0;0;8;8;8;15.075;0;13.9;-0.3;0.79;Graduate;0.0476;Aman;0.0277;Aman;validasi silang
MHS1665;1;1;1;9085;1;1;120.0;1;37;37;9;1;123.2;0;0;0;1;0;0;20;0;0;5;8;5;14.166666666666666;2;0;5;6;4;11.75;2;9.4;-0.8;-3.12;Graduate;0.1617;Aman;0.0939;Aman;data uji
MHS1666;1;1;1;9773;1;1;150.0;1;1;1;4;4;138.1;1;0;0;1;0;0;19;0;0;6;7;6;14.0;0;0;6;7;5;15.0;0;11.1;0.6;2.02;Enrolled;0.2556;Prioritas;0.0849;Aman;mahasiswa aktif
MHS1667;1;17;1;9238;1;1;158.0;1;1;1;5;6;140.5;0;0;0;1;0;1;20;0;0;6;9;6;11.333333333333334;0;0;6;6;6;12.333333333333334;0;10.8;1.4;1.74;Graduate;0.043;Aman;0.0333;Aman;validasi silang
MHS1668;1;1;4;9500;1;1;145.0;1;3;19;1;5;130.0;1;0;0;1;0;0;18;0;0;8;8;8;13.76125;0;0;8;8;8;13.76125;0;9.4;-0.8;-3.12;Graduate;0.1267;Aman;0.0395;Aman;data uji
MHS1669;1;44;1;9070;1;39;100.0;1;1;38;4;6;104.8;0;0;1;0;0;0;22;0;2;7;9;5;11.6;0;5;9;9;5;10.0;0;12.4;0.5;1.79;Dropout;0.8957;Kritis;0.9684;Kritis;validasi silang
MHS1670;1;17;1;8014;0;1;136.0;1;37;37;5;8;132.5;0;0;1;1;0;1;22;0;1;6;7;4;12.75;0;1;6;8;5;13.0;0;13.9;-0.3;0.79;Graduate;0.1562;Aman;0.1784;Aman;validasi silang
MHS1671;1;39;1;9991;0;1;133.1;1;1;1;4;2;127.7;0;0;0;1;0;0;25;0;0;5;12;4;12.5;0;0;5;10;4;11.0;0;13.9;-0.3;0.79;Enrolled;0.5855;Prioritas;0.4498;Prioritas;mahasiswa aktif
MHS1672;1;1;1;9085;1;1;148.0;1;19;3;4;2;136.5;0;0;0;1;0;0;19;0;0;6;13;6;15.307692307692308;0;0;6;9;6;14.0;0;15.5;2.8;-4.06;Graduate;0.1589;Aman;0.0333;Aman;validasi silang
MHS1673;1;44;1;9130;1;39;130.0;1;3;1;4;1;130.0;1;0;0;0;0;0;21;0;1;6;12;5;13.285714285714286;0;0;6;10;4;12.0;0;16.2;0.3;-0.92;Dropout;0.969;Kritis;0.9421;Kritis;validasi silang
MHS1674;1;39;1;9500;1;40;130.0;1;1;1;4;4;190.0;1;0;0;1;0;0;27;0;1;7;7;7;14.757142857142856;0;1;8;9;8;14.077777777777778;0;16.2;0.3;-0.92;Graduate;0.2161;Aman;0.047;Aman;validasi silang
MHS1675;1;17;4;9500;1;1;136.0;1;1;1;4;9;128.5;1;0;0;1;0;0;18;0;0;7;7;6;12.766666666666666;0;0;7;7;6;12.766666666666666;0;7.6;2.6;0.32;Graduate;0.1629;Aman;0.038;Aman;data uji
MHS1676;1;17;3;9254;1;1;122.0;1;1;1;4;4;126.6;0;0;0;0;0;0;18;0;0;5;5;5;10.4;0;0;6;13;0;0.0;0;10.8;1.4;1.74;Dropout;0.931;Kritis;0.9781;Kritis;validasi silang
MHS1677;1;17;1;9556;1;1;140.0;1;3;3;1;7;131.6;1;0;0;1;1;0;19;0;0;7;0;0;0.0;0;0;7;0;0;0.0;0;11.1;0.6;2.02;Dropout;0.5104;Prioritas;0.9788;Kritis;validasi silang
MHS1678;5;39;1;9991;0;1;110.0;1;1;1;3;3;119.0;0;0;0;1;1;1;35;0;0;5;10;4;10.5;0;0;5;6;5;12.6;0;8.9;1.4;3.51;Graduate;0.3602;Prioritas;0.1778;Aman;validasi silang
MHS1679;1;17;1;9085;1;1;130.0;1;37;36;4;90;127.6;0;0;0;1;1;0;23;0;0;5;6;4;14.25;0;0;5;6;5;13.4;0;7.6;2.6;0.32;Graduate;0.449;Prioritas;0.0456;Aman;validasi silang
MHS1680;1;39;1;9500;1;1;133.1;1;1;37;9;9;100.0;0;0;0;1;1;0;28;0;0;7;11;3;11.916666666666666;1;0;7;17;0;0.0;0;16.2;0.3;-0.92;Dropout;0.6002;Prioritas;0.9795;Kritis;data uji
MHS1681;1;1;1;9119;1;1;128.0;1;38;38;9;7;124.5;1;0;0;1;1;0;19;0;0;5;10;3;10.666666666666666;0;0;5;9;2;14.0;2;7.6;2.6;0.32;Enrolled;0.522;Prioritas;0.9728;Kritis;mahasiswa aktif
MHS1682;1;1;1;9773;1;1;117.0;1;1;19;4;4;109.3;0;0;0;1;1;0;19;0;0;6;11;4;12.25;0;0;6;10;3;12.666666666666666;0;7.6;2.6;0.32;Enrolled;0.3753;Prioritas;0.9451;Kritis;mahasiswa aktif
MHS1683;1;1;2;9670;1;1;124.0;1;19;1;9;4;117.7;1;0;1;1;1;0;20;0;0;5;5;4;12.0;0;0;5;6;5;11.6;0;9.4;-0.8;-3.12;Dropout;0.65;Prioritas;0.2677;Aman;validasi silang
MHS1684;1;1;1;9670;1;1;124.0;1;2;2;3;3;124.7;1;0;0;1;1;0;21;0;0;5;7;3;11.0;0;0;5;5;4;12.75;0;7.6;2.6;0.32;Dropout;0.2788;Prioritas;0.6551;Kritis;validasi silang
MHS1685;1;17;3;9070;1;1;128.0;1;37;37;5;5;124.5;1;0;0;1;1;0;18;0;0;6;6;6;14.166666666666666;0;0;6;8;5;13.0;0;10.8;1.4;1.74;Graduate;0.4073;Prioritas;0.0671;Aman;validasi silang
MHS1686;1;1;5;9070;1;1;125.0;1;3;3;2;2;140.8;1;0;0;1;1;0;22;0;0;6;6;6;14.666666666666666;0;0;6;6;6;15.0;0;9.4;-0.8;-3.12;Graduate;0.2633;Prioritas;0.054;Aman;validasi silang
MHS1687;1;17;3;9085;1;1;121.0;1;38;1;9;9;111.9;1;0;0;1;1;0;21;0;0;5;11;0;0.0;0;0;5;10;5;12.285714285714286;1;10.8;1.4;1.74;Graduate;0.4909;Prioritas;0.854;Kritis;validasi silang
MHS1688;1;7;1;9556;1;3;140.0;1;3;3;2;2;140.0;0;0;1;0;1;0;38;0;0;7;8;3;12.666666666666666;0;0;5;5;0;0.0;0;13.9;-0.3;0.79;Dropout;0.9877;Kritis;0.9794;Kritis;validasi silang
MHS1689;1;1;1;171;1;1;124.0;1;19;1;9;9;121.2;1;0;0;1;1;0;20;0;0;0;0;0;0.0;0;0;0;0;0;0.0;0;10.8;1.4;1.74;Enrolled;0.4649;Prioritas;0.5916;Prioritas;mahasiswa aktif
MHS1690;1;43;4;171;1;1;136.0;1;37;37;9;9;123.8;1;0;0;1;1;0;19;0;0;0;0;0;0.0;0;0;0;0;0;0.0;0;7.6;2.6;0.32;Dropout;0.4828;Prioritas;0.7472;Kritis;data uji
MHS1691;1;7;1;9119;1;1;140.8;1;34;34;0;0;134.0;0;0;0;1;1;0;24;0;0;5;0;0;0.0;0;0;5;0;0;0.0;0;7.6;2.6;0.32;Dropout;0.9507;Kritis;0.9791;Kritis;validasi silang
MHS1692;1;18;3;9070;1;1;142.0;1;1;37;4;7;130.8;1;0;0;0;1;0;19;0;0;6;0;0;0.0;0;0;6;0;0;0.0;0;12.7;3.7;-1.7;Dropout;0.9197;Kritis;0.9792;Kritis;validasi silang
MHS1693;1;1;1;9500;1;1;133.0;1;37;38;9;9;130.2;1;0;0;1;1;1;19;0;0;7;7;7;13.7;0;0;8;9;8;14.022222222222222;0;16.2;0.3;-0.92;Graduate;0.0553;Aman;0.0308;Aman;validasi silang
MHS1694;1;1;1;9147;1;1;131.0;1;3;19;3;10;123.3;0;0;0;1;1;0;19;0;0;5;7;5;11.8;0;0;5;8;4;12.4;2;16.2;0.3;-0.92;Enrolled;0.4247;Prioritas;0.0783;Aman;mahasiswa aktif
MHS1695;1;39;1;9119;1;3;130.0;1;3;3;3;10;147.6;0;0;0;1;1;0;31;0;0;5;0;0;0.0;0;0;5;0;0;0.0;0;10.8;1.4;1.74;Dropout;0.7777;Kritis;0.9788;Kritis;validasi silang
MHS1696;1;17;1;9670;1;1;120.0;1;38;37;9;8;113.4;1;0;0;1;1;1;19;0;0;6;6;6;13.333333333333334;0;0;6;7;6;13.285714285714286;0;8.9;1.4;3.51;Graduate;0.1334;Aman;0.0343;Aman;validasi silang
MHS1697;1;17;1;9070;1;1;141.0;1;19;38;4;5;133.7;1;0;0;1;1;0;22;0;0;6;7;5;11.4;0;0;6;6;6;12.166666666666666;0;7.6;2.6;0.32;Graduate;0.3573;Prioritas;0.0347;Aman;validasi silang
MHS1698;1;39;1;9085;1;1;130.0;1;34;1;0;2;128.2;0;0;0;1;1;0;25;0;0;5;5;0;0.0;0;0;5;5;0;0.0;0;7.6;2.6;0.32;Dropout;0.8458;Kritis;0.9795;Kritis;validasi silang
MHS1699;1;1;1;9500;1;1;168.0;1;1;1;5;5;161.0;1;0;0;1;1;0;18;0;0;7;7;7;16.142857142857142;0;0;8;9;0;0.0;0;16.2;0.3;-0.92;Dropout;0.2394;Prioritas;0.9642;Kritis;validasi silang
MHS1700;1;7;1;9500;1;3;130.0;1;37;37;90;90;130.0;1;0;0;1;1;0;30;0;0;8;8;0;0.0;8;0;8;8;0;0.0;8;9.4;-0.8;-3.12;Dropout;0.6187;Prioritas;0.9772;Kritis;validasi silang
MHS1701;1;1;1;9500;1;1;156.0;1;38;37;9;9;156.3;0;0;0;1;1;1;18;0;0;8;8;8;15.63375;0;0;8;8;8;15.63375;0;9.4;-0.8;-3.12;Graduate;0.0305;Aman;0.028;Aman;validasi silang
MHS1702;1;1;1;9773;1;1;137.0;1;1;1;5;5;129.3;1;0;0;1;1;0;18;0;0;6;6;6;13.666666666666666;0;0;6;6;6;14.5;0;12.7;3.7;-1.7;Graduate;0.4683;Prioritas;0.0501;Aman;validasi silang
MHS1703;1;17;6;9773;1;1;131.0;1;34;34;0;0;129.3;0;0;0;1;1;0;18;0;0;6;0;0;0.0;0;0;6;0;0;0.0;0;7.6;2.6;0.32;Dropout;0.7802;Kritis;0.9788;Kritis;validasi silang
MHS1704;1;1;1;9238;1;1;130.0;1;38;38;7;7;136.3;1;0;0;1;1;0;18;0;0;6;8;6;12.5;0;0;6;7;6;11.5;0;10.8;1.4;1.74;Graduate;0.1581;Aman;0.0498;Aman;validasi silang
MHS1705;1;39;1;9670;1;1;133.1;1;1;19;4;9;140.0;0;0;0;1;1;1;25;0;0;6;8;6;12.285714285714286;0;0;6;6;6;13.0;0;15.5;2.8;-4.06;Graduate;0.2527;Prioritas;0.0388;Aman;data uji
MHS1706;1;1;1;9119;1;1;131.0;1;3;1;4;1;135.9;0;0;0;1;1;0;18;0;0;5;10;2;14.0;0;0;5;7;3;11.0;1;7.6;2.6;0.32;Enrolled;0.5259;Prioritas;0.958;Kritis;mahasiswa aktif
MHS1707;1;1;5;171;1;1;160.0;1;1;1;4;4;139.7;0;0;0;1;1;0;18;0;0;0;0;0;0.0;0;0;0;0;0;0.0;0;12.7;3.7;-1.7;Dropout;0.5125;Prioritas;0.2385;Aman;validasi silang
MHS1708;1;1;4;9147;1;1;117.0;1;1;38;8;9;117.0;1;0;0;1;1;0;19;0;0;5;5;4;10.75;0;0;5;6;4;12.25;0;12.4;0.5;1.79;Enrolled;0.6562;Kritis;0.1388;Aman;mahasiswa aktif
MHS1709;1;39;1;9556;1;19;133.1;1;19;1;7;10;105.0;0;0;0;1;1;0;25;0;0;7;14;4;12.95;1;0;7;11;4;13.125;1;15.5;2.8;-4.06;Dropout;0.7953;Kritis;0.9429;Kritis;validasi silang
MHS1710;1;1;3;9500;1;1;130.0;1;37;38;9;5;130.5;1;0;0;1;0;0;19;0;0;7;7;6;12.45;0;0;7;7;6;12.45;0;7.6;2.6;0.32;Graduate;0.1043;Aman;0.0306;Aman;validasi silang
MHS1711;1;44;1;9991;0;39;130.0;1;37;37;9;9;130.0;0;0;0;1;0;0;31;0;2;6;12;4;12.25;0;3;7;9;7;12.0;0;9.4;-0.8;-3.12;Enrolled;0.4271;Prioritas;0.1508;Aman;mahasiswa aktif
MHS1712;1;1;3;9500;1;1;137.0;1;19;19;5;4;131.5;1;0;0;1;0;1;20;0;0;8;8;8;13.38125;0;0;8;8;8;13.38125;0;9.4;-0.8;-3.12;Graduate;0.0617;Aman;0.0289;Aman;validasi silang
MHS1713;1;42;1;9500;1;1;133.1;41;3;1;3;10;100.0;1;0;0;0;0;0;33;1;1;7;10;5;12.16;0;0;6;7;5;11.34;0;12.4;0.5;1.79;Dropout;0.7303;Kritis;0.835;Kritis;validasi silang
MHS1714;1;44;1;9085;1;39;140.0;1;1;3;9;4;140.0;0;0;1;0;0;0;24;0;2;6;11;4;12.5;0;1;6;18;2;11.5;0;12.4;0.5;1.79;Enrolled;0.9507;Kritis;0.9786;Kritis;mahasiswa aktif
MHS1715;1;17;4;9238;1;1;140.0;1;19;37;9;9;130.2;1;0;0;1;0;1;18;0;0;6;8;6;12.75;0;0;6;10;6;12.166666666666666;0;12.7;3.7;-1.7;Graduate;0.0586;Aman;0.036;Aman;validasi silang
MHS1716;1;17;2;9500;1;1;135.0;1;1;19;4;10;133.5;1;0;0;1;0;0;19;0;0;8;8;8;13.3425;0;0;8;8;8;13.3425;0;9.4;-0.8;-3.12;Graduate;0.1322;Aman;0.0322;Aman;data uji
MHS1717;1;1;4;9500;1;1;140.0;1;38;38;7;7;133.2;1;0;0;1;0;1;20;0;0;7;10;7;14.175;0;0;8;14;6;13.03125;0;15.5;2.8;-4.06;Graduate;0.0595;Aman;0.0923;Aman;validasi silang
MHS1718;2;39;1;9500;1;1;100.0;1;37;38;4;4;130.0;0;0;0;1;1;1;33;0;0;8;16;1;10.0;1;0;8;16;1;10.0;1;12.7;3.7;-1.7;Enrolled;0.1391;Aman;0.9666;Kritis;mahasiswa aktif
MHS1719;1;39;1;9119;1;1;160.0;1;38;37;7;7;129.0;0;0;0;1;1;0;24;0;0;5;9;0;0.0;0;0;5;8;2;14.5;2;7.6;2.6;0.32;Dropout;0.8449;Kritis;0.9769;Kritis;validasi silang
MHS1720;1;39;1;9991;0;19;133.1;1;2;1;2;4;100.0;0;0;0;1;1;0;24;0;0;5;7;0;0.0;0;0;5;7;0;0.0;0;16.2;0.3;-0.92;Dropout;0.8378;Kritis;0.9788;Kritis;validasi silang
MHS1721;1;17;1;9085;1;1;128.0;1;38;37;9;9;116.5;1;0;0;1;1;0;18;0;0;5;6;5;12.0;0;0;5;8;5;12.142857142857142;0;10.8;1.4;1.74;Graduate;0.4094;Prioritas;0.0346;Aman;validasi silang
MHS1722;1;1;2;9254;1;1;121.0;1;37;37;9;9;124.2;1;0;0;1;0;1;18;0;0;6;8;6;10.571428571428571;0;0;6;9;5;11.4;0;16.2;0.3;-0.92;Graduate;0.1265;Aman;0.0894;Aman;data uji
MHS1723;1;51;1;9085;1;1;127.0;1;3;3;2;8;138.8;1;0;0;1;0;0;22;0;4;12;19;11;14.153846153846152;0;5;12;20;12;15.428571428571429;0;8.9;1.4;3.51;Graduate;0.1975;Aman;0.0891;Aman;validasi silang
MHS1724;1;1;1;9773;1;1;132.0;1;2;1;9;9;126.4;1;1;0;1;0;1;18;0;0;6;9;6;11.166666666666666;0;0;6;11;5;12.4;0;10.8;1.4;1.74;Graduate;0.0615;Aman;0.089;Aman;validasi silang
MHS1725;1;1;1;171;1;1;147.0;1;19;19;3;10;151.9;1;0;0;1;0;0;21;0;13;17;20;17;12.0;0;14;17;18;17;12.666666666666666;0;11.1;0.6;2.02;Graduate;0.1654;Aman;0.0406;Aman;data uji
MHS1726;2;39;1;9991;0;1;110.0;1;37;37;5;1;120.0;1;0;0;1;0;0;38;0;0;5;11;3;11.333333333333334;0;0;5;9;4;12.0;0;9.4;-0.8;-3.12;Dropout;0.4305;Prioritas;0.8006;Kritis;validasi silang
MHS1727;1;43;1;9238;1;1;142.0;1;34;34;99;99;131.9;0;0;0;1;0;1;29;0;9;16;17;16;12.588235294117649;0;10;13;14;13;13.357142857142858;0;9.4;-0.8;-3.12;Graduate;0.2992;Prioritas;0.0321;Aman;validasi silang
MHS1728;1;44;1;9130;1;39;130.0;1;38;37;4;9;130.0;1;0;0;1;0;1;20;0;0;6;11;4;12.0;0;0;6;9;4;10.75;0;16.2;0.3;-0.92;Enrolled;0.2658;Prioritas;0.289;Aman;mahasiswa aktif
MHS1729;1;17;1;9254;1;1;131.0;1;38;37;4;9;131.7;1;0;0;0;0;0;18;0;0;6;0;0;0.0;0;0;6;0;0;0.0;0;12.7;3.7;-1.7;Dropout;0.8885;Kritis;0.9783;Kritis;validasi silang
MHS1730;2;43;1;9991;0;1;110.0;1;37;37;9;9;132.5;0;0;0;1;1;0;37;0;7;12;13;12;12.25;0;8;13;13;13;12.846153846153848;0;9.4;-0.8;-3.12;Graduate;0.4118;Prioritas;0.0427;Aman;validasi silang
MHS1731;1;1;3;9147;1;1;128.0;1;3;3;5;10;116.5;0;0;0;1;1;0;20;0;0;5;7;5;11.6;0;0;5;5;5;12.8;0;12.4;0.5;1.79;Graduate;0.4834;Prioritas;0.0423;Aman;data uji
MHS1732;1;1;1;9130;1;1;136.0;1;19;19;90;8;133.9;1;0;0;0;1;0;20;0;0;5;7;4;13.0;0;0;5;11;3;12.0;2;10.8;1.4;1.74;Dropout;0.9435;Kritis;0.9504;Kritis;validasi silang
MHS1733;2;39;1;9119;1;1;120.0;1;37;38;9;10;145.4;0;0;1;1;1;0;40;0;0;5;11;3;10.666666666666666;0;0;5;5;2;12.5;0;16.2;0.3;-0.92;Dropout;0.8899;Kritis;0.9652;Kritis;validasi silang
MHS1734;2;39;1;8014;0;1;140.0;1;37;3;9;10;172.0;0;0;0;1;1;0;44;0;5;11;21;9;12.333333333333334;0;8;11;16;9;11.0;0;12.4;0.5;1.79;Enrolled;0.2009;Aman;0.3108;Aman;mahasiswa aktif
MHS1735;1;1;1;9147;1;1;118.0;1;1;1;9;9;111.0;0;0;0;0;1;0;21;0;0;5;7;2;11.0;0;0;5;9;3;11.428571428571429;0;10.8;1.4;1.74;Dropout;0.9273;Kritis;0.9758;Kritis;validasi silang
MHS1736;1;44;1;9070;1;39;120.0;1;2;19;3;8;120.0;0;0;0;1;1;0;21;0;2;7;10;6;13.428571428571429;0;5;9;9;8;13.125;0;16.2;0.3;-0.92;Graduate;0.4173;Prioritas;0.0916;Aman;validasi silang
MHS1737;1;1;6;9500;1;1;151.0;1;3;1;2;1;129.8;1;0;0;1;1;0;18;0;0;8;10;8;13.05375;2;0;8;10;8;13.05375;2;9.4;-0.8;-3.12;Graduate;0.2449;Prioritas;0.0599;Aman;data uji
MHS1738;1;1;5;9500;1;1;130.0;1;1;3;9;10;118.1;1;0;0;1;1;0;18;0;0;7;10;6;12.035714285714286;0;0;8;9;7;13.75;0;13.9;-0.3;0.79;Enrolled;0.223;Prioritas;0.1167;Aman;mahasiswa aktif
MHS1739;1;39;1;9003;1;1;140.0;1;3;1;5;9;130.0;0;0;0;1;1;0;27;0;0;6;6;6;14.166666666666666;0;0;6;7;6;13.833333333333334;0;11.1;0.6;2.02;Graduate;0.5627;Prioritas;0.0418;Aman;validasi silang
MHS1740;2;39;1;9070;1;19;133.1;1;37;37;9;10;126.3;0;0;0;0;1;0;38;0;0;6;6;0;0.0;0;0;6;8;0;0.0;0;10.8;1.4;1.74;Dropout;0.9278;Kritis;0.9801;Kritis;data uji
MHS1741;1;18;1;9130;1;1;146.0;1;3;3;5;2;137.8;0;0;0;1;1;0;18;0;0;6;11;5;13.6;0;0;6;13;3;12.666666666666666;0;13.9;-0.3;0.79;Dropout;0.5132;Prioritas;0.842;Kritis;validasi silang
MHS1742;1;17;4;9254;1;1;122.0;1;1;1;4;2;116.1;1;0;0;1;1;0;19;0;0;6;7;5;12.2;0;0;6;12;2;12.0;0;7.6;2.6;0.32;Enrolled;0.5959;Prioritas;0.9358;Kritis;mahasiswa aktif
MHS1743;1;1;1;9130;1;1;121.0;1;3;19;2;9;115.4;1;0;0;1;1;0;18;0;0;6;8;6;13.714285714285714;0;0;6;7;5;13.333333333333334;0;15.5;2.8;-4.06;Dropout;0.6061;Prioritas;0.0515;Aman;data uji
MHS1744;1;43;1;9773;1;1;127.0;1;1;1;9;6;110.0;0;0;1;0;1;0;19;0;0;6;10;3;11.666666666666666;0;0;6;11;2;10.0;0;16.2;0.3;-0.92;Dropout;0.9695;Kritis;0.9788;Kritis;validasi silang
MHS1745;1;39;1;9670;1;1;133.1;1;37;37;90;90;97.4;0;0;1;0;1;0;44;0;0;6;9;1;14.0;0;0;6;6;0;0.0;0;12.7;3.7;-1.7;Dropout;0.9972;Kritis;0.9797;Kritis;validasi silang
MHS1746;1;44;1;9085;1;39;130.0;1;1;1;4;4;130.0;1;1;0;1;1;0;26;0;2;6;20;4;12.5;0;1;6;16;3;10.0;0;15.5;2.8;-4.06;Dropout;0.626;Prioritas;0.9657;Kritis;validasi silang
MHS1747;1;43;1;9130;1;1;156.0;1;19;1;9;4;156.0;0;0;1;0;1;0;24;0;0;6;11;5;11.833333333333334;0;0;6;11;4;11.5;0;15.5;2.8;-4.06;Dropout;0.9902;Kritis;0.9677;Kritis;validasi silang
MHS1748;1;39;1;9003;1;1;130.0;1;19;1;9;6;126.1;1;0;0;0;1;0;27;0;0;6;6;0;0.0;0;0;6;8;0;0.0;0;15.5;2.8;-4.06;Dropout;0.9334;Kritis;0.9799;Kritis;validasi silang
MHS1749;1;39;1;9003;1;1;110.0;1;1;1;9;4;120.0;0;0;1;0;1;0;27;0;0;6;0;0;0.0;0;0;6;0;0;0.0;0;13.9;-0.3;0.79;Dropout;0.9828;Kritis;0.9799;Kritis;data uji
MHS1750;1;43;1;9070;1;1;108.0;1;38;38;7;7;105.2;1;0;0;1;1;0;25;0;11;17;18;13;11.538461538461538;0;10;15;15;10;12.4;0;12.7;3.7;-1.7;Dropout;0.3963;Prioritas;0.6142;Prioritas;validasi silang
MHS1751;1;44;1;9003;1;1;120.0;1;3;2;2;6;120.0;1;0;0;1;1;0;21;0;4;9;14;7;11.285714285714286;2;2;8;15;4;12.25;0;12.7;3.7;-1.7;Enrolled;0.389;Prioritas;0.8695;Kritis;mahasiswa aktif
MHS1752;1;1;1;171;1;1;150.0;1;38;19;9;9;137.8;1;0;0;1;1;1;19;0;0;0;0;0;0.0;0;0;0;0;0;0.0;0;13.9;-0.3;0.79;Graduate;0.1524;Aman;0.1546;Aman;data uji
MHS1753;1;17;2;9070;1;1;152.0;1;39;39;3;3;134.2;1;0;0;1;1;0;20;0;0;6;7;5;11.8;0;0;6;9;4;12.0;0;15.5;2.8;-4.06;Enrolled;0.5668;Prioritas;0.3208;Aman;mahasiswa aktif
MHS1754;1;44;1;9119;1;39;150.0;1;19;3;5;2;150.0;0;0;0;1;1;0;20;0;0;5;16;0;0.0;0;0;5;12;2;10.5;0;12.7;3.7;-1.7;Enrolled;0.7797;Kritis;0.9778;Kritis;mahasiswa aktif
MHS1755;1;17;5;9119;1;1;123.0;1;3;1;2;9;116.0;1;0;1;0;1;0;20;0;0;5;5;0;0.0;0;0;5;5;0;0.0;0;8.9;1.4;3.51;Dropout;0.9919;Kritis;0.9795;Kritis;validasi silang
MHS1756;1;1;1;9119;1;1;150.0;1;1;1;3;3;143.4;0;0;0;0;1;1;18;0;0;5;5;5;14.2;0;0;5;5;5;14.2;0;8.9;1.4;3.51;Enrolled;0.7999;Kritis;0.2233;Aman;mahasiswa aktif
MHS1757;1;17;1;171;1;1;145.0;1;4;4;3;3;143.6;0;0;1;1;1;0;19;0;5;12;12;10;12.7;0;4;11;16;10;12.272727272727272;0;8.9;1.4;3.51;Enrolled;0.6151;Prioritas;0.1822;Aman;mahasiswa aktif
MHS1758;1;44;1;9130;1;39;150.0;1;1;37;4;8;150.0;1;0;0;0;0;0;22;0;1;6;10;3;12.666666666666666;0;0;6;7;0;0.0;0;15.5;2.8;-4.06;Dropout;0.9505;Kritis;0.9794;Kritis;validasi silang
MHS1759;1;1;4;9670;1;1;125.0;1;4;19;2;5;118.0;1;0;0;1;0;0;19;0;0;6;7;6;14.428571428571429;0;0;6;8;6;15.0;2;16.2;0.3;-0.92;Graduate;0.2252;Prioritas;0.0478;Aman;validasi silang
MHS1760;1;1;4;9500;1;1;117.0;1;1;1;4;7;109.3;1;0;0;1;0;1;18;0;0;7;7;7;13.117142857142856;0;0;8;9;7;12.6;0;11.1;0.6;2.02;Graduate;0.0457;Aman;0.1355;Aman;validasi silang
MHS1761;1;1;2;9238;1;1;121.0;1;19;19;191;171;119.3;1;0;1;1;0;0;20;0;0;6;7;6;12.666666666666666;0;0;6;7;6;11.833333333333334;0;8.9;1.4;3.51;Graduate;0.1405;Aman;0.0576;Aman;validasi silang
MHS1762;1;17;1;171;1;1;140.0;41;1;1;5;7;146.3;1;0;0;1;0;1;18;1;0;0;0;0;0.0;0;0;0;0;0;0.0;0;12.7;3.7;-1.7;Dropout;0.0881;Aman;0.2123;Aman;validasi silang
MHS1763;1;39;1;9773;1;1;130.0;1;1;19;1;3;161.5;0;0;0;1;1;0;36;0;0;6;7;6;15.285714285714286;0;0;6;6;6;16.5;0;10.8;1.4;1.74;Graduate;0.5717;Prioritas;0.0598;Aman;validasi silang
MHS1764;1;15;1;9147;1;1;140.0;26;37;2;6;4;140.0;0;0;1;1;1;0;19;1;0;5;12;3;10.5;0;0;5;8;4;11.25;0;12.4;0.5;1.79;Graduate;0.5313;Prioritas;0.8393;Kritis;validasi silang
MHS1765;1;53;1;9147;1;42;140.0;1;1;1;6;6;142.2;0;0;0;1;1;1;21;0;6;11;11;11;12.636363636363637;0;3;9;11;9;12.6;0;8.9;1.4;3.51;Graduate;0.0935;Aman;0.0443;Aman;validasi silang
MHS1766;1;1;1;9147;1;1;140.0;1;19;38;9;9;129.2;1;0;0;1;0;0;26;0;0;5;6;0;0.0;0;0;5;0;0;0.0;0;15.5;2.8;-4.06;Dropout;0.2609;Prioritas;0.9797;Kritis;validasi silang
MHS1767;1;39;1;9003;1;1;140.0;41;1;1;9;9;100.0;0;0;1;0;0;0;29;1;3;9;9;3;14.333333333333334;0;1;7;8;1;14.0;0;15.5;2.8;-4.06;Dropout;0.9652;Kritis;0.9727;Kritis;data uji
MHS1768;1;44;1;9254;1;39;170.0;1;19;2;9;3;170.0;0;0;0;0;1;0;26;0;2;8;14;8;15.125;0;1;6;12;6;13.666666666666666;0;11.1;0.6;2.02;Enrolled;0.9628;Kritis;0.6555;Kritis;mahasiswa aktif
MHS1769;1;7;1;9500;1;3;140.0;1;3;19;2;6;140.0;0;0;0;1;1;0;27;0;0;7;0;0;0.0;0;0;8;0;0;0.0;0;12.4;0.5;1.79;Dropout;0.3615;Prioritas;0.9796;Kritis;validasi silang
MHS1770;1;51;1;9147;1;1;116.0;1;3;3;2;2;115.2;0;0;1;1;1;0;32;0;2;7;16;3;12.0;0;3;8;10;3;10.333333333333334;0;8.9;1.4;3.51;Enrolled;0.7663;Kritis;0.9773;Kritis;mahasiswa aktif
MHS1771;1;16;3;9853;1;1;134.0;1;37;19;9;5;121.4;1;0;0;1;0;1;23;0;0;6;10;4;14.25;1;0;6;8;5;12.0;0;7.6;2.6;0.32;Enrolled;0.181;Aman;0.2224;Aman;mahasiswa aktif
MHS1772;1;39;1;9147;1;1;133.1;41;38;38;9;8;134.8;0;0;0;1;0;0;24;1;0;5;12;2;10.5;0;0;5;9;4;10.0;2;16.2;0.3;-0.92;Enrolled;0.4201;Prioritas;0.8929;Kritis;mahasiswa aktif
MHS1773;1;1;2;9773;1;1;140.0;1;1;1;9;9;136.9;1;0;0;1;0;1;19;0;0;6;7;6;13.5;0;0;6;7;6;14.428571428571429;0;16.2;0.3;-0.92;Graduate;0.0746;Aman;0.087;Aman;validasi silang
MHS1774;1;42;1;9003;1;1;140.0;1;19;19;4;4;140.0;1;0;0;1;1;0;25;0;0;6;14;5;11.666666666666666;0;0;6;11;4;12.0;0;15.5;2.8;-4.06;Enrolled;0.4513;Prioritas;0.6715;Kritis;mahasiswa aktif
MHS1775;1;17;6;9254;1;1;108.0;1;1;19;4;5;112.2;1;0;0;1;1;0;19;0;0;6;13;5;10.8;0;0;6;12;3;10.0;0;9.4;-0.8;-3.12;Enrolled;0.622;Prioritas;0.9294;Kritis;mahasiswa aktif
MHS1776;1;1;3;9773;1;1;149.0;1;1;3;0;0;148.7;0;0;0;0;1;0;20;0;0;4;4;0;0.0;0;0;4;8;0;0.0;0;10.8;1.4;1.74;Dropout;0.925;Kritis;0.9779;Kritis;validasi silang
MHS1777;2;1;1;9254;1;1;140.0;1;19;38;4;7;133.0;0;0;0;1;1;0;33;0;3;9;11;9;12.8;0;2;7;9;7;11.428571428571429;0;12.7;3.7;-1.7;Graduate;0.3149;Prioritas;0.0782;Aman;validasi silang
MHS1778;2;39;1;9991;0;1;140.0;1;37;12;9;9;150.0;0;0;1;1;1;0;35;0;0;5;6;5;10.8;0;0;5;7;5;12.0;2;9.4;-0.8;-3.12;Dropout;0.7298;Kritis;0.1753;Aman;validasi silang
MHS1779;1;1;1;9147;1;1;133.1;1;37;38;7;7;98.0;1;0;0;1;1;0;23;0;0;5;8;4;11.4;0;0;5;7;4;11.0;0;11.1;0.6;2.02;Graduate;0.596;Prioritas;0.3375;Aman;validasi silang
MHS1780;1;1;1;9500;1;1;125.0;1;37;19;9;9;122.4;1;0;0;1;1;0;19;0;0;7;7;7;13.725714285714286;0;0;8;8;8;14.5;0;11.1;0.6;2.02;Graduate;0.187;Aman;0.0353;Aman;data uji
MHS1781;1;1;1;9670;1;1;133.1;1;1;37;9;10;139.0;0;0;0;1;1;0;21;0;0;6;6;5;12.8;0;0;6;9;5;12.25;0;10.8;1.4;1.74;Enrolled;0.2009;Aman;0.1003;Aman;mahasiswa aktif
MHS1782;1;1;5;9070;1;1;133.1;1;1;19;3;3;112.0;1;0;0;1;1;1;21;0;0;6;6;6;13.5;0;0;6;6;6;11.166666666666666;0;11.1;0.6;2.02;Graduate;0.0863;Aman;0.051;Aman;validasi silang
MHS1783;1;39;1;9500;1;1;130.0;1;37;37;3;7;143.8;0;0;0;1;1;0;27;0;0;8;8;7;15.57;0;0;8;8;7;15.57;0;10.8;1.4;1.74;Dropout;0.279;Prioritas;0.0327;Aman;validasi silang
MHS1784;1;17;3;9147;1;1;122.0;1;3;38;123;171;116.1;1;0;1;1;1;0;19;0;0;5;10;4;11.0;0;0;5;13;2;12.0;0;8.9;1.4;3.51;Enrolled;0.601;Prioritas;0.9575;Kritis;mahasiswa aktif
MHS1785;1;7;2;9500;1;3;140.0;1;37;38;9;9;138.0;0;0;0;1;1;0;28;0;0;7;7;7;14.114285714285714;0;0;8;9;8;15.91111111111111;0;16.2;0.3;-0.92;Dropout;0.4679;Prioritas;0.0374;Aman;data uji
MHS1786;1;43;1;9147;1;1;123.0;1;37;38;7;7;110.0;0;0;0;1;1;0;25;0;0;5;12;3;11.0;1;0;5;12;4;11.5;0;9.4;-0.8;-3.12;Enrolled;0.6239;Prioritas;0.8525;Kritis;mahasiswa aktif
MHS1787;2;39;1;9238;1;19;133.1;1;37;37;9;4;103.5;0;0;0;1;1;0;42;0;0;6;0;0;0.0;0;0;6;0;0;0.0;0;15.5;2.8;-4.06;Dropout;0.6578;Kritis;0.9801;Kritis;data uji
MHS1788;1;7;1;9991;0;3;140.0;1;37;37;9;9;140.0;0;0;0;1;1;0;27;0;0;5;6;4;13.5;0;0;5;6;4;13.75;0;7.6;2.6;0.32;Graduate;0.5595;Prioritas;0.3102;Aman;validasi silang
MHS1789;1;1;1;9070;1;1;116.0;1;3;3;0;1;108.7;1;0;0;1;1;0;23;0;0;6;9;4;11.25;1;0;6;10;0;0.0;4;7.6;2.6;0.32;Dropout;0.4027;Prioritas;0.978;Kritis;validasi silang
MHS1790;1;17;3;9254;1;1;118.0;1;19;1;4;4;115.9;1;0;0;1;1;1;18;0;0;6;7;6;12.142857142857142;0;0;6;8;6;11.333333333333334;0;8.9;1.4;3.51;Graduate;0.3218;Prioritas;0.0394;Aman;validasi silang
MHS1791;2;39;1;9500;1;1;140.0;1;37;37;9;4;127.3;0;0;0;1;1;0;26;0;0;8;8;7;13.075714285714286;0;0;8;8;7;13.075714285714286;0;10.8;1.4;1.74;Graduate;0.4077;Prioritas;0.0354;Aman;validasi silang
MHS1792;1;1;4;9147;1;1;146.0;1;3;1;3;10;138.7;0;0;0;1;1;0;18;0;0;5;0;0;0.0;0;0;5;0;0;0.0;0;8.9;1.4;3.51;Dropout;0.324;Prioritas;0.9787;Kritis;data uji
MHS1793;1;39;1;9991;0;1;150.0;1;3;5;2;2;135.8;0;0;1;1;1;0;29;0;1;5;9;3;11.0;0;0;5;11;2;13.5;0;12.7;3.7;-1.7;Dropout;0.9163;Kritis;0.9742;Kritis;validasi silang
MHS1794;1;17;1;9085;1;1;137.0;1;1;1;4;7;134.6;1;0;0;1;1;0;22;0;0;6;16;0;0.0;0;0;6;7;0;0.0;0;16.2;0.3;-0.92;Dropout;0.4615;Prioritas;0.9794;Kritis;validasi silang
MHS1795;1;43;1;9500;1;1;136.0;1;19;37;173;183;118.4;1;0;0;1;0;0;21;0;0;7;12;4;13.125;0;0;7;8;6;12.333333333333334;0;13.9;-0.3;0.79;Enrolled;0.1351;Aman;0.2828;Aman;mahasiswa aktif
MHS1796;1;1;3;9500;1;1;134.0;1;38;38;7;9;132.8;1;0;0;1;0;1;19;0;0;8;8;7;13.512857142857142;0;0;8;8;7;13.512857142857142;0;10.8;1.4;1.74;Graduate;0.0351;Aman;0.0277;Aman;validasi silang
MHS1797;1;1;1;9238;1;1;160.0;1;38;37;9;7;155.5;1;0;0;1;0;1;18;0;0;6;7;6;12.833333333333334;0;0;6;6;6;12.166666666666666;0;10.8;1.4;1.74;Graduate;0.0191;Aman;0.0353;Aman;validasi silang
MHS1798;1;1;3;9085;1;1;126.0;1;38;1;9;9;132.0;1;0;0;1;0;1;18;0;0;5;8;3;15.0;2;0;5;9;3;11.666666666666666;0;9.4;-0.8;-3.12;Dropout;0.0435;Aman;0.1973;Aman;validasi silang
MHS1799;1;39;1;9003;1;19;133.1;1;37;38;4;9;110.0;0;0;1;0;0;0;40;0;0;6;12;5;12.8;0;0;6;16;3;13.333333333333334;0;11.1;0.6;2.02;Dropout;0.9624;Kritis;0.9729;Kritis;validasi silang
MHS1800;1;17;3;9254;1;1;114.0;26;38;3;9;3;127.3;1;0;1;0;0;0;20;1;0;6;14;3;12.333333333333334;0;0;6;16;0;0.0;0;10.8;1.4;1.74;Dropout;0.893;Kritis;0.9752;Kritis;validasi silang
MHS1801;1;1;3;9500;1;1;139.0;1;3;1;4;1;126.0;1;0;0;1;1;0;18;0;0;8;15;5;12.288;1;0;8;15;5;12.288;1;10.8;1.4;1.74;Dropout;0.223;Prioritas;0.7543;Kritis;validasi silang
MHS1802;1;43;2;8014;0;3;130.0;1;34;34;0;0;130.0;0;0;0;1;1;0;31;0;8;12;21;12;12.333333333333334;0;6;10;13;7;13.285714285714286;2;7.6;2.6;0.32;Graduate;0.7325;Kritis;0.2514;Aman;validasi silang
MHS1803;1;1;2;9147;1;1;131.0;1;1;1;9;9;118.8;0;0;0;1;1;1;18;0;0;5;9;4;11.5;0;0;5;5;5;12.8;0;12.4;0.5;1.79;Graduate;0.2063;Aman;0.0673;Aman;validasi silang
MHS1804;1;43;2;9670;1;1;130.0;1;19;1;4;4;127.6;1;0;0;1;1;0;22;0;4;6;6;6;11.833333333333334;0;0;6;11;4;11.142857142857142;0;10.8;1.4;1.74;Dropout;0.4472;Prioritas;0.4674;Prioritas;data uji
MHS1805;1;51;1;9147;1;19;133.1;1;19;19;9;5;112.1;0;0;1;0;1;0;38;0;0;5;5;0;0.0;0;0;5;5;0;0.0;0;8.9;1.4;3.51;Dropout;0.9872;Kritis;0.9795;Kritis;validasi silang
MHS1806;1;43;1;9991;0;3;130.0;1;3;1;2;9;130.0;0;0;0;1;1;0;33;0;0;5;5;0;0.0;0;0;5;5;0;0.0;0;12.7;3.7;-1.7;Dropout;0.5841;Prioritas;0.9788;Kritis;validasi silang
MHS1807;1;1;3;9119;1;1;117.0;1;1;1;3;5;111.1;0;0;0;1;1;1;19;0;0;5;10;5;11.8;0;0;5;12;3;11.5;0;11.1;0.6;2.02;Enrolled;0.3359;Prioritas;0.6349;Prioritas;mahasiswa aktif
MHS1808;1;17;1;9670;1;1;127.0;1;3;3;1;1;121.4;0;0;0;1;1;0;18;0;0;6;0;0;0.0;0;0;6;0;0;0.0;0;15.5;2.8;-4.06;Dropout;0.4114;Prioritas;0.9799;Kritis;validasi silang
MHS1809;1;1;5;9119;1;1;131.0;1;1;19;4;7;126.8;0;0;0;0;1;1;18;0;0;5;6;5;12.2;0;0;5;8;4;12.0;0;8.9;1.4;3.51;Enrolled;0.8583;Kritis;0.5062;Prioritas;mahasiswa aktif
MHS1810;1;51;1;9991;0;1;134.0;1;1;1;5;3;120.6;1;0;0;1;1;0;27;0;2;6;6;6;12.333333333333334;0;0;5;5;5;13.0;0;11.1;0.6;2.02;Graduate;0.6226;Prioritas;0.0701;Aman;validasi silang
MHS1811;1;39;1;9254;1;1;130.0;1;37;37;9;9;126.5;0;0;0;1;1;0;26;0;0;6;7;6;12.428571428571429;0;0;6;6;6;12.833333333333334;0;7.6;2.6;0.32;Graduate;0.6417;Prioritas;0.0302;Aman;validasi silang
MHS1812;1;1;6;9500;1;1;127.0;1;1;19;3;3;120.2;1;0;0;1;0;1;19;0;0;7;7;7;12.765714285714289;0;0;8;9;8;13.544444444444444;0;12.4;0.5;1.79;Graduate;0.0383;Aman;0.0532;Aman;validasi silang
MHS1813;2;51;1;9500;1;1;130.0;1;37;37;5;5;120.0;0;0;0;1;1;0;44;0;0;7;11;5;12.1;0;0;7;10;5;12.6;0;11.1;0.6;2.02;Dropout;0.2511;Prioritas;0.7124;Kritis;validasi silang
MHS1814;1;1;2;9147;1;1;142.0;1;37;38;9;9;137.5;1;0;0;1;1;0;19;0;0;5;10;5;12.0;0;0;5;9;5;11.5;0;13.9;-0.3;0.79;Graduate;0.4793;Prioritas;0.0644;Aman;validasi silang
MHS1815;1;18;1;9070;1;1;117.0;1;1;37;4;7;127.9;1;0;0;1;1;0;20;0;0;6;6;0;0.0;0;0;6;6;0;0.0;0;9.4;-0.8;-3.12;Dropout;0.3422;Prioritas;0.9794;Kritis;validasi silang
MHS1816;1;39;1;9003;1;19;133.1;1;19;37;1;1;140.0;0;0;1;1;1;0;24;0;0;6;10;6;14.88888888888889;0;0;6;11;6;13.727272727272728;0;16.2;0.3;-0.92;Enrolled;0.7595;Kritis;0.1065;Aman;mahasiswa aktif
MHS1817;4;43;1;9991;0;1;164.0;1;37;37;6;6;131.8;0;0;0;1;0;0;31;0;7;14;19;13;11.357142857142858;0;9;14;14;13;12.0;1;9.4;-0.8;-3.12;Graduate;0.2963;Prioritas;0.2172;Aman;validasi silang
MHS1818;1;43;1;9070;1;1;130.0;1;37;37;9;9;129.0;1;0;0;1;0;0;25;0;0;6;6;6;13.5;0;0;6;6;6;12.5;0;9.4;-0.8;-3.12;Graduate;0.2797;Prioritas;0.0307;Aman;validasi silang
MHS1819;1;17;4;9773;1;1;127.0;1;2;37;9;9;115.8;1;0;1;0;0;0;19;0;0;6;6;0;0.0;0;0;6;0;0;0.0;0;8.9;1.4;3.51;Dropout;0.9103;Kritis;0.9788;Kritis;validasi silang
MHS1820;1;17;3;9500;1;1;140.0;1;3;2;3;3;126.4;1;0;0;1;0;0;18;0;0;7;7;7;13.884285714285712;0;0;8;9;8;14.75;0;11.1;0.6;2.02;Dropout;0.2243;Prioritas;0.0734;Aman;validasi silang
MHS1821;1;43;1;9085;1;1;130.0;1;19;38;4;9;130.0;1;0;0;0;0;0;19;0;0;6;12;5;13.0;0;0;6;12;3;11.666666666666666;0;13.9;-0.3;0.79;Enrolled;0.8203;Kritis;0.9681;Kritis;mahasiswa aktif
MHS1822;1;1;3;9500;1;1;122.0;1;3;1;4;3;114.8;1;0;0;1;0;1;19;0;0;7;11;4;12.65;0;0;7;9;5;11.1;0;12.4;0.5;1.79;Enrolled;0.045;Aman;0.3558;Aman;mahasiswa aktif
MHS1823;1;17;1;9147;1;1;162.0;1;1;38;4;5;138.6;1;0;0;1;0;0;19;0;0;5;10;1;11.0;0;0;5;13;0;0.0;0;12.7;3.7;-1.7;Enrolled;0.3737;Prioritas;0.9801;Kritis;mahasiswa aktif
MHS1824;1;39;1;9670;1;1;133.1;1;1;1;4;4;112.9;0;0;0;1;0;0;24;0;0;6;12;2;11.666666666666666;0;0;6;20;2;10.5;6;16.2;0.3;-0.92;Dropout;0.5972;Prioritas;0.9722;Kritis;validasi silang
MHS1825;1;1;1;9238;1;1;120.0;1;3;3;3;3;111.6;0;0;0;1;0;0;20;0;0;6;6;6;14.5;0;0;6;6;6;12.666666666666666;0;12.4;0.5;1.79;Graduate;0.1012;Aman;0.0378;Aman;validasi silang
MHS1826;1;17;1;9254;1;1;160.0;1;19;37;5;3;152.0;0;0;0;1;0;0;18;0;0;6;7;6;14.714285714285714;0;0;6;7;6;14.166666666666666;0;12.7;3.7;-1.7;Graduate;0.432;Prioritas;0.0354;Aman;validasi silang
MHS1827;1;1;1;9238;1;1;141.0;1;38;1;5;7;132.6;0;0;0;1;0;1;18;0;0;6;7;6;13.285714285714286;0;0;6;6;6;14.333333333333334;0;12.4;0.5;1.79;Graduate;0.0401;Aman;0.0309;Aman;validasi silang
MHS1828;1;17;1;9085;1;1;125.0;1;1;38;4;9;118.4;1;0;0;1;0;0;21;0;0;5;13;3;11.333333333333334;2;0;5;12;2;10.5;1;9.4;-0.8;-3.12;Enrolled;0.2597;Prioritas;0.9553;Kritis;mahasiswa aktif
MHS1829;1;7;1;9500;1;3;120.0;1;37;37;4;5;120.0;0;0;1;0;0;0;28;0;0;7;7;0;0.0;7;0;7;7;0;0.0;7;13.9;-0.3;0.79;Dropout;0.9548;Kritis;0.979;Kritis;validasi silang
MHS1830;1;1;1;9147;1;1;128.0;1;38;37;5;6;122.1;0;0;0;1;0;1;18;0;0;5;11;4;11.571428571428571;0;0;5;9;5;12.0;0;13.9;-0.3;0.79;Enrolled;0.0875;Aman;0.0388;Aman;mahasiswa aktif
MHS1831;1;1;1;9853;1;1;162.0;1;37;19;9;8;142.8;0;0;1;1;0;0;18;0;0;6;10;5;13.0;0;0;6;10;4;11.5;0;12.7;3.7;-1.7;Dropout;0.6674;Kritis;0.7873;Kritis;data uji
MHS1832;1;1;1;9238;1;1;130.0;1;1;1;4;4;124.8;0;0;0;1;0;1;18;0;0;6;9;6;11.5;0;0;6;11;5;14.0;0;11.1;0.6;2.02;Graduate;0.0433;Aman;0.0413;Aman;validasi silang
MHS1833;1;17;2;9147;1;1;134.0;1;37;19;9;8;126.3;1;0;0;1;0;1;18;0;0;5;8;5;11.8;0;0;5;10;5;11.6;3;16.2;0.3;-0.92;Graduate;0.1897;Aman;0.0394;Aman;data uji
MHS1834;1;1;1;9147;1;1;133.1;1;19;19;9;9;119.0;1;0;0;0;0;1;19;0;0;5;7;3;10.666666666666666;0;0;5;10;3;12.285714285714286;0;10.8;1.4;1.74;Dropout;0.6003;Prioritas;0.8444;Kritis;validasi silang
MHS1835;1;17;1;9500;1;1;137.0;1;19;38;3;9;124.9;0;0;0;1;0;1;19;0;0;7;11;6;13.8875;0;0;8;9;8;14.864444444444445;0;15.5;2.8;-4.06;Graduate;0.053;Aman;0.034;Aman;validasi silang
MHS1836;1;1;1;9238;1;1;133.1;1;38;38;191;192;118.0;0;0;1;1;0;1;20;0;0;6;7;5;11.4;0;0;6;9;6;11.5;0;8.9;1.4;3.51;Graduate;0.032;Aman;0.0706;Aman;validasi silang
MHS1837;2;43;1;8014;0;1;110.0;1;37;19;9;3;100.0;0;0;0;1;0;0;34;0;9;11;17;9;12.333333333333334;0;3;7;12;7;12.142857142857142;0;9.4;-0.8;-3.12;Graduate;0.1726;Aman;0.1085;Aman;validasi silang
MHS1838;2;39;1;9500;1;1;133.1;1;37;37;9;9;109.0;1;0;0;1;0;0;39;0;0;7;8;5;12.16;0;0;7;8;5;12.16;0;7.6;2.6;0.32;Enrolled;0.2568;Prioritas;0.6742;Kritis;mahasiswa aktif
MHS1839;1;17;3;9500;1;1;133.0;1;3;19;2;5;130.8;1;0;0;1;0;0;19;0;0;8;8;8;13.427499999999998;0;0;8;8;8;13.427499999999998;0;9.4;-0.8;-3.12;Graduate;0.1655;Aman;0.0347;Aman;data uji
MHS1840;1;39;1;9070;1;1;130.0;1;1;19;4;4;110.0;1;0;0;1;0;0;24;0;0;6;6;6;15.166666666666666;0;0;6;6;2;15.5;0;15.5;2.8;-4.06;Graduate;0.5463;Prioritas;0.6139;Prioritas;validasi silang
MHS1841;1;10;1;9773;1;1;151.0;22;38;37;0;5;151.0;1;0;0;1;0;0;18;1;0;6;12;0;0.0;1;0;6;0;0;0.0;0;9.4;-0.8;-3.12;Dropout;0.232;Prioritas;0.9782;Kritis;validasi silang
MHS1842;1;17;1;9130;1;1;125.0;1;19;19;3;10;131.0;1;0;0;1;1;0;19;0;0;5;11;2;10.5;2;0;5;9;0;0.0;3;10.8;1.4;1.74;Dropout;0.4997;Prioritas;0.9795;Kritis;data uji
MHS1843;1;1;1;9147;1;1;158.0;1;1;38;3;6;155.2;0;0;0;1;1;1;18;0;0;5;5;5;11.8;0;0;5;8;3;11.0;0;9.4;-0.8;-3.12;Graduate;0.0648;Aman;0.3283;Aman;data uji
MHS1844;1;1;2;9147;1;1;128.0;1;3;1;3;3;121.0;1;1;1;1;1;0;20;0;0;5;6;5;13.2;0;0;5;10;5;11.4;3;16.2;0.3;-0.92;Enrolled;0.7685;Kritis;0.329;Aman;mahasiswa aktif
MHS1845;1;1;6;9500;1;1;133.0;1;1;1;9;9;119.7;1;1;1;1;1;0;19;0;2;7;8;7;13.075;0;1;8;11;8;12.36111111111111;0;12.4;0.5;1.79;Graduate;0.5533;Prioritas;0.1352;Aman;validasi silang
MHS1846;1;1;1;9130;1;1;138.0;1;3;19;2;4;131.0;1;0;0;1;1;0;19;0;0;6;8;4;11.6;0;0;6;14;2;13.0;0;11.1;0.6;2.02;Dropout;0.5294;Prioritas;0.9756;Kritis;validasi silang
MHS1847;1;17;1;9003;1;1;126.0;1;37;3;5;2;116.9;0;0;0;1;1;0;19;0;0;6;10;6;13.666666666666666;0;0;6;10;4;12.25;0;13.9;-0.3;0.79;Dropout;0.4474;Prioritas;0.1217;Aman;validasi silang
MHS1848;2;39;1;9991;0;1;140.0;1;36;14;9;10;130.0;1;0;0;1;1;0;41;0;0;5;9;4;10.75;0;0;5;7;2;10.0;0;9.4;-0.8;-3.12;Dropout;0.7627;Kritis;0.9683;Kritis;data uji
MHS1849;1;1;2;9500;1;1;143.0;1;5;5;2;2;137.8;0;0;0;1;1;0;19;0;0;7;10;6;13.492857142857144;0;0;8;9;8;12.68888888888889;0;12.4;0.5;1.79;Graduate;0.3085;Prioritas;0.0503;Aman;data uji
MHS1850;1;43;3;9254;1;1;135.0;1;3;3;2;2;122.1;0;0;0;1;1;0;19;0;0;6;14;3;12.5;0;0;6;9;4;11.0;0;12.7;3.7;-1.7;Enrolled;0.5606;Prioritas;0.9358;Kritis;mahasiswa aktif
MHS1851;1;7;1;9500;1;3;120.0;1;1;1;7;10;120.0;1;0;0;0;1;0;23;0;0;7;0;0;0.0;0;0;8;0;0;0.0;0;12.7;3.7;-1.7;Dropout;0.9573;Kritis;0.9793;Kritis;validasi silang
MHS1852;1;1;1;9119;1;1;148.0;1;19;38;9;7;133.0;0;0;0;1;1;0;18;0;0;5;12;5;13.285714285714286;0;0;5;16;5;14.8;0;12.4;0.5;1.79;Dropout;0.6038;Prioritas;0.085;Aman;data uji
MHS1853;1;1;1;9147;1;1;126.0;1;3;19;3;3;115.2;0;0;0;1;1;0;19;0;0;5;6;5;12.6;0;0;5;13;5;11.8;5;16.2;0.3;-0.92;Graduate;0.4961;Prioritas;0.0413;Aman;validasi silang
MHS1854;1;44;1;9003;1;39;160.0;1;3;3;2;10;160.0;1;0;0;1;1;0;20;0;0;6;7;6;14.0;0;0;6;7;6;14.666666666666666;0;12.4;0.5;1.79;Graduate;0.2648;Prioritas;0.0435;Aman;data uji
MHS1855;1;39;1;9085;1;1;140.0;1;37;37;90;90;106.3;0;0;1;0;1;0;35;0;0;5;7;2;11.5;0;0;5;8;2;10.5;0;7.6;2.6;0.32;Dropout;0.994;Kritis;0.9787;Kritis;validasi silang
MHS1856;4;39;2;9670;1;19;133.1;1;19;1;90;90;103.0;0;0;0;0;1;0;34;0;0;6;6;0;0.0;0;0;6;9;0;0.0;0;10.8;1.4;1.74;Dropout;0.9924;Kritis;0.9795;Kritis;validasi silang
MHS1857;1;1;1;9070;1;1;136.0;1;3;3;9;9;136.0;1;0;1;0;0;1;19;0;0;6;6;6;11.833333333333334;0;0;6;8;6;12.875;0;10.8;1.4;1.74;Graduate;0.5932;Prioritas;0.3969;Aman;validasi silang
MHS1858;1;15;1;9238;1;1;150.0;26;19;1;9;9;146.5;1;0;1;0;1;0;22;1;0;6;10;5;11.5;0;0;6;8;5;12.4;0;13.9;-0.3;0.79;Graduate;0.8625;Kritis;0.9204;Kritis;validasi silang
MHS1859;1;17;3;9070;1;1;130.0;1;1;4;4;2;131.4;0;0;0;1;1;0;20;0;0;6;6;6;14.166666666666666;0;0;6;8;6;12.333333333333334;0;11.1;0.6;2.02;Graduate;0.3152;Prioritas;0.039;Aman;validasi silang
MHS1860;2;42;1;9991;0;1;130.0;1;3;2;2;2;130.0;0;0;0;1;1;0;27;0;2;2;2;2;12.5;0;0;5;6;2;12.5;0;12.7;3.7;-1.7;Enrolled;0.6391;Prioritas;0.9333;Kritis;mahasiswa aktif
MHS1861;2;39;1;9119;1;1;110.0;1;19;19;0;5;137.0;0;0;1;1;1;0;30;0;0;5;5;0;0.0;0;0;5;5;0;0.0;0;7.6;2.6;0.32;Dropout;0.9362;Kritis;0.9794;Kritis;validasi silang
MHS1862;1;39;1;9119;1;1;110.0;1;1;1;4;4;125.9;0;0;0;1;1;0;34;0;0;5;7;0;0.0;0;0;5;8;1;11.0;0;10.8;1.4;1.74;Enrolled;0.8786;Kritis;0.9791;Kritis;mahasiswa aktif
MHS1863;1;1;1;9254;1;1;121.0;1;1;1;5;4;111.9;1;0;0;0;1;0;20;0;0;6;14;2;10.5;0;0;6;16;0;0.0;0;10.8;1.4;1.74;Dropout;0.9582;Kritis;0.9801;Kritis;data uji
MHS1864;1;17;1;9070;1;1;127.0;1;37;38;9;5;131.2;1;0;0;1;1;0;18;0;0;6;6;6;11.833333333333334;0;0;6;6;6;13.166666666666666;0;7.6;2.6;0.32;Graduate;0.2638;Prioritas;0.0402;Aman;validasi silang
MHS1865;1;1;1;9130;1;1;140.0;1;9;19;4;4;131.2;0;0;0;1;1;1;26;0;0;5;9;0;0.0;0;0;5;6;0;0.0;0;7.6;2.6;0.32;Dropout;0.2879;Prioritas;0.9777;Kritis;validasi silang
MHS1866;1;39;1;9991;0;1;130.0;1;1;1;3;7;140.0;0;0;0;1;1;0;26;0;0;5;5;5;12.4;0;0;5;5;5;12.4;0;15.5;2.8;-4.06;Graduate;0.662;Kritis;0.0617;Aman;validasi silang
MHS1867;1;39;2;9147;1;1;130.0;1;19;19;5;9;121.5;0;0;0;0;1;0;26;0;0;5;5;2;10.5;0;0;5;9;0;0.0;0;10.8;1.4;1.74;Dropout;0.9827;Kritis;0.9799;Kritis;validasi silang
MHS1868;1;39;1;9991;0;1;100.0;1;37;37;9;6;153.5;0;0;1;0;1;0;31;0;0;5;9;0;0.0;0;0;5;6;0;0.0;0;12.4;0.5;1.79;Dropout;0.9706;Kritis;0.9795;Kritis;validasi silang
MHS1869;1;1;3;171;1;1;139.0;1;37;19;9;8;142.2;1;0;0;1;1;1;20;0;6;12;12;12;14.583333333333334;0;4;11;14;11;14.333333333333334;0;8.9;1.4;3.51;Graduate;0.1123;Aman;0.0346;Aman;validasi silang
MHS1870;1;1;1;9773;1;1;150.0;1;19;11;0;0;131.1;1;0;0;1;1;0;19;0;0;6;6;6;11.666666666666666;0;0;6;10;3;12.666666666666666;0;7.6;2.6;0.32;Graduate;0.6215;Prioritas;0.4654;Prioritas;validasi silang
MHS1871;1;17;1;9670;1;1;133.1;1;34;3;7;2;130.6;1;0;1;0;1;0;23;0;0;5;5;0;0.0;0;0;5;5;0;0.0;0;7.6;2.6;0.32;Dropout;0.9825;Kritis;0.9799;Kritis;validasi silang
MHS1872;1;1;6;9500;1;1;119.0;1;1;1;4;4;115.0;1;0;0;1;1;1;20;0;0;7;14;1;13.0;0;0;7;15;0;0.0;0;11.1;0.6;2.02;Dropout;0.0807;Aman;0.9754;Kritis;validasi silang
MHS1873;1;51;1;9500;1;1;170.0;1;1;1;4;10;125.0;0;0;0;1;1;0;20;0;0;7;7;7;15.66;0;7;10;11;9;15.011111111111113;0;11.1;0.6;2.02;Graduate;0.3524;Prioritas;0.0778;Aman;validasi silang
MHS1874;1;39;1;8014;0;1;133.1;1;34;34;0;0;97.5;1;0;0;1;1;0;29;0;0;6;10;0;0.0;1;0;5;10;0;0.0;0;7.6;2.6;0.32;Dropout;0.8372;Kritis;0.9793;Kritis;validasi silang
MHS1875;1;1;4;9773;1;1;133.0;1;19;19;7;7;134.4;1;0;0;1;1;1;20;0;0;6;6;6;12.166666666666666;0;0;6;8;4;12.75;0;9.4;-0.8;-3.12;Graduate;0.1392;Aman;0.1404;Aman;validasi silang
MHS1876;1;1;1;9500;1;1;125.0;1;37;37;9;9;118.8;0;0;0;1;1;0;24;0;0;7;7;6;13.3;0;0;7;7;6;13.3;0;7.6;2.6;0.32;Graduate;0.1967;Aman;0.0356;Aman;validasi silang
MHS1877;1;39;1;9556;1;19;133.1;1;42;1;3;7;110.5;0;0;0;1;1;0;37;0;0;7;15;0;0.0;0;0;7;13;0;0.0;1;11.1;0.6;2.02;Dropout;0.8636;Kritis;0.9788;Kritis;validasi silang
MHS1878;1;1;5;9500;1;1;143.0;1;37;19;4;4;123.3;1;0;0;1;1;0;18;0;0;7;0;0;0.0;0;0;8;0;0;0.0;0;7.6;2.6;0.32;Dropout;0.2434;Prioritas;0.9796;Kritis;data uji
MHS1879;1;1;2;171;1;1;127.0;1;2;19;5;5;139.6;1;0;1;0;1;1;18;0;0;0;0;0;0.0;0;0;0;0;0;0.0;0;13.9;-0.3;0.79;Dropout;0.864;Kritis;0.6498;Prioritas;validasi silang
MHS1880;1;17;1;9500;1;1;157.0;1;19;3;4;9;138.8;0;0;0;1;1;0;18;0;0;8;8;7;13.55714285714286;0;0;8;8;7;13.55714285714286;0;12.7;3.7;-1.7;Graduate;0.2768;Prioritas;0.0321;Aman;validasi silang
MHS1881;2;44;1;9119;1;39;160.0;1;37;37;9;9;160.0;0;0;1;1;1;0;41;0;3;7;15;5;14.333333333333334;0;1;6;16;6;14.636363636363637;0;12.4;0.5;1.79;Enrolled;0.8588;Kritis;0.404;Prioritas;mahasiswa aktif
MHS1882;1;39;1;9003;1;1;140.0;1;37;37;9;4;140.0;0;0;0;1;1;0;35;0;0;6;16;4;12.0;0;0;6;11;3;10.333333333333334;0;13.9;-0.3;0.79;Dropout;0.5451;Prioritas;0.9719;Kritis;data uji
MHS1883;1;17;1;9254;1;1;128.0;1;19;38;9;9;118.2;0;0;0;1;0;0;19;0;0;5;5;0;0.0;0;0;6;0;0;0.0;0;8.9;1.4;3.51;Dropout;0.3328;Prioritas;0.98;Kritis;data uji
MHS1884;1;1;1;171;1;1;145.0;1;1;19;10;5;150.6;1;0;0;1;1;0;18;0;0;0;0;0;0.0;0;0;0;0;0;0.0;0;10.8;1.4;1.74;Graduate;0.4095;Prioritas;0.3657;Aman;validasi silang
MHS1885;2;39;1;9500;1;1;133.1;1;37;37;191;172;115.2;0;0;0;1;0;0;48;0;0;7;11;4;11.75;0;0;7;14;3;11.725;0;11.1;0.6;2.02;Enrolled;0.2373;Prioritas;0.9743;Kritis;mahasiswa aktif
MHS1886;1;1;1;9500;1;1;132.0;1;19;2;9;3;126.0;1;0;0;1;0;0;19;0;0;7;7;6;12.183333333333332;0;0;7;7;6;12.183333333333332;0;7.6;2.6;0.32;Graduate;0.1507;Aman;0.0329;Aman;data uji
MHS1887;1;44;1;9003;1;39;160.0;1;37;37;9;7;160.0;1;0;0;0;1;0;30;0;4;9;18;6;11.833333333333334;0;1;8;21;4;11.0;0;15.5;2.8;-4.06;Dropout;0.9026;Kritis;0.9638;Kritis;validasi silang
MHS1888;2;43;1;9773;1;1;160.0;1;37;37;5;0;160.0;0;0;1;0;1;0;51;0;0;4;4;0;0.0;0;0;4;4;0;0.0;0;12.7;3.7;-1.7;Dropout;0.9615;Kritis;0.9782;Kritis;validasi silang
MHS1889;1;10;1;9085;1;1;184.4;22;2;19;2;8;184.4;0;0;0;1;0;0;18;1;0;6;8;6;15.0;0;0;6;10;5;14.333333333333334;0;11.1;0.6;2.02;Graduate;0.07;Aman;0.0766;Aman;validasi silang
MHS1890;1;1;1;171;1;1;149.0;1;1;1;9;3;156.0;1;0;0;1;0;0;18;0;0;0;0;0;0.0;0;0;0;0;0;0.0;0;10.8;1.4;1.74;Graduate;0.217;Aman;0.3701;Aman;validasi silang
MHS1891;1;1;1;171;1;1;146.0;1;40;43;4;4;150.2;1;0;0;1;0;0;18;0;0;0;0;0;0.0;0;0;0;0;0;0.0;0;11.1;0.6;2.02;Graduate;0.486;Prioritas;0.386;Aman;validasi silang
MHS1892;1;1;5;9500;1;1;139.0;1;38;37;7;7;126.3;1;0;0;1;0;1;18;0;0;8;8;8;13.435;0;0;8;8;8;13.435;0;9.4;-0.8;-3.12;Graduate;0.0449;Aman;0.0263;Aman;validasi silang
MHS1893;1;1;1;9130;1;1;152.0;1;2;22;4;3;146.1;1;0;0;1;0;0;18;0;0;5;8;4;13.5;2;0;5;9;0;0.0;3;10.8;1.4;1.74;Dropout;0.2312;Prioritas;0.9757;Kritis;validasi silang
MHS1894;1;1;1;171;1;1;147.0;1;2;3;4;8;145.3;1;0;0;1;0;0;18;0;0;0;0;0;0.0;0;0;0;0;0;0.0;0;12.4;0.5;1.79;Enrolled;0.1877;Aman;0.213;Aman;mahasiswa aktif
MHS1895;1;18;1;171;1;1;121.0;1;1;1;4;3;116.8;1;0;0;1;0;0;23;0;15;17;18;17;11.5;0;16;17;17;17;12.176470588235292;0;12.4;0.5;1.79;Graduate;0.5741;Prioritas;0.0524;Aman;validasi silang
MHS1896;1;1;1;9070;1;1;124.0;1;19;19;7;9;132.1;1;0;0;1;0;0;19;0;0;6;10;2;10.5;0;0;6;6;3;11.0;0;7.6;2.6;0.32;Enrolled;0.1392;Aman;0.9681;Kritis;mahasiswa aktif
MHS1897;1;1;1;9085;1;1;105.0;1;19;37;8;8;102.6;0;1;0;1;0;0;21;0;0;6;13;4;12.0;0;0;6;17;2;11.5;0;11.1;0.6;2.02;Enrolled;0.4275;Prioritas;0.9719;Kritis;mahasiswa aktif
MHS1898;1;1;1;9773;1;1;121.0;1;3;3;2;2;112.3;1;0;1;0;0;0;18;0;0;6;7;5;12.2;0;0;6;11;4;11.5;0;11.1;0.6;2.02;Dropout;0.9266;Kritis;0.9666;Kritis;validasi silang
MHS1899;1;1;1;171;1;1;143.0;1;12;12;4;1;155.3;1;1;0;1;0;0;18;0;0;0;0;0;0.0;0;0;0;0;0;0.0;0;11.1;0.6;2.02;Graduate;0.2517;Prioritas;0.1188;Aman;validasi silang
MHS1900;1;53;1;9085;1;42;150.0;1;3;1;2;8;153.8;1;0;0;1;0;0;21;0;7;11;15;10;14.5;0;4;9;15;8;14.0;0;8.9;1.4;3.51;Graduate;0.169;Aman;0.0665;Aman;validasi silang
MHS1901;1;43;1;9773;1;1;126.0;1;1;37;3;0;110.0;0;0;1;1;0;0;20;0;0;6;7;6;13.333333333333334;0;0;6;8;6;12.666666666666666;0;12.4;0.5;1.79;Graduate;0.5314;Prioritas;0.0747;Aman;validasi silang
MHS1902;1;42;1;9085;1;1;133.1;1;1;9;4;4;128.2;0;0;0;1;0;0;24;0;5;11;29;9;12.0;6;4;10;21;9;12.555555555555555;0;9.4;-0.8;-3.12;Graduate;0.4386;Prioritas;0.2526;Aman;data uji
MHS1903;1;1;1;9130;1;1;127.0;1;1;1;4;4;120.4;1;0;0;1;0;0;18;0;0;6;9;6;15.125;0;0;6;9;6;14.0;0;13.9;-0.3;0.79;Graduate;0.4671;Prioritas;0.0429;Aman;validasi silang
MHS1904;1;17;1;9500;1;1;160.0;1;19;1;4;10;153.0;1;0;0;1;0;0;18;0;0;7;7;6;13.116666666666667;0;0;7;7;6;13.116666666666667;0;7.6;2.6;0.32;Graduate;0.1258;Aman;0.0439;Aman;validasi silang
MHS1905;1;1;1;9773;1;1;121.0;1;19;1;7;9;117.9;1;0;0;1;0;0;19;0;0;6;7;6;12.833333333333334;0;0;6;7;6;11.666666666666666;0;11.1;0.6;2.02;Graduate;0.3683;Prioritas;0.0781;Aman;validasi silang
MHS1906;1;44;1;9238;1;39;150.0;1;1;37;4;8;145.6;1;0;0;1;0;1;20;0;3;6;6;6;13.333333333333334;0;2;6;6;6;14.166666666666666;0;13.9;-0.3;0.79;Graduate;0.0649;Aman;0.0358;Aman;data uji
MHS1907;1;1;6;9500;1;1;117.0;1;4;12;5;9;119.8;1;0;0;1;0;0;18;0;0;7;7;7;13.877142857142855;0;0;8;8;8;15.6625;0;12.4;0.5;1.79;Graduate;0.1243;Aman;0.0494;Aman;validasi silang
MHS1908;1;1;6;9500;1;1;141.0;1;19;1;9;10;126.8;1;0;0;1;0;0;18;0;0;8;8;7;12.944285714285714;0;0;8;8;7;12.944285714285714;0;10.8;1.4;1.74;Graduate;0.131;Aman;0.033;Aman;data uji
MHS1909;1;17;1;9853;1;1;112.0;1;2;19;3;9;106.1;1;0;0;1;0;0;19;0;0;6;8;5;12.333333333333334;0;0;6;8;5;11.0;0;15.5;2.8;-4.06;Enrolled;0.577;Prioritas;0.2313;Aman;mahasiswa aktif
MHS1910;1;1;1;9500;1;1;148.0;1;3;3;2;2;137.3;1;0;0;1;0;0;19;0;0;7;7;6;14.266666666666666;0;0;7;7;6;14.266666666666666;0;7.6;2.6;0.32;Graduate;0.0795;Aman;0.0293;Aman;validasi silang
MHS1911;1;1;2;9670;1;1;120.0;1;3;19;4;5;115.5;1;0;0;1;0;0;18;0;0;6;8;5;13.0;0;0;6;8;5;14.0;0;13.9;-0.3;0.79;Graduate;0.2183;Aman;0.0601;Aman;validasi silang
MHS1912;1;1;2;9500;1;1;132.0;1;37;37;5;7;127.5;1;0;0;1;0;0;20;0;0;8;8;8;12.48375;0;0;8;8;8;12.48375;0;9.4;-0.8;-3.12;Graduate;0.139;Aman;0.0318;Aman;data uji
MHS1913;1;1;2;9556;1;1;125.0;1;38;1;9;3;116.3;1;0;0;1;0;0;18;0;0;7;8;7;13.428571428571429;0;0;8;8;8;15.3125;0;16.2;0.3;-0.92;Graduate;0.3725;Prioritas;0.052;Aman;validasi silang
MHS1914;2;17;3;8014;0;1;123.0;1;19;37;3;3;113.2;0;0;1;0;0;0;18;0;0;6;9;3;10.666666666666666;0;0;6;12;0;0.0;0;7.6;2.6;0.32;Dropout;0.8116;Kritis;0.9784;Kritis;validasi silang
MHS1915;1;1;1;9853;1;1;142.0;1;12;12;9;4;132.6;1;0;0;1;0;0;18;0;0;6;8;5;15.4;0;0;6;7;5;12.2;0;7.6;2.6;0.32;Graduate;0.5619;Prioritas;0.2861;Aman;validasi silang
MHS1916;1;1;4;9500;1;1;148.0;1;1;37;4;8;132.0;1;0;0;1;0;0;18;0;0;7;7;6;13.45;0;0;7;7;6;13.45;0;7.6;2.6;0.32;Graduate;0.0958;Aman;0.0341;Aman;validasi silang
MHS1917;1;17;5;9500;1;1;136.0;1;19;38;5;8;130.3;1;0;0;1;0;1;18;0;0;7;7;6;12.6;0;0;7;7;6;12.6;0;7.6;2.6;0.32;Graduate;0.0529;Aman;0.0278;Aman;validasi silang
MHS1918;1;1;4;9500;1;1;123.0;1;19;38;9;10;116.7;1;0;0;1;0;0;20;0;0;7;7;7;12.485714285714286;0;0;8;12;8;12.9375;0;16.2;0.3;-0.92;Graduate;0.1444;Aman;0.0599;Aman;validasi silang
MHS1919;1;1;2;9070;1;1;135.0;1;19;37;9;9;134.0;1;0;0;1;0;1;22;0;0;6;10;5;10.8;0;0;6;7;5;12.8;0;12.7;3.7;-1.7;Graduate;0.048;Aman;0.0548;Aman;data uji
MHS1920;1;43;1;9670;1;1;151.0;1;19;19;1;1;100.0;0;0;1;1;0;0;20;0;0;6;12;5;12.2;0;0;6;8;5;14.6;0;13.9;-0.3;0.79;Enrolled;0.5994;Prioritas;0.3642;Aman;mahasiswa aktif
MHS1921;1;44;1;9085;1;39;140.0;1;1;1;3;7;140.0;1;0;0;1;0;0;20;0;2;6;11;5;14.2;0;0;6;12;2;13.5;0;13.9;-0.3;0.79;Enrolled;0.3094;Prioritas;0.938;Kritis;mahasiswa aktif
MHS1922;1;1;2;9238;1;1;136.0;1;37;38;9;8;139.2;1;0;0;1;0;0;18;0;0;6;7;6;13.833333333333334;0;0;6;6;6;14.0;0;9.4;-0.8;-3.12;Graduate;0.0876;Aman;0.0335;Aman;validasi silang
MHS1923;1;1;1;9853;1;1;142.0;1;19;1;9;1;132.6;0;0;0;1;0;0;18;0;0;6;8;5;12.8;0;0;6;14;3;10.0;0;9.4;-0.8;-3.12;Enrolled;0.4403;Prioritas;0.8736;Kritis;mahasiswa aktif
MHS1924;1;17;3;9147;1;1;142.0;1;37;38;5;1;129.4;0;0;0;1;0;0;18;0;0;5;5;5;13.2;0;0;5;6;4;12.5;0;9.4;-0.8;-3.12;Graduate;0.4131;Prioritas;0.0795;Aman;validasi silang
MHS1925;1;17;1;9670;1;1;127.0;1;1;38;4;7;125.6;0;0;1;1;0;1;18;0;0;6;7;1;14.0;0;0;6;6;0;0.0;0;15.5;2.8;-4.06;Dropout;0.1899;Aman;0.9779;Kritis;validasi silang
MHS1926;1;17;1;9238;1;1;131.0;1;1;1;4;10;129.3;0;0;0;1;0;0;19;0;4;8;8;8;13.875;0;1;6;8;5;14.0;0;11.1;0.6;2.02;Graduate;0.1689;Aman;0.1166;Aman;validasi silang
MHS1927;1;1;1;9085;1;1;134.0;1;38;19;9;4;128.4;1;0;0;1;0;1;19;0;0;5;7;5;12.5;0;0;5;8;5;12.714285714285714;0;10.8;1.4;1.74;Graduate;0.0696;Aman;0.0351;Aman;validasi silang
MHS1928;1;17;2;9773;1;1;142.0;1;19;19;9;9;139.9;0;0;0;1;0;1;18;0;0;6;7;6;13.428571428571429;0;0;6;6;6;12.5;0;13.9;-0.3;0.79;Graduate;0.1039;Aman;0.0416;Aman;validasi silang
MHS1929;1;1;1;9070;1;1;123.0;1;38;38;9;5;124.8;0;0;0;0;0;1;18;0;0;6;7;5;11.8;0;0;6;7;5;13.0;0;8.9;1.4;3.51;Enrolled;0.3021;Prioritas;0.2804;Aman;mahasiswa aktif
MHS1930;1;17;3;9500;1;1;133.0;1;1;1;9;9;128.5;1;0;0;1;0;1;18;0;0;7;7;7;14.868571428571428;0;0;8;9;8;15.11111111111111;0;11.1;0.6;2.02;Graduate;0.0532;Aman;0.0686;Aman;data uji
MHS1931;1;1;4;9500;1;1;125.0;1;19;1;1;1;117.8;1;0;0;1;0;0;18;0;0;7;10;7;13.03;0;0;8;8;8;13.21875;0;15.5;2.8;-4.06;Graduate;0.2293;Prioritas;0.0539;Aman;validasi silang
MHS1932;1;17;1;9670;1;1;120.0;1;38;38;5;7;115.1;1;0;0;1;0;0;19;0;0;6;7;6;14.571428571428571;0;0;6;7;6;12.333333333333334;0;12.4;0.5;1.79;Graduate;0.2773;Prioritas;0.0315;Aman;data uji
MHS1933;1;17;2;9238;1;1;125.0;1;19;19;3;3;118.0;1;0;0;1;0;0;18;0;0;6;9;5;11.0;0;0;6;9;4;11.25;0;8.9;1.4;3.51;Graduate;0.1467;Aman;0.1238;Aman;validasi silang
MHS1934;1;39;1;9500;1;19;133.1;1;19;37;9;4;120.0;0;0;0;1;0;1;25;0;0;8;8;8;13.3675;0;0;8;8;8;13.3675;0;9.4;-0.8;-3.12;Graduate;0.1439;Aman;0.0297;Aman;validasi silang
MHS1935;1;1;4;9500;1;1;133.1;1;19;38;9;9;119.6;1;0;0;1;0;1;19;0;0;7;7;6;12.808333333333332;0;0;8;11;7;12.825714285714286;0;12.4;0.5;1.79;Graduate;0.0404;Aman;0.0534;Aman;validasi silang
MHS1936;1;17;6;9500;1;1;143.0;1;1;38;3;3;133.2;1;0;0;1;0;0;18;0;0;7;7;7;13.918571428571427;0;0;8;9;8;13.8875;0;11.1;0.6;2.02;Graduate;0.1303;Aman;0.1503;Aman;data uji
MHS1937;1;17;1;9130;1;1;147.0;1;4;1;2;10;141.8;1;0;0;1;0;0;19;0;0;6;8;6;13.0;0;0;6;9;4;12.8;0;13.9;-0.3;0.79;Graduate;0.3601;Prioritas;0.0751;Aman;validasi silang
MHS1938;2;1;1;9500;1;1;142.0;1;19;38;4;5;130.3;0;0;0;1;0;0;18;0;0;7;7;6;13.683333333333332;0;0;7;7;6;13.683333333333332;0;7.6;2.6;0.32;Graduate;0.0771;Aman;0.0277;Aman;validasi silang
MHS1939;1;39;1;9085;1;1;150.0;1;19;19;4;10;100.0;0;0;0;1;0;0;24;0;1;6;11;5;13.0;0;1;6;12;1;12.0;0;13.9;-0.3;0.79;Dropout;0.6576;Kritis;0.9687;Kritis;validasi silang
MHS1940;1;1;2;9773;1;1;124.0;1;3;3;3;4;114.6;1;0;0;1;0;0;21;0;0;6;8;5;12.8;0;0;6;7;5;11.2;0;11.1;0.6;2.02;Graduate;0.2449;Prioritas;0.1128;Aman;validasi silang
MHS1941;1;1;2;9254;1;1;136.0;1;1;1;9;4;123.4;1;0;0;1;0;1;18;0;0;6;9;6;13.571428571428571;0;0;6;6;6;12.166666666666666;0;8.9;1.4;3.51;Graduate;0.1427;Aman;0.0426;Aman;validasi silang
MHS1942;1;1;1;9238;1;1;116.0;1;38;38;9;6;116.4;1;0;0;1;0;0;18;0;0;6;6;6;13.166666666666666;0;0;6;6;6;13.166666666666666;0;8.9;1.4;3.51;Graduate;0.0688;Aman;0.0301;Aman;validasi silang
MHS1943;2;1;1;9070;1;1;127.0;1;12;19;9;9;123.2;0;0;0;1;0;1;20;0;0;6;6;6;15.0;0;0;6;6;6;14.5;0;11.1;0.6;2.02;Graduate;0.0568;Aman;0.0269;Aman;validasi silang
MHS1944;1;1;1;9070;1;1;117.0;1;4;19;3;5;123.7;1;0;0;1;0;0;19;0;0;6;6;6;12.666666666666666;0;0;6;8;5;11.4;0;12.4;0.5;1.79;Graduate;0.0892;Aman;0.0453;Aman;validasi silang
MHS1945;1;1;2;9773;1;1;116.0;1;1;19;4;7;127.6;1;0;0;1;0;1;19;0;0;6;7;6;13.857142857142858;0;0;6;7;6;13.142857142857142;0;13.9;-0.3;0.79;Dropout;0.0708;Aman;0.0558;Aman;data uji
MHS1946;1;1;4;9500;1;1;129.0;1;37;37;9;9;117.1;1;0;0;1;0;0;30;0;0;7;7;7;14.692857142857145;0;0;8;8;8;14.9625;0;12.4;0.5;1.79;Graduate;0.1879;Aman;0.0463;Aman;validasi silang
MHS1947;1;1;1;9500;1;1;157.0;1;19;38;5;3;149.3;0;0;0;1;0;0;18;0;0;8;8;8;14.035;0;0;8;8;8;14.035;0;9.4;-0.8;-3.12;Graduate;0.0893;Aman;0.0271;Aman;validasi silang
MHS1948;1;17;1;9085;1;1;135.0;1;1;19;4;10;125.6;1;0;0;1;0;0;18;0;0;5;8;4;11.0;1;0;5;8;3;14.0;0;12.7;3.7;-1.7;Graduate;0.2513;Prioritas;0.3969;Aman;validasi silang
MHS1949;1;1;1;9773;1;1;139.0;1;38;38;9;9;145.0;1;0;0;1;0;1;18;0;0;6;6;6;13.333333333333334;0;0;6;6;6;13.333333333333334;0;9.4;-0.8;-3.12;Graduate;0.04;Aman;0.0645;Aman;data uji
MHS1950;1;18;1;9500;1;1;115.0;1;38;37;5;5;115.0;0;0;0;1;0;0;20;0;0;7;13;6;11.7725;0;0;8;9;7;12.33;0;15.5;2.8;-4.06;Graduate;0.2184;Aman;0.098;Aman;validasi silang
MHS1951;1;1;1;9254;1;1;123.0;1;38;38;4;7;114.3;0;0;0;1;0;0;19;0;0;6;0;0;0.0;0;0;6;0;0;0.0;0;11.1;0.6;2.02;Dropout;0.2421;Prioritas;0.9796;Kritis;validasi silang
MHS1952;1;43;2;9254;1;1;140.0;1;19;19;9;9;126.0;1;0;0;1;0;0;19;0;0;6;0;0;0.0;0;0;6;12;0;0.0;0;10.8;1.4;1.74;Dropout;0.3469;Prioritas;0.9799;Kritis;validasi silang
MHS1953;1;1;1;171;1;1;138.0;1;19;37;7;7;124.0;1;0;0;0;0;0;19;0;0;0;0;0;0.0;0;0;0;0;0;0.0;0;10.8;1.4;1.74;Dropout;0.9031;Kritis;0.9304;Kritis;validasi silang
MHS1954;1;1;4;9254;1;1;132.0;1;1;38;5;6;122.6;1;0;0;1;0;1;18;0;0;6;7;6;12.285714285714286;0;0;6;6;6;12.0;0;8.9;1.4;3.51;Graduate;0.0745;Aman;0.0367;Aman;validasi silang
MHS1955;1;1;4;9500;1;1;140.0;1;3;19;2;3;133.8;1;0;0;1;0;0;17;0;0;8;14;5;12.46;0;0;8;14;5;12.46;0;10.8;1.4;1.74;Enrolled;0.1029;Aman;0.7767;Kritis;mahasiswa aktif
MHS1956;1;18;1;9853;1;1;117.0;1;19;38;4;0;113.5;1;0;0;1;0;0;19;0;0;7;10;6;12.166666666666666;0;0;7;9;6;13.166666666666666;0;12.4;0.5;1.79;Graduate;0.4861;Prioritas;0.1605;Aman;validasi silang
MHS1957;1;1;4;9238;1;1;125.0;1;19;1;4;5;122.6;1;1;0;1;0;0;18;0;0;6;9;5;11.833333333333334;0;0;6;8;2;11.5;0;13.9;-0.3;0.79;Enrolled;0.1943;Aman;0.9037;Kritis;mahasiswa aktif
MHS1958;1;7;1;9500;1;3;140.0;1;37;37;4;4;140.0;0;0;0;1;0;0;25;0;0;8;8;7;14.805714285714286;0;0;8;8;7;14.805714285714286;0;10.8;1.4;1.74;Graduate;0.3156;Prioritas;0.0493;Aman;validasi silang
MHS1959;1;1;1;9238;1;1;133.1;1;12;38;4;9;107.0;1;0;0;1;0;0;19;0;0;6;11;5;10.6;0;0;6;10;6;11.714285714285714;0;11.1;0.6;2.02;Dropout;0.1836;Aman;0.0363;Aman;data uji
MHS1960;1;53;1;9085;1;42;130.0;1;19;1;9;9;130.0;1;0;1;0;0;0;24;0;7;9;9;8;13.125;0;4;9;13;6;13.0;0;8.9;1.4;3.51;Enrolled;0.9118;Kritis;0.9304;Kritis;mahasiswa aktif
MHS1961;1;1;1;9238;1;1;134.0;1;1;1;4;9;124.2;1;0;1;1;0;1;19;0;0;6;6;6;12.833333333333334;0;0;6;6;6;12.666666666666666;0;9.4;-0.8;-3.12;Graduate;0.103;Aman;0.0428;Aman;validasi silang
MHS1962;1;18;1;9500;1;1;128.0;1;19;1;9;4;125.8;0;0;0;1;0;1;20;0;0;8;8;0;0.0;8;0;8;8;0;0.0;8;9.4;-0.8;-3.12;Enrolled;0.074;Aman;0.9779;Kritis;mahasiswa aktif
MHS1963;1;1;1;9670;1;1;115.0;1;1;1;5;4;108.0;1;0;0;1;0;1;20;0;0;6;9;5;13.0;0;0;6;6;5;13.8;0;12.4;0.5;1.79;Graduate;0.118;Aman;0.0366;Aman;validasi silang
MHS1964;1;1;2;9500;1;1;119.0;1;1;1;4;4;115.2;1;0;0;1;0;1;20;0;0;7;8;7;12.725;0;0;8;8;8;13.7125;0;13.9;-0.3;0.79;Graduate;0.0673;Aman;0.0451;Aman;validasi silang
MHS1965;1;17;1;9085;1;1;131.0;1;1;3;4;1;129.3;1;0;0;1;0;0;19;0;0;5;10;4;11.25;1;0;5;10;3;10.333333333333334;0;12.7;3.7;-1.7;Graduate;0.2343;Prioritas;0.569;Prioritas;validasi silang
MHS1966;1;7;1;9003;1;4;120.0;1;3;1;2;4;120.0;1;0;0;1;0;0;31;0;8;12;12;11;13.818181818181818;0;4;12;16;12;13.461538461538462;0;15.5;2.8;-4.06;Graduate;0.4295;Prioritas;0.0426;Aman;validasi silang
MHS1967;1;1;1;9085;1;1;120.0;1;1;19;3;4;116.7;0;0;0;1;0;0;20;0;0;5;12;3;12.333333333333334;2;0;5;8;3;13.0;1;9.4;-0.8;-3.12;Graduate;0.2279;Prioritas;0.7872;Kritis;validasi silang
MHS1968;1;1;3;9085;1;1;135.0;1;3;2;4;3;121.0;1;0;0;1;0;0;18;0;0;5;14;3;12.333333333333334;2;0;5;8;5;11.6;0;9.4;-0.8;-3.12;Enrolled;0.3064;Prioritas;0.1206;Aman;mahasiswa aktif
MHS1969;1;17;1;9853;1;1;146.0;1;1;1;3;4;128.2;0;0;1;1;0;0;18;0;0;6;8;4;13.25;0;0;6;10;3;10.666666666666666;0;12.7;3.7;-1.7;Enrolled;0.8234;Kritis;0.9549;Kritis;mahasiswa aktif
MHS1970;1;1;4;9670;1;1;133.0;1;1;2;4;7;121.1;1;0;0;1;0;0;18;0;0;6;7;6;13.666666666666666;0;0;6;9;5;15.4;0;13.9;-0.3;0.79;Graduate;0.361;Prioritas;0.1241;Aman;validasi silang
MHS1971;1;51;1;9238;1;1;122.0;1;19;3;5;2;112.6;0;0;1;1;0;0;20;0;5;11;18;8;12.625;0;4;10;10;3;11.0;0;11.1;0.6;2.02;Enrolled;0.4104;Prioritas;0.9348;Kritis;mahasiswa aktif
MHS1972;1;17;1;9085;1;1;128.0;1;2;19;2;4;123.3;1;0;0;1;0;1;20;0;0;6;6;6;14.833333333333334;0;0;6;8;6;12.142857142857142;0;8.9;1.4;3.51;Graduate;0.1013;Aman;0.0408;Aman;validasi silang
MHS1973;1;17;2;9670;1;1;129.0;1;19;19;5;4;129.4;0;0;0;1;0;1;19;0;0;6;7;5;11.2;0;0;6;10;5;13.125;0;10.8;1.4;1.74;Dropout;0.1053;Aman;0.0539;Aman;data uji
MHS1974;1;17;1;9147;1;1;122.0;1;19;19;4;6;119.9;0;0;0;1;0;1;21;0;0;5;6;5;11.4;0;0;5;6;5;12.2;0;12.7;3.7;-1.7;Graduate;0.1111;Aman;0.0397;Aman;validasi silang
MHS1975;1;1;4;9500;1;1;140.0;1;1;12;3;10;131.6;1;0;0;1;0;0;18;0;0;7;8;7;13.135;0;0;8;9;8;13.244444444444444;0;12.4;0.5;1.79;Graduate;0.0763;Aman;0.1321;Aman;validasi silang
MHS1976;1;51;1;9070;1;1;143.0;1;1;1;4;4;120.0;1;0;0;1;0;0;21;0;3;10;10;10;13.0;0;5;11;11;10;11.4;0;11.1;0.6;2.02;Dropout;0.3096;Prioritas;0.0521;Aman;validasi silang
MHS1977;1;1;4;9500;1;1;118.0;1;19;19;3;3;110.0;1;0;0;1;0;0;19;0;0;7;12;4;12.85;0;0;7;7;7;12.62142857142857;0;11.1;0.6;2.02;Enrolled;0.1165;Aman;0.1415;Aman;mahasiswa aktif
MHS1978;1;44;1;9238;1;39;140.0;1;1;19;191;102;143.0;0;0;0;1;0;0;20;0;3;6;6;6;13.5;0;2;6;9;5;12.5;0;13.9;-0.3;0.79;Graduate;0.1359;Aman;0.1005;Aman;validasi silang
MHS1979;1;44;1;9085;1;1;140.0;1;1;2;3;3;140.0;0;0;0;1;0;0;20;0;0;6;7;6;14.285714285714286;0;0;6;9;3;13.0;0;13.9;-0.3;0.79;Enrolled;0.318;Prioritas;0.3118;Aman;mahasiswa aktif
MHS1980;1;1;1;9670;1;1;123.0;1;12;1;9;9;119.2;1;0;0;1;0;1;18;0;0;6;8;5;13.5;0;0;6;6;6;14.5;0;12.4;0.5;1.79;Graduate;0.0807;Aman;0.046;Aman;validasi silang
MHS1981;1;1;1;9147;1;1;140.0;1;19;19;9;9;124.3;1;0;0;1;0;1;18;0;0;5;8;4;10.75;0;0;5;5;5;13.0;0;12.4;0.5;1.79;Graduate;0.0995;Aman;0.0327;Aman;validasi silang
MHS1982;1;17;1;9238;1;1;116.0;1;19;19;7;7;111.1;1;0;0;1;0;1;18;0;0;6;9;6;11.333333333333334;0;0;6;9;6;11.833333333333334;0;8.9;1.4;3.51;Graduate;0.0741;Aman;0.0313;Aman;validasi silang
MHS1983;1;43;1;9085;1;39;150.0;1;38;37;6;6;150.0;1;0;0;1;0;1;21;0;2;7;15;3;13.0;2;1;5;12;5;13.285714285714286;1;10.8;1.4;1.74;Graduate;0.0322;Aman;0.231;Aman;validasi silang
MHS1984;1;1;1;9500;1;1;147.0;1;38;19;5;8;147.3;0;0;0;1;0;0;18;0;0;7;7;6;13.966666666666669;0;0;7;7;6;13.966666666666669;0;7.6;2.6;0.32;Graduate;0.0633;Aman;0.0277;Aman;validasi silang
MHS1985;1;1;1;9500;1;1;162.0;1;19;1;5;5;147.5;1;0;0;1;0;1;18;0;0;8;8;8;14.14125;0;0;8;8;8;14.14125;0;9.4;-0.8;-3.12;Graduate;0.0389;Aman;0.0293;Aman;data uji
MHS1986;1;17;2;9254;1;1;108.0;1;37;37;9;7;108.0;1;0;0;1;0;1;20;0;0;6;10;4;11.6;0;0;6;10;4;11.75;0;12.7;3.7;-1.7;Graduate;0.2162;Aman;0.2938;Aman;validasi silang
MHS1987;2;42;1;9500;1;2;130.0;1;37;37;9;9;130.0;0;0;0;1;0;1;32;0;0;8;8;8;14.6625;0;0;8;8;8;14.6625;0;9.4;-0.8;-3.12;Graduate;0.0846;Aman;0.0276;Aman;validasi silang
MHS1988;2;39;1;9991;0;1;140.0;1;37;37;9;10;130.0;0;0;0;1;0;0;34;0;0;5;5;0;0.0;0;0;5;5;0;0.0;0;9.4;-0.8;-3.12;Enrolled;0.4108;Prioritas;0.9801;Kritis;mahasiswa aktif
MHS1989;1;1;2;9500;1;1;116.0;1;19;37;3;3;109.0;1;0;0;1;0;1;23;0;0;7;8;6;12.993333333333334;0;0;8;9;8;12.66875;0;11.1;0.6;2.02;Graduate;0.0359;Aman;0.0391;Aman;validasi silang
MHS1990;1;1;5;9670;1;1;120.0;1;4;1;4;10;112.0;1;0;0;1;0;0;18;0;0;6;10;4;11.25;0;0;6;11;5;12.2;0;8.9;1.4;3.51;Enrolled;0.1473;Aman;0.0913;Aman;mahasiswa aktif
MHS1991;1;17;1;8014;0;1;132.0;1;37;19;5;5;121.2;0;0;0;1;0;0;18;0;0;6;8;5;12.2;0;0;6;10;5;12.8;0;10.8;1.4;1.74;Graduate;0.1932;Aman;0.1051;Aman;validasi silang
MHS1992;1;43;1;171;1;2;140.0;1;37;37;9;9;140.0;1;0;0;1;0;0;34;0;0;0;0;0;0.0;0;0;0;0;0;0.0;0;10.8;1.4;1.74;Dropout;0.4354;Prioritas;0.8577;Kritis;validasi silang
MHS1993;1;39;1;8014;0;1;120.0;100;1;1;4;7;119.5;0;0;1;1;0;0;25;1;2;6;6;6;11.333333333333334;0;0;6;6;4;11.75;0;8.9;1.4;3.51;Enrolled;0.3389;Prioritas;0.3831;Aman;mahasiswa aktif
MHS1994;1;1;1;9147;1;1;136.0;1;37;38;193;181;125.9;0;0;0;1;0;0;21;0;0;5;7;5;12.2;0;0;5;7;5;11.8;0;11.1;0.6;2.02;Graduate;0.2067;Aman;0.034;Aman;validasi silang
MHS1995;1;1;1;9254;1;1;133.0;1;19;9;0;0;121.5;1;0;0;1;0;1;20;0;0;6;12;0;0.0;0;0;6;12;0;0.0;0;7.6;2.6;0.32;Dropout;0.1664;Aman;0.9778;Kritis;validasi silang
MHS1996;1;1;5;9238;1;1;126.0;1;30;19;0;2;121.5;1;0;0;1;0;0;18;0;0;6;8;6;11.333333333333334;0;0;6;6;6;11.666666666666666;0;7.6;2.6;0.32;Graduate;0.289;Prioritas;0.0625;Aman;data uji
MHS1997;1;17;1;9085;1;1;142.0;1;3;37;4;8;132.4;1;0;0;1;0;0;18;0;0;6;8;6;13.857142857142858;0;0;6;15;6;13.1;0;12.4;0.5;1.79;Graduate;0.2979;Prioritas;0.0391;Aman;validasi silang
MHS1998;1;17;1;9773;1;1;121.0;1;37;37;9;9;122.4;0;0;0;1;0;0;18;0;0;6;7;6;12.857142857142858;0;0;6;6;6;13.333333333333334;0;13.9;-0.3;0.79;Graduate;0.3248;Prioritas;0.032;Aman;data uji
MHS1999;1;39;1;8014;0;1;134.0;1;37;38;4;7;110.0;1;0;0;1;0;0;24;0;0;6;10;1;10.0;0;0;6;12;0;0.0;0;9.4;-0.8;-3.12;Dropout;0.2512;Prioritas;0.9788;Kritis;validasi silang
MHS2000;1;51;1;9147;1;1;140.0;1;19;19;9;7;120.4;0;0;1;0;0;0;32;0;14;15;17;14;10.214285714285714;0;13;13;13;13;11.384615384615383;0;16.2;0.3;-0.92;Graduate;0.978;Kritis;0.6787;Kritis;validasi silang
MHS2001;1;39;1;9254;1;1;133.1;1;1;1;9;6;105.0;1;0;1;0;0;0;24;0;0;6;14;6;11.285714285714286;0;0;6;16;3;10.333333333333334;0;8.9;1.4;3.51;Dropout;0.9782;Kritis;0.9558;Kritis;validasi silang
MHS2002;1;1;1;9238;1;1;157.0;1;38;37;9;5;137.8;0;0;0;1;0;1;18;0;0;6;6;6;13.833333333333334;0;0;6;7;0;0.0;0;15.5;2.8;-4.06;Dropout;0.0226;Aman;0.9704;Kritis;validasi silang
MHS2003;1;51;1;9254;1;1;120.0;1;38;38;9;9;118.0;0;0;0;1;0;0;28;0;0;6;8;6;12.857142857142858;0;0;6;8;5;12.6;0;8.9;1.4;3.51;Graduate;0.3251;Prioritas;0.1675;Aman;validasi silang
MHS2004;1;17;5;9853;1;1;134.0;1;19;38;4;8;122.1;1;0;0;1;0;1;18;0;0;6;8;6;11.666666666666666;0;0;6;9;4;12.0;0;10.8;1.4;1.74;Dropout;0.2624;Prioritas;0.1469;Aman;validasi silang
MHS2005;1;7;1;9853;1;3;140.0;1;34;34;0;0;140.0;1;0;0;0;0;0;24;0;0;6;12;0;0.0;0;0;5;10;0;0.0;0;9.4;-0.8;-3.12;Dropout;0.9912;Kritis;0.9795;Kritis;validasi silang
MHS2006;1;1;1;9085;1;1;133.0;1;1;37;4;10;143.2;0;0;0;1;0;0;19;0;0;5;7;5;14.4;0;0;5;6;5;13.2;0;7.6;2.6;0.32;Graduate;0.1284;Aman;0.0285;Aman;validasi silang
MHS2007;2;39;1;8014;0;1;146.0;1;37;37;9;8;120.5;0;0;0;1;0;0;44;0;0;6;6;6;14.833333333333334;0;0;6;6;6;14.166666666666666;0;10.8;1.4;1.74;Graduate;0.2809;Prioritas;0.0285;Aman;validasi silang
MHS2008;1;16;3;9085;1;1;130.0;1;37;37;9;2;119.5;1;0;0;1;0;1;18;0;0;6;14;6;14.333333333333334;0;0;6;9;6;12.0;0;15.5;2.8;-4.06;Graduate;0.0728;Aman;0.0433;Aman;validasi silang
MHS2009;1;1;1;171;1;1;151.0;1;37;37;9;7;147.5;1;0;0;1;0;0;18;0;0;0;0;0;0.0;0;0;0;0;0;0.0;0;7.6;2.6;0.32;Graduate;0.2052;Aman;0.334;Aman;validasi silang
MHS2010;1;1;6;9773;1;1;133.1;1;1;1;90;90;129.6;0;0;0;1;0;0;22;0;0;6;0;0;0.0;0;0;6;0;0;0.0;0;7.6;2.6;0.32;Dropout;0.2698;Prioritas;0.9788;Kritis;validasi silang
MHS2011;1;18;1;9853;1;1;132.0;1;37;37;9;5;126.1;0;0;0;1;0;1;18;0;0;7;9;6;12.333333333333334;0;0;7;7;6;12.666666666666666;0;11.1;0.6;2.02;Graduate;0.2547;Prioritas;0.0548;Aman;data uji
MHS2012;2;39;1;9991;0;1;110.0;1;37;37;9;4;160.0;0;0;0;1;0;0;44;0;0;5;5;5;11.8;0;0;5;5;5;12.4;0;15.5;2.8;-4.06;Graduate;0.419;Prioritas;0.052;Aman;validasi silang
MHS2013;5;39;1;9853;1;19;133.1;1;38;1;5;3;105.5;0;0;1;1;0;0;33;0;0;6;7;5;13.2;0;0;6;7;5;10.6;0;7.6;2.6;0.32;Dropout;0.9099;Kritis;0.336;Aman;validasi silang
MHS2014;2;39;1;9853;1;1;110.0;1;37;37;9;9;95.5;0;0;1;0;0;0;32;0;0;6;6;0;0.0;0;0;5;10;0;0.0;0;10.8;1.4;1.74;Dropout;0.9914;Kritis;0.9788;Kritis;validasi silang
MHS2015;2;39;1;9003;1;1;133.1;1;19;19;4;4;107.5;0;0;0;0;0;0;35;0;0;6;0;0;0.0;0;0;6;0;0;0.0;0;15.5;2.8;-4.06;Dropout;0.9214;Kritis;0.9791;Kritis;validasi silang
MHS2016;1;1;1;9238;1;1;105.0;1;19;19;6;6;106.1;1;0;0;1;0;0;20;0;0;6;6;6;11.5;0;0;6;7;6;13.285714285714286;0;11.1;0.6;2.02;Graduate;0.0882;Aman;0.0306;Aman;validasi silang
MHS2017;1;39;1;9254;1;1;160.0;1;3;1;6;6;116.3;1;0;0;1;0;0;24;0;0;6;8;5;12.6;0;0;6;7;5;12.2;0;9.4;-0.8;-3.12;Graduate;0.557;Prioritas;0.0575;Aman;validasi silang
MHS2018;1;1;1;9500;1;1;144.0;1;38;1;9;10;137.4;0;0;0;1;0;0;19;0;0;7;7;7;13.542857142857144;0;0;8;9;8;14.22222222222222;0;16.2;0.3;-0.92;Graduate;0.1147;Aman;0.0298;Aman;data uji
MHS2019;1;1;1;9254;1;1;100.0;1;19;19;5;5;101.8;1;0;0;1;0;0;21;0;0;6;8;5;11.6;0;0;6;6;5;13.0;0;12.4;0.5;1.79;Enrolled;0.4015;Prioritas;0.0536;Aman;mahasiswa aktif
MHS2020;1;1;2;9773;1;1;143.0;1;1;1;4;9;144.1;1;0;0;1;1;1;19;0;0;6;7;6;13.666666666666666;0;0;6;6;6;13.833333333333334;0;12.7;3.7;-1.7;Graduate;0.0992;Aman;0.0486;Aman;validasi silang
MHS2021;1;42;1;9003;1;1;160.0;1;19;1;9;5;107.8;1;0;0;0;1;0;27;0;0;6;10;0;0.0;0;0;6;8;0;0.0;0;15.5;2.8;-4.06;Dropout;0.9496;Kritis;0.9795;Kritis;validasi silang
MHS2022;1;39;1;9853;1;1;140.0;1;19;1;9;4;128.2;0;0;0;0;0;0;30;0;0;6;0;0;0.0;0;0;6;0;0;0.0;0;12.7;3.7;-1.7;Dropout;0.9824;Kritis;0.9794;Kritis;validasi silang
MHS2023;1;17;4;171;1;1;133.1;1;38;38;9;9;117.0;1;0;0;1;1;0;21;0;0;0;0;0;0.0;0;0;0;0;0;0.0;0;10.8;1.4;1.74;Dropout;0.4923;Prioritas;0.4604;Prioritas;validasi silang
MHS2024;1;1;1;9070;1;1;116.0;1;1;12;5;8;110.4;1;0;0;1;1;0;19;0;0;6;6;6;11.5;0;0;6;8;6;12.285714285714286;0;8.9;1.4;3.51;Graduate;0.253;Prioritas;0.0405;Aman;data uji
MHS2025;2;39;1;9991;0;1;120.0;1;37;37;9;10;170.0;0;0;0;1;0;0;34;0;0;5;12;2;11.5;0;0;5;9;4;11.75;0;9.4;-0.8;-3.12;Enrolled;0.2472;Prioritas;0.93;Kritis;mahasiswa aktif
MHS2026;1;43;1;9500;1;1;141.0;1;4;19;4;10;100.0;0;0;0;1;1;0;18;0;0;7;7;7;11.828571428571427;0;0;8;10;7;12.9125;0;13.9;-0.3;0.79;Graduate;0.2678;Prioritas;0.0465;Aman;data uji
MHS2027;1;1;1;171;1;1;110.0;1;3;2;3;3;117.0;1;0;0;1;1;0;21;0;0;0;0;0;0.0;0;0;0;0;0;0.0;0;9.4;-0.8;-3.12;Graduate;0.5527;Prioritas;0.7729;Kritis;validasi silang
MHS2028;1;1;2;171;1;1;127.0;1;3;39;1;3;133.5;1;0;0;1;1;0;17;0;0;0;0;0;0.0;0;0;0;0;0;0.0;0;15.5;2.8;-4.06;Enrolled;0.5745;Prioritas;0.4525;Prioritas;mahasiswa aktif
MHS2029;1;1;1;9500;1;1;132.0;1;19;37;4;9;128.0;1;0;0;1;0;1;19;0;0;7;7;6;12.966666666666669;0;0;7;7;6;12.966666666666669;0;7.6;2.6;0.32;Graduate;0.0265;Aman;0.0287;Aman;validasi silang
MHS2030;1;1;1;9773;1;1;135.0;1;37;38;9;6;122.1;1;0;0;1;1;0;18;0;0;6;6;6;13.833333333333334;0;0;6;6;6;13.666666666666666;0;12.7;3.7;-1.7;Graduate;0.3426;Prioritas;0.0409;Aman;validasi silang
MHS2031;1;17;2;9500;1;1;135.0;1;19;19;9;10;133.4;1;0;0;1;0;0;19;0;0;7;7;7;14.125714285714285;0;0;8;8;8;14.36875;0;11.1;0.6;2.02;Graduate;0.129;Aman;0.0457;Aman;data uji
MHS2032;4;39;1;9254;1;1;140.0;1;38;37;9;9;112.0;0;0;1;1;0;0;45;0;4;10;12;5;12.166666666666666;4;2;8;8;0;0.0;2;12.7;3.7;-1.7;Dropout;0.8167;Kritis;0.9741;Kritis;validasi silang
MHS2033;1;39;1;9085;1;1;133.1;1;19;37;9;6;130.0;1;0;0;1;0;0;26;0;0;6;17;6;12.666666666666666;0;0;6;21;4;12.25;0;15.5;2.8;-4.06;Graduate;0.3792;Prioritas;0.2355;Aman;data uji
MHS2034;2;39;2;9991;0;1;100.0;1;37;37;9;9;100.0;1;0;0;1;1;0;51;0;0;4;4;0;0.0;0;0;5;0;0;0.0;0;12.7;3.7;-1.7;Dropout;0.7431;Kritis;0.9794;Kritis;validasi silang
MHS2035;2;39;1;9773;1;19;133.1;1;37;37;6;6;162.0;0;0;1;1;1;1;49;0;0;6;8;6;12.285714285714286;0;0;6;7;6;14.166666666666666;0;10.8;1.4;1.74;Graduate;0.3618;Prioritas;0.0661;Aman;validasi silang
MHS2036;1;42;1;9500;1;1;100.0;1;3;19;2;8;153.0;0;0;0;1;1;0;22;0;3;6;7;3;14.5;0;4;7;8;4;14.375;0;15.5;2.8;-4.06;Enrolled;0.2485;Prioritas;0.9167;Kritis;mahasiswa aktif
MHS2037;1;17;1;9147;1;1;137.0;1;1;37;5;9;131.4;1;0;0;1;1;0;22;0;0;5;8;2;10.0;0;0;5;7;1;10.0;0;7.6;2.6;0.32;Dropout;0.5731;Prioritas;0.9781;Kritis;validasi silang
MHS2038;2;7;1;9130;1;3;120.0;1;3;3;1;1;128.2;0;0;0;1;0;0;33;0;1;5;11;2;11.5;1;1;5;8;2;12.0;0;9.4;-0.8;-3.12;Dropout;0.6259;Prioritas;0.975;Kritis;validasi silang
MHS2039;1;10;1;9670;1;1;148.9;22;37;37;9;9;148.9;0;0;0;1;0;0;20;1;0;5;6;5;11.6;0;0;5;6;4;11.5;0;9.4;-0.8;-3.12;Graduate;0.1532;Aman;0.0878;Aman;validasi silang
MHS2040;1;1;4;9238;1;1;134.0;1;38;19;7;7;128.4;1;0;0;1;0;1;18;0;0;6;6;6;12.5;0;0;6;6;6;11.666666666666666;0;10.8;1.4;1.74;Graduate;0.0375;Aman;0.0439;Aman;data uji
MHS2041;1;1;5;9853;1;1;128.0;1;38;37;9;9;120.3;1;0;1;0;0;0;20;0;0;6;9;3;11.666666666666666;0;0;6;10;2;11.0;0;10.8;1.4;1.74;Dropout;0.9793;Kritis;0.978;Kritis;validasi silang
MHS2042;2;57;1;9991;0;1;133.1;41;38;37;4;6;100.0;0;0;0;1;0;0;37;1;5;10;11;7;13.428571428571429;0;5;10;11;10;11.6;0;8.9;1.4;3.51;Graduate;0.1987;Aman;0.1366;Aman;validasi silang
MHS2043;1;1;1;9254;1;1;131.0;2;37;1;9;3;126.1;1;0;0;1;1;0;18;1;0;6;6;6;13.666666666666666;0;0;6;6;6;13.5;0;7.6;2.6;0.32;Graduate;0.283;Prioritas;0.0515;Aman;validasi silang
MHS2044;1;1;3;9254;1;1;118.0;1;1;19;9;9;111.7;1;0;0;1;0;0;19;0;0;6;6;6;12.5;0;0;6;6;6;12.166666666666666;0;12.4;0.5;1.79;Graduate;0.3074;Prioritas;0.0313;Aman;validasi silang
MHS2045;1;44;1;9085;1;39;140.0;1;1;19;3;3;140.0;1;0;0;1;0;0;21;0;2;6;7;6;13.0;0;1;6;15;4;12.8;0;12.4;0.5;1.79;Graduate;0.2711;Prioritas;0.153;Aman;validasi silang
MHS2046;1;1;2;9500;1;1;133.0;1;19;1;9;1;122.2;0;0;0;1;0;0;20;0;0;7;9;6;12.783333333333331;0;0;8;9;7;12.842857142857143;0;13.9;-0.3;0.79;Graduate;0.1404;Aman;0.0498;Aman;validasi silang
MHS2047;1;1;2;9500;1;1;126.0;1;37;1;7;7;118.7;1;0;0;1;0;0;19;0;0;7;0;0;0.0;0;0;8;0;0;0.0;0;13.9;-0.3;0.79;Dropout;0.1891;Aman;0.9788;Kritis;validasi silang
MHS2048;1;17;2;9556;1;1;125.0;1;38;19;7;7;121.5;1;0;0;1;0;0;20;0;0;7;13;4;13.5;0;0;7;11;4;11.225;0;11.1;0.6;2.02;Dropout;0.2993;Prioritas;0.9016;Kritis;validasi silang
MHS2049;1;17;4;9500;1;1;138.0;1;3;1;2;5;134.5;1;0;0;1;0;0;18;0;0;7;7;7;13.457142857142856;0;0;8;8;8;15.125;0;13.9;-0.3;0.79;Graduate;0.2084;Aman;0.0902;Aman;validasi silang
MHS2050;1;1;4;9500;1;1;140.0;1;1;19;9;7;127.0;1;0;0;1;0;0;19;0;0;8;8;7;13.44285714285714;0;0;8;8;7;13.44285714285714;0;12.7;3.7;-1.7;Graduate;0.1283;Aman;0.0277;Aman;validasi silang
MHS2051;1;1;1;9238;1;1;124.0;1;37;38;9;3;114.2;0;0;0;1;0;0;18;0;0;6;13;4;11.0;0;0;6;12;5;10.833333333333334;0;15.5;2.8;-4.06;Graduate;0.1414;Aman;0.3042;Aman;validasi silang
MHS2052;1;17;1;9238;1;1;133.0;1;38;38;7;7;125.3;1;0;0;1;0;1;18;0;0;6;6;6;11.333333333333334;0;0;6;7;6;12.285714285714286;0;15.5;2.8;-4.06;Graduate;0.0721;Aman;0.0298;Aman;data uji
MHS2053;1;1;2;9773;1;1;127.0;1;1;19;4;5;120.4;1;0;0;1;0;0;18;0;0;5;7;2;10.0;0;0;1;1;0;0.0;0;12.7;3.7;-1.7;Dropout;0.2255;Prioritas;0.9718;Kritis;validasi silang
MHS2054;1;1;6;9500;1;1;138.0;1;1;38;3;9;123.0;1;0;0;1;0;0;19;0;0;7;10;5;13.44;0;0;7;8;6;13.066666666666668;0;12.4;0.5;1.79;Enrolled;0.108;Aman;0.2728;Aman;mahasiswa aktif
MHS2055;1;1;2;9556;1;1;142.0;1;1;19;4;5;130.5;1;0;0;1;0;1;18;0;0;7;8;7;12.214285714285714;0;0;8;8;8;14.0625;0;16.2;0.3;-0.92;Graduate;0.1088;Aman;0.0531;Aman;validasi silang
MHS2056;1;1;1;9070;1;1;130.0;41;37;19;9;8;125.5;1;0;0;1;0;1;19;1;0;6;6;6;14.166666666666666;0;0;6;6;6;13.5;0;11.1;0.6;2.02;Graduate;0.0238;Aman;0.0733;Aman;validasi silang
MHS2057;1;53;1;9003;1;42;130.0;1;1;19;9;7;133.8;0;0;1;1;0;1;24;0;7;12;13;12;12.846153846153848;0;5;11;13;11;12.636363636363637;0;8.9;1.4;3.51;Graduate;0.0892;Aman;0.0318;Aman;validasi silang
MHS2058;1;44;1;9085;1;39;150.0;1;37;37;9;9;150.0;0;0;0;1;0;0;20;0;2;6;8;6;13.0;0;1;6;18;2;12.0;0;12.4;0.5;1.79;Enrolled;0.2626;Prioritas;0.8017;Kritis;mahasiswa aktif
MHS2059;1;1;1;9147;1;1;127.0;1;1;19;5;7;130.5;1;0;0;1;0;1;21;0;0;5;6;5;12.8;1;0;5;7;4;11.25;0;9.4;-0.8;-3.12;Graduate;0.1333;Aman;0.0669;Aman;validasi silang
MHS2060;1;44;1;9085;1;39;140.0;1;38;37;4;10;140.0;0;0;1;0;0;0;20;0;1;6;13;4;13.0;0;1;6;11;5;12.0;0;16.2;0.3;-0.92;Dropout;0.9343;Kritis;0.959;Kritis;validasi silang
MHS2061;1;17;6;9500;1;1;126.0;1;19;37;3;9;119.4;1;0;0;1;0;1;19;0;0;7;7;7;13.371428571428572;0;0;8;9;8;13.666666666666666;0;16.2;0.3;-0.92;Graduate;0.0782;Aman;0.0623;Aman;data uji
MHS2062;1;17;5;9556;1;1;139.0;1;19;19;9;8;121.3;1;0;0;1;0;1;19;0;0;7;8;7;13.385714285714286;0;0;8;8;8;13.3875;0;10.8;1.4;1.74;Graduate;0.1325;Aman;0.0354;Aman;validasi silang
MHS2063;1;1;3;9500;1;1;141.0;1;1;1;9;9;126.3;1;0;0;1;0;0;18;0;0;8;8;7;13.328571428571427;0;0;8;8;7;13.328571428571427;0;12.7;3.7;-1.7;Graduate;0.124;Aman;0.0288;Aman;validasi silang
MHS2064;1;1;1;9085;1;1;120.0;1;38;38;4;7;111.6;1;0;0;1;0;0;19;0;0;6;12;5;14.0;0;0;6;14;5;11.0;0;16.2;0.3;-0.92;Graduate;0.2019;Aman;0.1298;Aman;validasi silang
MHS2065;1;17;4;9147;1;1;120.0;1;38;19;9;9;111.3;1;0;0;1;0;0;21;0;0;5;5;5;12.6;0;0;5;5;5;13.2;0;8.9;1.4;3.51;Graduate;0.4187;Prioritas;0.0381;Aman;validasi silang
MHS2066;1;1;2;9853;1;1;134.0;1;1;38;9;8;122.5;1;0;0;1;0;1;19;0;0;6;7;6;14.0;0;0;6;6;6;15.0;0;15.5;2.8;-4.06;Graduate;0.2192;Aman;0.0648;Aman;validasi silang
MHS2067;1;1;5;9254;1;1;128.0;1;19;1;7;10;116.5;1;0;0;1;0;1;18;0;0;6;7;6;13.428571428571429;0;0;6;6;6;12.666666666666666;0;8.9;1.4;3.51;Graduate;0.0978;Aman;0.0299;Aman;validasi silang
MHS2068;1;17;5;9070;1;1;133.0;1;4;1;4;4;132.0;1;1;0;1;0;1;17;0;0;6;6;6;13.0;0;0;6;6;6;12.5;0;15.5;2.8;-4.06;Graduate;0.1462;Aman;0.0953;Aman;validasi silang
MHS2069;1;18;4;9853;1;1;123.0;1;19;38;4;10;123.7;1;0;0;1;0;0;19;0;0;6;8;5;12.666666666666666;0;0;6;8;5;11.0;0;15.5;2.8;-4.06;Enrolled;0.6273;Prioritas;0.3375;Aman;mahasiswa aktif
MHS2070;1;17;6;9147;1;1;118.0;1;37;1;9;7;117.0;1;0;0;0;1;0;23;0;0;5;9;3;10.0;1;0;5;9;3;12.333333333333334;0;9.4;-0.8;-3.12;Dropout;0.9675;Kritis;0.9635;Kritis;validasi silang
MHS2071;1;1;1;9670;1;1;113.0;1;1;37;1;10;116.5;1;0;0;1;0;0;19;0;0;6;7;6;12.833333333333334;0;0;6;10;6;11.77777777777778;0;8.9;1.4;3.51;Graduate;0.1974;Aman;0.0439;Aman;validasi silang
MHS2072;1;1;1;9500;1;1;135.0;1;19;3;9;4;121.5;1;0;0;1;0;0;18;0;0;7;7;6;12.916666666666666;0;0;7;7;6;12.916666666666666;0;7.6;2.6;0.32;Graduate;0.1422;Aman;0.0306;Aman;validasi silang
MHS2073;1;1;1;9670;1;1;133.1;1;38;38;5;9;105.0;1;0;0;1;0;0;20;0;0;6;9;6;13.285714285714286;0;0;6;8;5;13.8;0;15.5;2.8;-4.06;Graduate;0.2706;Prioritas;0.0858;Aman;validasi silang
MHS2074;1;1;3;9085;1;1;130.0;1;1;19;9;9;121.3;1;0;0;1;0;1;19;0;0;5;6;5;14.6;0;0;5;5;5;13.8;0;10.8;1.4;1.74;Graduate;0.0795;Aman;0.0448;Aman;validasi silang
MHS2075;1;1;1;9238;1;1;135.0;1;19;38;3;9;136.1;1;0;0;1;0;1;18;0;0;6;6;6;14.0;0;0;6;6;6;13.666666666666666;0;12.4;0.5;1.79;Graduate;0.0228;Aman;0.0495;Aman;data uji
MHS2076;1;17;2;9238;1;1;133.0;1;37;37;9;4;123.6;0;0;0;1;0;1;19;0;0;6;7;6;14.142857142857142;0;0;6;6;6;15.0;0;13.9;-0.3;0.79;Graduate;0.1048;Aman;0.0304;Aman;validasi silang
MHS2077;1;1;4;9238;1;1;123.0;1;38;1;4;10;129.0;1;0;0;1;0;0;19;0;0;6;8;6;11.666666666666666;0;0;6;6;6;12.333333333333334;0;10.8;1.4;1.74;Graduate;0.093;Aman;0.0799;Aman;validasi silang
MHS2078;1;17;1;9500;1;1;145.0;1;19;37;4;8;136.8;1;0;0;1;0;0;18;0;0;8;9;8;14.3775;1;0;8;9;8;14.3775;1;9.4;-0.8;-3.12;Graduate;0.1614;Aman;0.05;Aman;validasi silang
MHS2079;1;17;2;9500;1;1;146.0;1;3;3;3;6;133.4;1;0;0;1;0;0;18;0;0;7;8;7;12.5;0;0;8;9;7;13.042857142857144;0;13.9;-0.3;0.79;Graduate;0.0984;Aman;0.1336;Aman;data uji
MHS2080;1;1;5;9500;1;1;144.0;1;38;38;7;7;136.0;1;0;0;1;0;1;19;0;0;7;7;6;14.15;0;0;7;7;6;14.15;0;7.6;2.6;0.32;Graduate;0.0344;Aman;0.0284;Aman;validasi silang
MHS2081;1;1;1;9500;1;1;144.0;1;38;37;9;9;125.8;0;0;0;1;0;1;19;0;0;8;12;7;12.471428571428572;0;0;8;12;7;12.471428571428572;0;12.7;3.7;-1.7;Graduate;0.0318;Aman;0.0297;Aman;data uji
MHS2082;1;1;1;9500;1;1;131.0;1;4;4;2;1;120.5;0;0;0;1;0;0;19;0;0;7;7;6;14.15;0;0;7;7;6;14.15;0;7.6;2.6;0.32;Graduate;0.1043;Aman;0.0289;Aman;validasi silang
MHS2083;1;1;2;9500;1;1;141.0;1;37;37;9;8;130.2;1;0;0;1;0;0;21;0;0;7;11;7;14.072222222222225;0;0;8;8;8;14.0475;0;15.5;2.8;-4.06;Graduate;0.1194;Aman;0.0391;Aman;validasi silang
MHS2084;1;1;3;9773;1;1;138.0;1;3;1;2;3;135.9;1;0;0;1;0;0;18;0;0;6;7;6;14.857142857142858;0;0;6;6;6;14.666666666666666;0;13.9;-0.3;0.79;Graduate;0.2243;Prioritas;0.0522;Aman;validasi silang
MHS2085;1;1;1;9773;1;1;127.0;1;19;37;9;9;116.5;0;0;0;1;0;1;19;0;0;6;7;6;14.285714285714286;0;0;6;6;6;13.166666666666666;0;11.1;0.6;2.02;Graduate;0.0712;Aman;0.0342;Aman;validasi silang
MHS2086;1;1;4;9773;1;1;124.0;1;19;37;99;90;124.0;0;0;0;0;0;0;18;0;0;4;4;0;0.0;0;0;4;4;0;0.0;0;12.7;3.7;-1.7;Dropout;0.8127;Kritis;0.9787;Kritis;validasi silang
MHS2087;1;7;1;8014;0;3;140.0;1;1;1;4;4;140.0;0;0;0;1;0;0;30;0;0;6;0;0;0.0;0;0;6;0;0;0.0;0;10.8;1.4;1.74;Dropout;0.2875;Prioritas;0.9786;Kritis;validasi silang
MHS2088;1;17;1;9130;1;1;157.0;1;3;2;3;6;150.9;1;0;0;1;0;0;18;0;0;6;8;6;15.0;0;0;6;8;5;15.166666666666666;0;13.9;-0.3;0.79;Dropout;0.364;Prioritas;0.0358;Aman;validasi silang
MHS2089;1;1;3;9500;1;1;129.0;1;19;19;4;8;127.3;1;0;0;1;0;1;20;0;0;7;7;6;12.633333333333333;0;0;7;7;6;12.633333333333333;0;7.6;2.6;0.32;Graduate;0.0297;Aman;0.0389;Aman;validasi silang
MHS2090;1;39;1;9670;1;19;133.1;1;1;1;4;7;100.0;0;0;1;0;0;0;25;0;0;5;5;5;11.2;0;0;5;5;5;12.6;0;9.4;-0.8;-3.12;Dropout;0.9821;Kritis;0.5464;Prioritas;data uji
MHS2091;1;1;5;9500;1;1;142.0;1;38;37;5;7;128.8;1;0;0;1;0;0;18;0;0;7;7;6;14.233333333333334;0;0;7;7;6;14.233333333333334;0;7.6;2.6;0.32;Graduate;0.1235;Aman;0.034;Aman;validasi silang
MHS2092;5;1;3;9085;1;1;133.0;1;19;19;4;7;119.7;1;0;0;1;0;0;21;0;0;5;13;5;12.2;2;0;5;10;3;11.333333333333334;1;9.4;-0.8;-3.12;Enrolled;0.1786;Aman;0.3258;Aman;mahasiswa aktif
MHS2093;1;1;1;9500;1;1;156.0;1;5;4;2;1;140.8;0;0;0;1;0;0;18;0;0;8;8;7;15.7;0;0;8;8;7;15.7;0;12.7;3.7;-1.7;Graduate;0.1454;Aman;0.0381;Aman;validasi silang
MHS2094;1;1;1;9500;1;1;151.0;1;37;37;9;9;138.0;1;0;0;1;0;0;18;0;0;7;7;6;15.2;0;0;7;7;6;15.2;0;7.6;2.6;0.32;Graduate;0.09;Aman;0.0281;Aman;validasi silang
MHS2095;1;17;1;9853;1;1;135.0;1;3;3;2;2;132.9;1;0;0;0;0;0;29;0;0;6;9;6;16.333333333333332;0;0;6;8;5;15.6;0;12.7;3.7;-1.7;Dropout;0.942;Kritis;0.6355;Prioritas;validasi silang
MHS2096;1;43;1;9130;1;1;140.0;1;3;3;2;2;140.0;0;0;0;1;0;0;20;0;10;17;29;14;12.5625;4;7;12;24;12;12.857142857142858;1;15.5;2.8;-4.06;Graduate;0.4691;Prioritas;0.2661;Aman;validasi silang
MHS2097;1;7;1;9500;1;3;140.0;1;3;1;4;4;140.0;0;0;0;1;0;0;26;0;0;7;0;0;0.0;0;0;8;0;0;0.0;0;13.9;-0.3;0.79;Dropout;0.3597;Prioritas;0.9789;Kritis;validasi silang
MHS2098;1;1;2;9238;1;1;100.0;1;38;1;7;7;99.3;1;0;0;1;0;0;21;0;0;6;8;5;12.4;0;0;6;6;6;12.0;0;12.4;0.5;1.79;Graduate;0.2216;Prioritas;0.0486;Aman;validasi silang
MHS2099;1;18;1;9500;1;1;126.0;1;37;19;5;5;119.3;0;0;0;1;0;1;19;0;0;8;9;8;13.78125;1;0;8;9;8;13.78125;1;9.4;-0.8;-3.12;Graduate;0.0542;Aman;0.0343;Aman;validasi silang
MHS2100;1;17;2;9254;1;1;123.0;1;19;19;5;5;113.2;1;0;1;1;0;0;19;0;0;6;10;6;12.166666666666666;0;0;6;8;5;11.666666666666666;0;16.2;0.3;-0.92;Dropout;0.7836;Kritis;0.2891;Aman;validasi silang
MHS2101;1;17;1;9773;1;1;133.1;1;38;38;9;5;117.0;0;0;0;1;0;0;21;0;0;6;8;5;11.8;0;0;6;8;5;11.833333333333334;0;15.5;2.8;-4.06;Enrolled;0.3392;Prioritas;0.3348;Aman;mahasiswa aktif
MHS2102;1;18;1;8014;0;1;137.0;1;1;1;4;3;123.0;0;0;1;1;0;0;20;0;0;6;13;4;10.8;0;0;6;15;4;12.0;0;16.2;0.3;-0.92;Graduate;0.4526;Prioritas;0.8089;Kritis;data uji
MHS2103;1;1;6;9500;1;1;138.0;1;37;37;9;8;127.2;1;0;0;1;0;1;18;0;0;7;8;7;13.26;0;0;8;8;8;14.28625;0;15.5;2.8;-4.06;Graduate;0.0532;Aman;0.0388;Aman;data uji
MHS2104;1;1;2;9773;1;1;128.0;1;34;19;3;0;141.0;1;0;0;0;0;0;20;0;0;6;10;4;12.0;0;0;6;15;3;10.666666666666666;0;7.6;2.6;0.32;Dropout;0.7604;Kritis;0.9612;Kritis;data uji
MHS2105;1;1;1;9238;1;1;136.0;1;19;38;9;9;121.7;0;1;0;1;0;1;20;0;0;6;9;6;11.875;0;0;6;7;6;14.428571428571429;0;16.2;0.3;-0.92;Graduate;0.049;Aman;0.0287;Aman;data uji
MHS2106;1;43;1;9500;1;1;127.0;1;19;19;4;7;121.1;0;0;0;1;0;1;18;0;0;7;11;5;12.16;0;0;7;7;2;13.4;0;16.2;0.3;-0.92;Enrolled;0.0632;Aman;0.8221;Kritis;mahasiswa aktif
MHS2107;1;16;1;9070;1;1;145.0;1;1;1;3;3;146.1;1;0;0;1;0;0;18;0;0;6;6;1;15.0;0;0;6;7;4;12.5;0;9.4;-0.8;-3.12;Enrolled;0.1185;Aman;0.9044;Kritis;mahasiswa aktif
MHS2108;1;1;1;9773;1;1;140.0;1;37;37;9;9;142.5;1;0;0;1;0;0;18;0;0;6;6;6;13.333333333333334;0;0;6;9;5;13.2;0;9.4;-0.8;-3.12;Graduate;0.1608;Aman;0.0561;Aman;validasi silang
MHS2109;1;17;1;9085;1;1;138.0;1;2;19;2;9;126.8;1;0;0;1;0;0;18;0;0;5;12;2;11.5;0;0;5;12;3;11.8;2;10.8;1.4;1.74;Enrolled;0.2109;Aman;0.9289;Kritis;mahasiswa aktif
MHS2110;1;44;1;9085;1;39;150.0;1;3;3;2;2;150.0;1;0;0;1;0;0;22;0;2;6;7;6;14.428571428571429;0;1;6;9;5;13.0;0;13.9;-0.3;0.79;Graduate;0.3044;Prioritas;0.0673;Aman;data uji
MHS2111;1;44;3;9085;1;39;150.0;1;1;19;4;1;150.0;1;0;0;1;0;0;19;0;0;5;10;1;13.0;1;0;5;8;3;15.333333333333334;0;12.7;3.7;-1.7;Enrolled;0.2522;Prioritas;0.9251;Kritis;mahasiswa aktif
MHS2112;1;17;1;9003;1;1;131.0;1;19;1;9;2;134.5;1;0;0;1;0;1;19;0;0;6;7;6;15.0;0;0;6;8;6;14.333333333333334;0;12.4;0.5;1.79;Graduate;0.0647;Aman;0.0327;Aman;data uji
MHS2113;1;1;2;9556;1;1;136.0;1;19;19;9;9;129.5;1;0;0;1;0;0;18;0;0;7;9;7;15.155555555555557;0;0;8;8;8;16.8;0;12.7;3.7;-1.7;Graduate;0.2621;Prioritas;0.0498;Aman;validasi silang
MHS2114;1;1;1;9238;1;1;117.0;1;38;38;175;183;113.2;1;0;1;1;0;0;20;0;0;6;8;6;10.666666666666666;0;0;6;7;6;11.857142857142858;0;11.1;0.6;2.02;Graduate;0.2677;Prioritas;0.0672;Aman;validasi silang
MHS2115;1;17;1;9853;1;1;158.0;1;38;37;5;5;140.2;1;0;0;1;0;0;18;0;0;6;9;5;11.0;0;0;6;9;4;11.25;0;10.8;1.4;1.74;Dropout;0.5516;Prioritas;0.3894;Aman;data uji
MHS2116;1;17;2;9670;1;1;129.0;1;1;19;5;5;119.2;1;0;0;1;0;0;21;0;0;6;0;0;0.0;0;0;6;0;0;0.0;0;8.9;1.4;3.51;Dropout;0.2491;Prioritas;0.9799;Kritis;validasi silang
MHS2117;1;1;1;9238;1;1;140.0;1;1;19;4;4;140.7;0;0;0;1;0;0;19;0;0;6;7;6;12.285714285714286;0;0;6;7;6;12.0;0;12.4;0.5;1.79;Graduate;0.1234;Aman;0.032;Aman;validasi silang
MHS2118;1;1;5;9500;1;1;141.0;1;38;38;9;9;142.3;1;0;0;1;0;0;18;0;0;8;8;8;12.82875;0;0;8;8;8;12.82875;0;9.4;-0.8;-3.12;Dropout;0.081;Aman;0.0367;Aman;data uji
MHS2119;1;1;4;9773;1;1;132.0;11;12;12;90;4;129.9;1;0;0;1;0;0;18;1;0;6;6;6;12.666666666666666;0;0;6;8;5;14.4;0;7.6;2.6;0.32;Graduate;0.347;Prioritas;0.1104;Aman;validasi silang
MHS2120;1;17;1;171;1;1;133.0;1;1;1;6;7;134.8;1;0;0;1;0;0;18;0;0;0;0;0;0.0;0;0;0;0;0;0.0;0;12.4;0.5;1.79;Enrolled;0.3622;Prioritas;0.5872;Prioritas;mahasiswa aktif
MHS2121;1;17;1;9085;1;1;109.0;1;19;19;4;9;104.1;1;0;1;0;0;1;21;0;0;6;16;2;13.0;0;0;6;8;0;0.0;0;15.5;2.8;-4.06;Dropout;0.8649;Kritis;0.9781;Kritis;validasi silang
MHS2122;1;1;1;9147;1;1;135.0;1;1;38;5;5;122.4;0;0;1;1;0;0;19;0;0;5;10;5;10.875;0;0;5;8;4;12.4;0;13.9;-0.3;0.79;Graduate;0.5988;Prioritas;0.3175;Aman;validasi silang
MHS2123;1;1;1;9147;1;1;122.0;1;37;37;9;7;120.6;1;0;0;1;0;1;19;0;0;5;5;5;12.8;0;0;5;8;5;11.6;0;9.4;-0.8;-3.12;Graduate;0.0885;Aman;0.0317;Aman;validasi silang
MHS2124;1;17;3;9238;1;1;118.0;1;1;19;4;10;112.4;1;0;0;1;0;0;19;0;0;6;10;5;11.285714285714286;0;0;6;7;0;0.0;0;16.2;0.3;-0.92;Dropout;0.2241;Prioritas;0.9775;Kritis;data uji
MHS2125;1;1;1;171;1;1;174.0;1;5;3;3;3;157.9;0;0;0;1;0;0;18;0;0;0;0;0;0.0;0;0;0;0;0;0.0;0;13.9;-0.3;0.79;Graduate;0.2987;Prioritas;0.685;Kritis;validasi silang
MHS2126;1;43;1;9254;1;1;142.0;1;38;38;9;9;125.9;0;0;0;1;0;1;19;0;0;6;0;0;0.0;0;0;6;11;1;10.0;0;10.8;1.4;1.74;Dropout;0.0723;Aman;0.9674;Kritis;validasi silang
MHS2127;1;17;2;9500;1;1;131.0;1;38;1;5;7;118.4;1;0;0;1;0;1;20;0;0;7;9;6;13.766666666666666;0;0;8;9;8;13.744444444444444;0;16.2;0.3;-0.92;Dropout;0.0946;Aman;0.0374;Aman;validasi silang
MHS2128;1;1;3;9500;1;1;139.0;1;18;18;1;1;130.8;1;0;0;0;0;0;18;0;0;8;9;6;12.758333333333333;1;0;8;9;6;12.758333333333333;1;9.4;-0.8;-3.12;Dropout;0.7474;Kritis;0.8489;Kritis;validasi silang
MHS2129;1;1;1;171;1;1;170.0;1;19;19;8;8;176.7;1;0;0;1;0;1;19;0;0;0;0;0;0.0;0;0;0;0;0;0.0;0;11.1;0.6;2.02;Dropout;0.0888;Aman;0.0686;Aman;validasi silang
MHS2130;1;1;1;9070;1;1;182.0;1;19;1;5;7;156.8;1;0;0;1;0;0;18;0;0;6;6;6;12.666666666666666;0;0;6;8;6;13.25;0;10.8;1.4;1.74;Graduate;0.1881;Aman;0.0301;Aman;validasi silang
MHS2131;1;1;1;9085;1;1;125.0;1;19;37;3;7;126.8;0;0;0;1;0;0;18;0;0;6;13;6;12.0;0;0;6;16;4;12.75;0;11.1;0.6;2.02;Enrolled;0.1502;Aman;0.1378;Aman;mahasiswa aktif
MHS2132;1;1;1;9238;1;1;142.0;1;1;37;5;7;128.0;0;0;0;1;0;1;19;0;0;6;8;6;12.25;0;0;6;8;6;12.0;0;16.2;0.3;-0.92;Graduate;0.0599;Aman;0.0286;Aman;validasi silang
MHS2133;1;1;2;9147;1;1;119.0;1;19;37;4;5;113.8;1;0;0;1;0;0;20;0;0;5;8;3;11.333333333333334;0;0;5;8;5;12.2;0;7.6;2.6;0.32;Graduate;0.32;Prioritas;0.0443;Aman;validasi silang
MHS2134;1;17;5;9500;1;1;128.0;1;1;1;4;5;120.8;1;0;0;1;0;1;19;0;0;7;9;7;13.507142857142856;0;0;8;12;8;13.05;0;16.2;0.3;-0.92;Graduate;0.0966;Aman;0.0921;Aman;data uji
MHS2135;1;1;3;9500;1;1;150.0;1;19;38;1;1;130.8;1;0;0;1;0;0;18;0;0;8;8;7;13.614285714285714;0;0;8;8;7;13.614285714285714;0;12.7;3.7;-1.7;Graduate;0.1176;Aman;0.0338;Aman;data uji
MHS2136;1;39;1;9254;1;1;133.1;1;19;1;4;1;101.0;0;0;1;1;0;0;25;0;0;6;6;0;0.0;0;0;6;6;0;0.0;0;15.5;2.8;-4.06;Dropout;0.8521;Kritis;0.9793;Kritis;validasi silang
MHS2137;1;17;5;9070;1;1;131.0;1;37;37;9;9;126.1;1;0;0;0;0;0;18;0;0;6;9;4;11.5;1;0;6;6;6;12.166666666666666;0;7.6;2.6;0.32;Graduate;0.8456;Kritis;0.7194;Kritis;validasi silang
MHS2138;1;1;5;9773;1;1;118.0;1;38;19;9;9;113.8;1;0;0;1;0;0;19;0;0;6;7;6;12.333333333333334;0;0;6;7;6;12.5;0;8.9;1.4;3.51;Graduate;0.1933;Aman;0.0507;Aman;data uji
MHS2139;1;17;2;9556;1;1;122.0;1;19;38;4;8;118.3;1;0;0;1;0;1;19;0;0;7;7;7;11.971428571428572;0;0;8;8;8;14.4375;0;15.5;2.8;-4.06;Graduate;0.1355;Aman;0.0329;Aman;validasi silang
MHS2140;1;1;1;9147;1;1;116.0;1;19;19;5;8;127.9;0;0;1;0;0;1;20;0;0;5;12;2;13.0;1;0;5;13;2;11.5;0;9.4;-0.8;-3.12;Dropout;0.8295;Kritis;0.9708;Kritis;data uji
MHS2141;1;17;5;9500;1;1;137.0;1;1;1;5;4;131.1;1;0;0;1;0;0;18;0;0;7;9;7;12.385714285714286;0;0;8;9;7;12.728571428571428;0;13.9;-0.3;0.79;Enrolled;0.3055;Prioritas;0.1072;Aman;mahasiswa aktif
MHS2142;1;17;4;9085;1;1;128.0;1;38;37;4;9;117.9;1;0;0;1;0;0;20;0;0;5;12;2;13.5;0;0;5;12;5;11.285714285714286;1;10.8;1.4;1.74;Graduate;0.2367;Prioritas;0.2721;Aman;validasi silang
MHS2143;1;17;1;9238;1;1;123.0;1;1;1;9;9;115.7;1;0;0;1;0;0;21;0;0;6;8;6;12.166666666666666;0;0;6;7;6;13.285714285714286;0;11.1;0.6;2.02;Graduate;0.2171;Aman;0.0332;Aman;validasi silang
MHS2144;1;1;2;171;1;1;133.1;1;3;1;2;3;141.0;1;0;0;1;0;0;19;0;0;0;0;0;0.0;0;0;0;0;0;0.0;0;12.7;3.7;-1.7;Graduate;0.2807;Prioritas;0.2824;Aman;data uji
MHS2145;2;39;1;8014;0;12;110.0;1;37;37;7;9;120.0;0;0;0;1;0;0;42;0;0;6;6;6;11.666666666666666;0;0;6;6;6;13.666666666666666;0;10.8;1.4;1.74;Graduate;0.3774;Prioritas;0.0282;Aman;validasi silang
MHS2146;1;17;1;9130;1;1;143.0;1;3;3;2;2;131.8;1;0;1;0;0;0;18;0;0;6;9;5;12.4;0;0;6;12;5;14.166666666666666;0;8.9;1.4;3.51;Enrolled;0.9643;Kritis;0.9003;Kritis;mahasiswa aktif
MHS2147;1;1;1;9070;1;1;150.0;1;37;37;9;6;131.1;0;0;0;1;0;1;19;0;0;6;7;5;13.4;0;0;6;6;6;12.833333333333334;0;15.5;2.8;-4.06;Graduate;0.049;Aman;0.0302;Aman;validasi silang
MHS2148;1;1;6;9254;1;1;129.0;1;38;19;9;5;117.8;1;0;0;1;0;0;18;0;0;6;11;6;12.0;0;0;6;11;4;12.5;0;8.9;1.4;3.51;Graduate;0.2431;Prioritas;0.1235;Aman;validasi silang
MHS2149;1;10;1;9085;1;1;140.0;1;19;19;4;5;140.0;1;0;0;1;0;0;21;0;0;5;6;5;14.2;0;0;5;5;5;14.8;0;10.8;1.4;1.74;Graduate;0.2393;Prioritas;0.0321;Aman;validasi silang
MHS2150;1;1;1;9238;1;1;133.1;1;38;37;5;5;108.0;0;0;0;1;0;1;20;0;0;6;8;6;12.125;0;0;6;7;6;14.428571428571429;0;16.2;0.3;-0.92;Graduate;0.0656;Aman;0.0281;Aman;validasi silang
MHS2151;1;1;1;9853;1;1;132.0;1;1;19;3;3;122.9;1;0;0;1;0;0;20;0;0;7;7;7;13.857142857142858;0;0;7;7;7;13.285714285714286;0;11.1;0.6;2.02;Graduate;0.3436;Prioritas;0.0369;Aman;validasi silang
MHS2152;1;44;1;9085;1;39;130.0;1;3;1;2;9;130.0;1;0;0;1;0;0;21;0;1;6;13;3;11.75;0;1;6;13;5;12.333333333333334;0;12.4;0.5;1.79;Enrolled;0.361;Prioritas;0.6226;Prioritas;mahasiswa aktif
MHS2153;1;1;4;9500;1;1;137.0;1;38;37;7;7;126.0;1;0;0;1;0;0;19;0;0;7;9;7;14.283333333333337;0;0;8;9;8;13.125555555555556;0;15.5;2.8;-4.06;Graduate;0.1821;Aman;0.0455;Aman;validasi silang
MHS2154;1;42;1;9238;1;1;133.1;1;1;19;4;9;134.0;0;0;0;1;0;0;21;0;10;13;21;11;13.272727272727272;0;6;11;13;9;13.0;0;7.6;2.6;0.32;Graduate;0.1386;Aman;0.29;Aman;validasi silang
MHS2155;1;1;1;9070;1;1;143.0;1;38;19;151;193;134.3;1;1;0;1;0;0;19;0;0;6;6;6;14.666666666666666;0;0;6;7;6;15.142857142857142;0;8.9;1.4;3.51;Graduate;0.1007;Aman;0.0345;Aman;validasi silang
MHS2156;1;1;1;9500;1;1;148.0;1;19;19;9;9;138.7;0;0;0;1;0;1;19;0;0;7;10;7;15.114999999999998;0;0;8;10;8;15.092;0;15.5;2.8;-4.06;Graduate;0.0416;Aman;0.0291;Aman;validasi silang
MHS2157;1;17;2;171;1;1;137.0;1;1;1;4;1;143.3;1;0;0;1;0;0;18;0;0;0;0;0;0.0;0;0;0;0;0;0.0;0;9.4;-0.8;-3.12;Enrolled;0.3266;Prioritas;0.3385;Aman;mahasiswa aktif
MHS2158;1;44;1;9085;1;39;160.0;1;37;19;9;10;160.0;1;0;0;1;0;0;22;0;1;6;13;6;15.0;0;1;6;7;6;13.142857142857142;0;16.2;0.3;-0.92;Graduate;0.2853;Prioritas;0.0367;Aman;validasi silang
MHS2159;1;1;2;9853;1;1;112.0;1;3;1;3;5;111.0;0;0;0;1;0;0;21;0;0;6;8;5;13.2;0;0;6;9;5;14.333333333333334;0;9.4;-0.8;-3.12;Graduate;0.4644;Prioritas;0.1038;Aman;validasi silang
MHS2160;1;17;4;9254;1;1;133.0;1;37;37;5;8;128.5;1;0;0;1;0;1;18;0;0;6;14;2;11.0;0;0;6;14;3;10.333333333333334;0;7.6;2.6;0.32;Dropout;0.1542;Aman;0.9323;Kritis;data uji
MHS2161;1;1;4;9500;1;1;142.0;1;1;3;1;2;133.0;0;0;0;1;0;1;20;0;0;8;8;7;14.565714285714288;0;0;8;8;7;14.565714285714288;0;10.8;1.4;1.74;Graduate;0.034;Aman;0.0323;Aman;data uji
MHS2162;1;17;2;9670;1;1;123.0;1;34;37;0;0;114.6;1;0;1;0;0;0;18;0;0;5;8;3;12.0;0;0;5;6;4;10.75;0;7.6;2.6;0.32;Dropout;0.9749;Kritis;0.9617;Kritis;validasi silang
MHS2163;1;17;1;9238;1;1;103.0;1;19;37;7;9;104.1;0;0;0;1;0;0;20;0;0;6;6;0;0.0;0;0;5;5;0;0.0;0;8.9;1.4;3.51;Dropout;0.2122;Aman;0.9795;Kritis;validasi silang
MHS2164;1;17;4;9500;1;1;140.0;1;1;1;3;3;127.6;1;0;0;1;0;0;23;0;0;7;7;6;13.796666666666669;0;0;8;11;7;13.775;0;12.4;0.5;1.79;Graduate;0.1738;Aman;0.1099;Aman;validasi silang
MHS2165;1;1;2;9773;1;1;159.0;1;1;1;3;3;151.0;1;0;0;1;0;0;18;0;0;6;6;6;14.833333333333334;0;0;6;6;6;15.333333333333334;0;12.7;3.7;-1.7;Graduate;0.1644;Aman;0.046;Aman;data uji
MHS2166;1;44;1;9238;1;39;140.0;1;1;1;9;3;135.7;1;0;0;1;0;0;20;0;3;6;6;6;12.833333333333334;0;2;6;6;6;13.833333333333334;0;12.4;0.5;1.79;Graduate;0.1842;Aman;0.0492;Aman;validasi silang
MHS2167;1;17;1;9500;1;1;148.0;1;38;37;5;9;137.8;1;0;0;1;0;1;18;0;0;8;8;7;14.962857142857144;0;0;8;8;7;14.962857142857144;0;10.8;1.4;1.74;Graduate;0.0433;Aman;0.0272;Aman;validasi silang
MHS2168;1;1;6;9147;1;1;112.0;1;38;38;9;9;117.3;1;0;0;1;0;0;20;0;0;5;8;4;12.0;0;0;5;8;5;11.2;0;11.1;0.6;2.02;Graduate;0.2553;Prioritas;0.0643;Aman;validasi silang
MHS2169;1;18;2;9500;1;1;131.0;1;1;3;3;2;121.2;1;0;0;1;0;0;18;0;0;7;8;7;12.4;0;0;8;9;8;12.8;0;16.2;0.3;-0.92;Graduate;0.1896;Aman;0.1415;Aman;data uji
MHS2170;1;17;1;9670;1;1;145.0;1;3;3;2;1;129.3;1;0;0;1;0;0;20;0;0;6;7;6;15.571428571428571;0;0;6;6;6;17.166666666666668;0;16.2;0.3;-0.92;Graduate;0.2794;Prioritas;0.0867;Aman;validasi silang
MHS2171;1;1;5;9500;1;1;133.1;1;1;1;5;8;123.0;1;0;0;1;0;0;19;0;0;8;8;7;13.714285714285714;0;0;8;8;7;13.714285714285714;0;12.7;3.7;-1.7;Graduate;0.1832;Aman;0.0325;Aman;data uji
MHS2172;1;44;1;9085;1;39;140.0;1;1;19;4;4;140.0;0;0;0;1;0;0;21;0;2;6;9;6;13.142857142857142;0;0;6;9;6;12.166666666666666;0;13.9;-0.3;0.79;Graduate;0.405;Prioritas;0.0452;Aman;validasi silang
MHS2173;2;7;1;9070;1;43;140.0;1;37;1;9;7;140.0;0;0;0;1;0;0;33;0;0;6;7;6;15.0;0;0;6;8;3;11.0;0;11.1;0.6;2.02;Graduate;0.3806;Prioritas;0.593;Prioritas;validasi silang
MHS2174;1;1;1;9085;1;1;150.0;1;12;2;4;2;144.6;0;0;1;0;0;0;24;0;0;5;6;1;13.0;0;0;5;5;0;0.0;0;7.6;2.6;0.32;Dropout;0.9379;Kritis;0.9794;Kritis;validasi silang
MHS2175;1;43;1;9238;1;1;120.0;1;1;38;4;3;118.3;0;0;0;1;0;1;20;0;8;11;12;11;12.0;0;6;11;14;11;12.75;0;13.9;-0.3;0.79;Graduate;0.0465;Aman;0.031;Aman;data uji
MHS2176;1;1;1;171;1;1;156.0;1;19;38;9;1;153.6;1;0;0;1;0;0;18;0;0;0;0;0;0.0;0;0;0;0;0;0.0;0;9.4;-0.8;-3.12;Graduate;0.1466;Aman;0.2592;Aman;validasi silang
MHS2177;1;1;4;9070;1;1;167.0;1;1;1;7;3;158.3;1;0;0;1;0;0;18;0;0;6;6;6;15.166666666666666;0;0;6;6;6;14.166666666666666;0;15.5;2.8;-4.06;Graduate;0.1842;Aman;0.0519;Aman;validasi silang
MHS2178;1;43;1;8014;0;6;133.1;1;34;34;0;0;100.0;0;0;1;1;0;0;29;0;1;6;9;4;12.0;0;1;6;13;2;10.5;0;7.6;2.6;0.32;Dropout;0.7878;Kritis;0.972;Kritis;validasi silang
MHS2179;1;17;1;9500;1;1;147.0;1;1;1;5;5;134.9;0;1;0;1;0;0;18;0;0;7;7;7;13.642857142857142;0;0;8;11;8;14.772727272727272;0;16.2;0.3;-0.92;Graduate;0.2699;Prioritas;0.0433;Aman;validasi silang
MHS2180;1;1;3;9773;1;1;129.0;1;38;37;5;5;142.0;1;0;0;1;0;0;19;0;0;6;8;6;12.666666666666666;0;0;6;7;6;12.714285714285714;0;9.4;-0.8;-3.12;Graduate;0.2112;Aman;0.046;Aman;validasi silang
MHS2181;1;17;1;171;1;1;136.0;1;38;38;7;7;127.3;1;0;0;1;0;0;19;0;0;0;0;0;0.0;0;0;0;0;0;0.0;0;15.5;2.8;-4.06;Dropout;0.402;Prioritas;0.837;Kritis;validasi silang
MHS2182;1;17;1;9238;1;1;128.0;1;19;19;5;4;116.5;0;0;0;1;0;1;18;0;0;6;8;5;10.8;0;0;6;9;6;10.5;0;12.4;0.5;1.79;Graduate;0.0959;Aman;0.0381;Aman;validasi silang
MHS2183;1;43;1;9500;1;1;140.0;1;19;19;7;7;138.6;0;0;0;1;0;1;19;0;0;7;9;6;14.25;0;0;8;11;8;13.063636363636364;0;16.2;0.3;-0.92;Graduate;0.0548;Aman;0.0343;Aman;validasi silang
MHS2184;1;42;1;9853;1;1;141.0;1;37;19;9;3;133.0;0;0;0;1;0;0;20;0;6;14;22;12;12.153846153846152;0;5;12;18;10;12.9;0;10.8;1.4;1.74;Dropout;0.5195;Prioritas;0.1713;Aman;validasi silang
MHS2185;1;17;2;9238;1;1;133.0;1;2;1;3;4;136.2;1;0;0;1;0;0;19;0;0;6;14;1;11.5;0;0;6;12;2;10.5;0;7.6;2.6;0.32;Enrolled;0.1134;Aman;0.9794;Kritis;mahasiswa aktif
MHS2186;1;17;1;9254;1;1;125.0;1;19;19;7;5;118.0;1;0;0;1;0;1;19;0;0;6;10;4;12.25;0;0;6;9;3;12.333333333333334;0;9.4;-0.8;-3.12;Graduate;0.1707;Aman;0.7648;Kritis;validasi silang
MHS2187;1;1;1;9070;1;1;124.0;1;19;37;4;4;126.8;0;0;0;1;0;1;18;0;1;6;8;6;12.0;1;0;6;12;5;11.142857142857142;0;13.9;-0.3;0.79;Enrolled;0.069;Aman;0.098;Aman;mahasiswa aktif
MHS2188;1;1;6;9500;1;1;140.0;1;19;38;5;7;128.5;1;0;0;1;0;1;18;0;0;8;8;8;13.40375;0;0;8;8;8;13.40375;0;9.4;-0.8;-3.12;Graduate;0.0623;Aman;0.0296;Aman;validasi silang
MHS2189;1;17;1;9254;1;1;140.0;1;3;1;2;3;129.9;0;0;0;1;0;1;19;0;0;6;15;6;11.333333333333334;0;0;6;9;3;12.666666666666666;0;9.4;-0.8;-3.12;Graduate;0.1629;Aman;0.2384;Aman;data uji
MHS2190;1;17;4;9773;1;1;137.0;1;1;1;5;5;125.8;0;0;1;1;1;0;20;0;0;6;7;5;12.2;0;0;6;6;6;12.333333333333334;0;12.7;3.7;-1.7;Dropout;0.7867;Kritis;0.3473;Aman;data uji
MHS2191;1;17;1;171;1;1;144.0;1;37;37;9;6;129.3;1;0;0;1;1;1;18;0;0;0;0;0;0.0;0;0;0;0;0;0.0;0;7.6;2.6;0.32;Enrolled;0.1469;Aman;0.226;Aman;mahasiswa aktif
MHS2192;1;1;6;9500;1;1;138.0;1;4;19;2;3;124.7;1;0;0;1;1;0;18;0;0;7;0;0;0.0;0;0;8;0;0;0.0;0;16.2;0.3;-0.92;Dropout;0.1896;Aman;0.9788;Kritis;validasi silang
MHS2193;1;39;1;9003;1;1;130.0;1;3;1;2;4;154.9;0;0;1;0;1;0;35;0;0;6;8;5;16.166666666666668;0;0;6;10;4;16.0;0;8.9;1.4;3.51;Dropout;0.9679;Kritis;0.9524;Kritis;data uji
MHS2194;1;17;1;9119;1;1;142.0;1;19;38;9;7;127.3;0;0;0;1;1;0;18;0;0;5;10;3;11.0;0;0;5;6;3;11.0;1;16.2;0.3;-0.92;Enrolled;0.773;Kritis;0.9642;Kritis;mahasiswa aktif
MHS2195;1;1;1;171;1;1;136.0;1;37;19;5;8;129.0;1;0;0;1;1;1;19;0;0;0;0;0;0.0;0;0;0;0;0;0.0;0;13.9;-0.3;0.79;Graduate;0.2182;Aman;0.1686;Aman;data uji
MHS2196;1;1;2;9773;1;1;133.1;1;38;19;4;7;98.0;1;0;0;1;1;1;19;0;0;6;8;4;12.0;0;0;6;8;6;12.285714285714286;0;15.5;2.8;-4.06;Enrolled;0.2183;Aman;0.1156;Aman;mahasiswa aktif
MHS2197;1;17;2;9147;1;1;130.0;1;1;38;5;7;122.0;1;0;0;1;1;0;20;0;0;5;8;2;10.5;0;0;5;11;4;12.25;0;10.8;1.4;1.74;Enrolled;0.5775;Prioritas;0.8543;Kritis;mahasiswa aktif
MHS2198;1;43;1;9070;1;1;117.0;1;1;1;4;7;112.5;1;0;0;1;1;0;19;0;3;6;7;3;11.666666666666666;0;1;6;13;4;10.333333333333334;0;13.9;-0.3;0.79;Enrolled;0.4377;Prioritas;0.9491;Kritis;mahasiswa aktif
MHS2199;1;1;3;9147;1;1;136.0;1;38;38;9;9;127.3;1;0;0;1;1;0;19;0;0;5;8;3;11.0;0;0;5;7;2;10.0;0;12.7;3.7;-1.7;Dropout;0.4579;Prioritas;0.9703;Kritis;validasi silang
MHS2200;1;39;2;9556;1;1;133.1;1;1;1;9;10;100.5;0;0;0;1;1;0;24;0;0;7;18;0;0.0;0;0;7;13;0;0.0;1;11.1;0.6;2.02;Dropout;0.6985;Kritis;0.9795;Kritis;validasi silang
MHS2201;1;39;1;8014;0;1;140.0;1;37;37;9;7;122.0;1;0;1;0;1;0;29;0;0;6;11;4;12.5;0;0;6;7;0;0.0;0;12.4;0.5;1.79;Dropout;0.9791;Kritis;0.9795;Kritis;validasi silang
MHS2202;1;39;1;9500;1;1;150.0;1;38;3;9;1;140.0;0;0;0;1;1;0;24;0;0;7;11;7;11.294444444444444;0;0;8;22;2;12.6;0;15.5;2.8;-4.06;Graduate;0.3918;Prioritas;0.925;Kritis;validasi silang
MHS2203;1;17;2;9254;1;1;121.0;1;19;38;6;6;116.1;1;0;0;1;1;0;19;0;0;6;8;5;11.2;0;0;6;11;4;12.5;0;15.5;2.8;-4.06;Graduate;0.4559;Prioritas;0.2911;Aman;validasi silang
MHS2204;2;7;1;171;1;3;120.0;1;19;19;9;9;130.0;1;0;0;1;1;0;37;0;0;0;0;0;0.0;0;0;0;0;0;0.0;0;7.6;2.6;0.32;Dropout;0.6511;Kritis;0.7356;Kritis;validasi silang
MHS2205;1;5;2;9070;1;1;143.0;1;1;1;4;10;146.2;1;0;0;1;1;0;18;0;0;6;7;5;13.2;0;0;6;6;5;11.8;0;16.2;0.3;-0.92;Graduate;0.3287;Prioritas;0.0731;Aman;validasi silang
MHS2206;1;44;1;9119;1;39;180.0;1;1;1;9;8;180.0;0;0;0;1;1;1;20;0;3;7;12;6;14.142857142857142;0;1;6;10;6;14.125;0;12.4;0.5;1.79;Enrolled;0.3631;Prioritas;0.0509;Aman;mahasiswa aktif
MHS2207;1;1;5;9147;1;1;132.0;1;39;39;3;3;127.8;1;0;0;0;1;0;18;0;0;5;0;0;0.0;0;0;5;0;0;0.0;0;11.1;0.6;2.02;Dropout;0.957;Kritis;0.9792;Kritis;data uji
MHS2208;1;43;1;9147;1;1;130.0;1;37;19;9;8;130.8;0;0;0;1;1;0;22;0;0;5;5;0;0.0;0;0;5;9;3;13.333333333333334;2;16.2;0.3;-0.92;Enrolled;0.5646;Prioritas;0.96;Kritis;mahasiswa aktif
MHS2209;1;17;2;9147;1;1;133.1;1;38;38;4;7;109.0;1;0;0;1;1;1;22;0;0;5;7;3;12.333333333333334;0;0;5;9;3;10.571428571428571;0;10.8;1.4;1.74;Enrolled;0.2745;Prioritas;0.843;Kritis;mahasiswa aktif
MHS2210;1;1;5;9773;1;1;131.0;1;1;38;9;5;132.4;1;0;1;0;1;0;18;0;0;6;6;0;0.0;0;0;6;0;0;0.0;0;11.1;0.6;2.02;Dropout;0.916;Kritis;0.9785;Kritis;validasi silang
MHS2211;1;1;3;9500;1;1;149.0;1;1;1;4;4;129.3;1;0;0;1;1;0;18;0;0;8;8;7;13.1;0;0;8;8;7;13.1;0;12.7;3.7;-1.7;Graduate;0.2521;Prioritas;0.0305;Aman;validasi silang
MHS2212;1;1;1;9070;1;1;124.0;1;37;37;9;9;125.4;1;0;0;1;1;0;19;0;0;6;6;6;13.5;0;0;6;6;6;13.166666666666666;0;9.4;-0.8;-3.12;Graduate;0.2374;Prioritas;0.0328;Aman;validasi silang
MHS2213;1;1;1;9119;1;1;126.0;1;38;19;5;5;130.2;0;0;0;1;1;0;19;0;0;5;7;5;10.2;0;0;5;8;3;12.0;0;10.8;1.4;1.74;Enrolled;0.5985;Prioritas;0.6467;Prioritas;mahasiswa aktif
MHS2214;1;1;1;9238;1;1;140.0;1;19;38;9;9;132.0;0;0;0;1;1;0;19;0;0;6;10;5;11.571428571428571;0;0;6;10;3;13.0;0;16.2;0.3;-0.92;Dropout;0.2298;Prioritas;0.8109;Kritis;validasi silang
MHS2215;1;44;1;9003;1;39;170.0;1;19;19;9;7;170.0;1;0;1;1;1;0;21;0;0;6;7;6;15.285714285714286;0;0;6;6;6;15.166666666666666;0;12.4;0.5;1.79;Graduate;0.4835;Prioritas;0.3537;Aman;validasi silang
MHS2216;1;1;2;9773;1;1;133.0;1;3;1;2;4;130.2;0;0;0;1;1;0;19;0;0;6;9;5;12.6;0;6;10;16;8;11.0;1;8.9;1.4;3.51;Enrolled;0.3724;Prioritas;0.2873;Aman;mahasiswa aktif
MHS2217;1;18;2;9556;1;1;126.0;1;3;3;2;2;115.5;0;0;0;1;1;0;18;0;0;7;11;6;13.433333333333332;0;0;7;10;4;13.6;0;8.9;1.4;3.51;Graduate;0.5027;Prioritas;0.5778;Prioritas;validasi silang
MHS2218;1;16;2;9147;1;1;129.0;1;19;19;4;9;127.6;1;0;0;1;1;0;19;0;0;5;8;5;11.6;0;0;5;9;3;11.0;0;10.8;1.4;1.74;Dropout;0.4679;Prioritas;0.5286;Prioritas;validasi silang
MHS2219;1;7;1;9773;1;43;140.0;1;19;1;4;8;140.0;0;0;0;1;1;0;25;0;0;6;6;6;14.666666666666666;0;0;6;6;6;13.5;0;11.1;0.6;2.02;Graduate;0.5901;Prioritas;0.0733;Aman;validasi silang
MHS2220;1;1;1;9070;1;1;130.0;1;37;1;9;8;120.2;1;0;0;1;1;0;22;0;0;6;9;6;14.666666666666666;0;0;6;12;6;14.666666666666666;0;12.7;3.7;-1.7;Graduate;0.3701;Prioritas;0.0659;Aman;validasi silang
MHS2221;1;39;1;9500;1;1;130.0;1;1;1;4;9;150.0;0;0;0;1;1;0;24;0;0;8;8;7;12.742857142857144;0;0;8;8;7;12.742857142857144;0;12.7;3.7;-1.7;Graduate;0.3747;Prioritas;0.0515;Aman;validasi silang
MHS2222;1;1;2;9500;1;1;99.0;1;1;3;5;10;100.0;1;0;0;1;1;0;19;0;0;7;9;7;11.975;0;0;8;9;7;13.12857142857143;0;13.9;-0.3;0.79;Graduate;0.2689;Prioritas;0.0575;Aman;validasi silang
MHS2223;1;43;1;9119;1;1;146.0;1;3;1;2;3;100.0;0;0;0;1;1;0;18;0;0;5;9;4;12.25;0;0;5;11;3;11.666666666666666;0;13.9;-0.3;0.79;Enrolled;0.8334;Kritis;0.9228;Kritis;mahasiswa aktif
MHS2224;1;17;1;171;1;1;129.0;1;38;37;4;6;128.0;0;0;0;0;1;0;20;0;0;0;0;0;0.0;0;0;0;0;0;0.0;0;9.4;-0.8;-3.12;Dropout;0.897;Kritis;0.9528;Kritis;validasi silang
MHS2225;1;1;2;9500;1;1;132.0;1;19;19;9;7;128.0;1;0;0;1;1;1;19;0;0;8;8;7;14.935714285714283;0;0;8;8;7;14.935714285714283;0;10.8;1.4;1.74;Graduate;0.0514;Aman;0.0314;Aman;validasi silang
MHS2226;1;43;3;9254;1;1;110.0;1;37;37;9;9;107.2;1;0;0;1;1;0;19;0;1;6;16;2;10.5;0;0;6;15;4;10.0;0;7.6;2.6;0.32;Dropout;0.5147;Prioritas;0.9614;Kritis;validasi silang
MHS2227;1;1;1;9670;1;1;116.0;1;3;3;3;3;110.1;1;0;0;1;1;0;19;0;0;6;9;5;13.333333333333334;0;0;6;6;5;13.0;0;12.4;0.5;1.79;Graduate;0.3078;Prioritas;0.0905;Aman;validasi silang
MHS2228;1;43;1;9003;1;1;119.0;1;37;37;9;6;119.0;0;0;1;1;1;0;23;0;0;6;6;0;0.0;0;0;6;8;0;0.0;0;15.5;2.8;-4.06;Dropout;0.4581;Prioritas;0.9795;Kritis;validasi silang
MHS2229;2;39;1;9773;1;1;120.0;1;37;38;9;3;155.5;0;0;0;1;1;0;47;0;0;6;12;5;13.8;0;0;6;13;4;14.0;0;12.7;3.7;-1.7;Dropout;0.4166;Prioritas;0.7411;Kritis;validasi silang
MHS2230;1;1;1;9070;1;1;117.0;1;1;1;3;9;118.4;0;0;0;1;1;0;19;0;0;6;6;6;11.833333333333334;0;0;6;8;4;10.75;2;16.2;0.3;-0.92;Graduate;0.3154;Prioritas;0.2047;Aman;validasi silang
MHS2231;1;1;4;171;1;1;137.0;1;1;38;4;8;141.2;1;0;0;1;1;0;19;0;0;0;0;0;0.0;0;0;0;0;0;0.0;0;11.1;0.6;2.02;Graduate;0.3859;Prioritas;0.425;Prioritas;validasi silang
MHS2232;1;1;1;171;1;1;124.0;1;3;3;2;2;119.1;1;0;0;1;1;0;18;0;0;0;0;0;0.0;0;0;0;0;0;0.0;0;16.2;0.3;-0.92;Dropout;0.5677;Prioritas;0.7575;Kritis;validasi silang
MHS2233;1;43;1;9147;1;1;151.0;1;1;3;1;1;111.0;0;0;0;1;1;0;28;0;0;5;9;2;10.0;0;0;5;9;0;0.0;0;15.5;2.8;-4.06;Dropout;0.6557;Kritis;0.9788;Kritis;validasi silang
MHS2234;1;43;1;9254;1;6;138.6;1;34;34;0;0;138.6;1;0;0;1;1;0;20;0;0;6;10;4;11.5;0;0;6;11;3;11.666666666666666;0;7.6;2.6;0.32;Dropout;0.8511;Kritis;0.9711;Kritis;data uji
MHS2235;1;17;2;9254;1;1;118.0;1;19;19;5;7;121.2;0;0;0;1;1;1;18;0;0;6;12;3;10.666666666666666;0;0;6;9;4;12.0;0;15.5;2.8;-4.06;Enrolled;0.3556;Prioritas;0.6839;Kritis;mahasiswa aktif
MHS2236;1;1;1;171;1;1;136.0;1;19;19;4;8;150.4;1;0;0;1;1;1;21;0;0;0;0;0;0.0;0;0;0;0;0;0.0;0;12.4;0.5;1.79;Graduate;0.144;Aman;0.1833;Aman;validasi silang
MHS2237;1;1;1;9254;1;1;123.0;1;38;19;9;4;117.8;0;0;0;1;1;0;19;0;0;6;10;4;12.75;0;0;6;12;2;13.0;0;10.8;1.4;1.74;Enrolled;0.4556;Prioritas;0.9748;Kritis;mahasiswa aktif
MHS2238;1;39;1;9254;1;19;133.1;1;38;37;4;5;102.5;0;0;1;0;1;0;24;0;0;6;7;0;0.0;0;0;6;7;0;0.0;0;16.2;0.3;-0.92;Dropout;0.9944;Kritis;0.9796;Kritis;validasi silang
MHS2239;1;39;1;9130;1;1;130.0;1;19;1;191;144;110.0;0;0;0;1;1;0;24;0;0;6;11;6;11.333333333333334;0;0;6;12;3;11.333333333333334;0;16.2;0.3;-0.92;Enrolled;0.7253;Kritis;0.5789;Prioritas;mahasiswa aktif
MHS2240;1;39;1;9085;1;12;133.1;1;38;19;9;8;138.3;1;0;1;0;1;0;25;0;0;6;6;0;0.0;0;0;6;6;0;0.0;0;8.9;1.4;3.51;Enrolled;0.9767;Kritis;0.98;Kritis;mahasiswa aktif
MHS2241;1;39;1;9254;1;1;150.0;1;3;1;3;4;122.3;0;0;0;1;1;0;28;0;0;6;10;6;13.0;0;0;6;8;5;12.2;0;13.9;-0.3;0.79;Graduate;0.7812;Kritis;0.1094;Aman;validasi silang
MHS2242;2;39;1;9991;0;1;130.0;1;37;37;9;9;127.8;0;0;0;1;1;0;37;0;0;5;7;4;10.75;0;0;5;7;3;11.333333333333334;0;7.6;2.6;0.32;Enrolled;0.5524;Prioritas;0.9543;Kritis;mahasiswa aktif
MHS2243;1;43;1;9119;1;1;128.0;1;1;38;4;7;100.0;0;0;0;1;1;0;19;0;0;5;8;5;12.0;0;0;5;12;2;10.5;0;13.9;-0.3;0.79;Enrolled;0.7812;Kritis;0.9328;Kritis;mahasiswa aktif
MHS2244;1;17;4;9500;1;1;133.0;1;38;37;5;7;126.4;1;0;0;1;1;1;18;0;0;7;7;7;13.462857142857144;0;0;8;8;8;13.90625;0;11.1;0.6;2.02;Graduate;0.094;Aman;0.0377;Aman;validasi silang
MHS2245;1;39;1;9254;1;19;133.1;1;37;37;90;90;100.0;0;0;0;1;1;0;48;0;0;6;13;3;10.0;0;0;6;15;1;10.0;0;7.6;2.6;0.32;Dropout;0.9113;Kritis;0.9763;Kritis;validasi silang
MHS2246;1;17;4;9238;1;1;129.0;1;37;37;9;8;117.1;1;0;0;1;1;0;21;0;0;6;6;6;12.333333333333334;0;0;6;7;6;13.666666666666666;0;8.9;1.4;3.51;Graduate;0.2932;Prioritas;0.0407;Aman;data uji
MHS2247;1;17;1;9500;1;1;128.0;1;1;1;4;5;124.7;0;0;0;1;1;1;19;0;0;7;11;6;12.528571428571428;0;0;7;10;6;12.416666666666666;0;15.5;2.8;-4.06;Enrolled;0.1378;Aman;0.0558;Aman;mahasiswa aktif
MHS2248;1;43;2;9500;1;1;136.0;1;19;1;9;10;124.1;0;0;0;1;1;1;21;0;0;8;8;0;0.0;8;0;8;8;0;0.0;8;9.4;-0.8;-3.12;Enrolled;0.0865;Aman;0.9769;Kritis;mahasiswa aktif
MHS2249;1;44;1;9119;1;1;130.0;1;37;12;9;8;129.4;1;0;1;0;1;0;23;0;0;5;6;0;0.0;0;0;5;7;0;0.0;0;13.9;-0.3;0.79;Dropout;0.9906;Kritis;0.98;Kritis;data uji
MHS2250;1;1;1;9130;1;1;141.0;1;1;1;4;10;138.9;1;0;0;1;1;0;18;0;0;5;5;5;13.6;0;0;5;6;4;13.25;1;10.8;1.4;1.74;Graduate;0.4598;Prioritas;0.0669;Aman;validasi silang
MHS2251;1;44;1;9238;1;39;140.0;1;1;1;4;3;138.6;0;0;0;1;1;0;22;0;3;6;7;6;12.333333333333334;0;2;6;6;2;14.0;0;13.9;-0.3;0.79;Dropout;0.3638;Prioritas;0.7669;Kritis;validasi silang
MHS2252;1;16;1;171;1;1;122.0;1;19;37;9;7;133.9;1;0;0;1;1;0;25;0;9;13;16;10;11.454545454545457;0;5;11;13;7;12.25;0;12.4;0.5;1.79;Dropout;0.4041;Prioritas;0.6306;Prioritas;validasi silang
MHS2253;1;7;1;9085;1;40;140.0;1;5;3;2;2;140.0;0;0;1;1;1;0;27;0;8;13;13;8;13.5;2;5;11;12;5;14.4;0;11.1;0.6;2.02;Dropout;0.7179;Kritis;0.92;Kritis;validasi silang
MHS2254;1;39;1;9119;1;12;133.1;1;34;34;0;0;95.1;0;0;0;0;1;0;49;0;0;5;5;0;0.0;0;0;5;6;0;0.0;0;10.8;1.4;1.74;Dropout;0.9994;Kritis;0.9796;Kritis;validasi silang
MHS2255;1;39;1;9991;0;1;120.0;1;19;37;5;5;128.2;0;0;0;0;1;0;31;0;0;5;5;2;11.0;0;0;5;0;0;0.0;0;12.7;3.7;-1.7;Dropout;0.9696;Kritis;0.9788;Kritis;validasi silang
MHS2256;1;39;1;9254;1;1;133.1;1;37;37;9;6;121.5;0;0;0;1;1;0;54;0;0;6;9;6;13.714285714285714;0;0;6;13;5;14.333333333333334;0;16.2;0.3;-0.92;Dropout;0.7336;Kritis;0.0994;Aman;validasi silang
MHS2257;1;7;1;33;1;40;120.0;1;38;37;5;6;120.0;1;0;1;0;1;0;25;0;18;21;26;21;12.363636363636363;0;12;16;21;12;12.25;1;11.1;0.6;2.02;Dropout;0.9721;Kritis;0.8187;Kritis;validasi silang
MHS2258;1;44;1;9003;1;39;130.0;1;5;3;2;2;130.0;0;0;0;1;1;0;20;0;1;7;13;3;10.666666666666666;0;0;6;14;2;11.5;0;15.5;2.8;-4.06;Enrolled;0.4926;Prioritas;0.979;Kritis;mahasiswa aktif
MHS2259;1;7;1;9070;1;3;120.0;1;4;4;2;2;120.0;0;0;0;1;1;0;28;0;0;6;9;2;12.0;0;0;6;10;3;12.666666666666666;0;12.7;3.7;-1.7;Dropout;0.6066;Prioritas;0.9741;Kritis;validasi silang
MHS2260;2;39;1;8014;0;19;133.1;1;37;37;9;6;107.0;0;0;0;1;1;0;41;0;1;7;7;7;12.857142857142858;0;0;6;6;6;13.166666666666666;0;12.7;3.7;-1.7;Graduate;0.4259;Prioritas;0.0358;Aman;validasi silang
MHS2261;1;1;2;9670;1;1;122.0;1;1;19;4;4;116.1;0;0;0;1;1;1;19;0;0;6;10;6;13.125;0;0;6;9;6;12.714285714285714;0;11.1;0.6;2.02;Enrolled;0.1226;Aman;0.0487;Aman;mahasiswa aktif
MHS2262;1;43;1;9147;1;1;123.0;1;1;1;4;4;114.4;0;0;0;1;1;0;22;0;0;5;6;0;0.0;0;0;5;8;2;11.5;0;15.5;2.8;-4.06;Dropout;0.6755;Kritis;0.9765;Kritis;validasi silang
MHS2263;1;1;1;9254;1;1;178.0;1;2;1;2;3;157.7;0;0;0;1;1;0;34;0;0;6;13;2;13.5;0;0;6;6;0;0.0;0;15.5;2.8;-4.06;Dropout;0.4064;Prioritas;0.9793;Kritis;validasi silang
MHS2264;1;39;1;9003;1;1;130.0;1;38;38;9;9;150.0;0;0;1;0;1;0;28;0;5;11;14;11;15.090909090909092;0;5;10;11;10;15.0;0;11.1;0.6;2.02;Dropout;0.9313;Kritis;0.4401;Prioritas;validasi silang
MHS2265;1;1;1;9853;1;1;110.0;1;37;37;9;4;114.3;1;0;0;1;1;0;42;0;0;6;9;5;12.4;0;0;6;10;5;11.8;0;7.6;2.6;0.32;Enrolled;0.7043;Kritis;0.3555;Aman;mahasiswa aktif
MHS2266;1;18;1;9085;1;1;106.0;1;1;19;3;5;104.6;0;0;0;0;1;0;21;0;0;6;10;5;14.0;0;0;6;11;4;14.8;0;11.1;0.6;2.02;Enrolled;0.9057;Kritis;0.9399;Kritis;mahasiswa aktif
MHS2267;1;7;1;9003;1;3;140.0;1;39;39;9;4;140.0;0;0;0;1;1;0;50;0;2;6;8;2;13.5;0;1;6;9;1;13.0;0;15.5;2.8;-4.06;Dropout;0.7968;Kritis;0.9756;Kritis;validasi silang
MHS2268;1;1;4;9147;1;1;108.0;1;3;1;3;4;109.1;1;0;0;1;1;0;19;0;0;5;5;0;0.0;0;0;5;5;0;0.0;0;12.4;0.5;1.79;Dropout;0.5662;Prioritas;0.9791;Kritis;validasi silang
MHS2269;1;43;1;9500;1;1;120.0;1;3;4;2;4;120.6;0;0;0;1;1;0;18;0;0;7;12;4;12.65;0;0;7;10;3;10.666666666666666;0;16.2;0.3;-0.92;Dropout;0.421;Prioritas;0.973;Kritis;validasi silang
MHS2270;2;39;1;9991;0;1;100.0;1;37;37;1;1;161.9;0;0;0;1;1;0;59;0;0;5;7;0;0.0;0;0;5;7;0;0.0;0;16.2;0.3;-0.92;Dropout;0.6387;Prioritas;0.9787;Kritis;validasi silang
MHS2271;2;7;1;9991;0;3;140.0;1;34;34;99;99;140.0;1;0;0;0;1;0;33;0;0;5;5;0;0.0;0;0;5;5;0;0.0;0;7.6;2.6;0.32;Dropout;0.9889;Kritis;0.9799;Kritis;validasi silang
MHS2272;1;17;2;9070;1;1;133.1;1;37;38;9;10;178.0;1;0;0;1;1;1;23;0;0;6;8;6;13.333333333333334;0;0;6;7;5;12.8;0;9.4;-0.8;-3.12;Graduate;0.0667;Aman;0.0846;Aman;validasi silang
MHS2273;2;39;1;9991;0;19;133.1;1;37;1;5;5;138.3;0;0;0;1;1;0;44;0;0;5;9;3;11.333333333333334;0;0;5;8;5;11.142857142857142;0;13.9;-0.3;0.79;Dropout;0.7424;Kritis;0.4905;Prioritas;data uji
MHS2274;2;1;4;8014;0;1;140.0;1;34;34;0;0;128.0;1;0;0;1;1;0;37;0;0;6;0;0;0.0;0;0;6;0;0;0.0;0;9.4;-0.8;-3.12;Dropout;0.5193;Prioritas;0.9773;Kritis;validasi silang
MHS2275;2;39;1;171;1;19;100.0;1;37;37;9;9;139.0;0;0;0;1;1;0;36;0;0;0;0;0;0.0;0;0;0;0;0;0.0;0;10.8;1.4;1.74;Dropout;0.4763;Prioritas;0.8912;Kritis;validasi silang
MHS2276;1;1;2;9991;0;1;123.0;1;1;3;4;2;113.2;0;0;0;0;1;0;22;0;0;5;7;3;11.666666666666666;0;0;5;8;2;10.5;2;7.6;2.6;0.32;Dropout;0.8996;Kritis;0.9747;Kritis;data uji
MHS2277;2;39;1;8014;0;19;133.1;1;37;37;6;6;139.0;0;0;0;1;1;0;49;0;0;6;8;6;12.166666666666666;0;0;6;8;6;14.428571428571429;0;12.4;0.5;1.79;Graduate;0.2026;Aman;0.0441;Aman;validasi silang
MHS2278;1;51;1;9773;1;1;135.0;1;1;42;5;3;110.0;1;0;0;1;1;0;23;0;0;6;7;6;13.333333333333334;0;0;6;6;4;12.75;0;11.1;0.6;2.02;Graduate;0.6191;Prioritas;0.1531;Aman;validasi silang
MHS2279;1;1;1;9070;1;1;132.0;1;1;1;4;9;136.6;1;0;0;1;1;0;19;0;0;6;7;5;11.4;0;0;6;10;3;11.0;3;7.6;2.6;0.32;Enrolled;0.2154;Aman;0.839;Kritis;mahasiswa aktif
MHS2280;2;43;1;8014;0;1;120.0;1;37;37;5;5;161.1;0;0;0;1;1;0;47;0;0;6;9;6;12.142857142857142;0;0;6;6;0;0.0;0;16.2;0.3;-0.92;Dropout;0.1717;Aman;0.9752;Kritis;validasi silang
MHS2281;1;43;1;9003;1;1;130.0;1;1;2;4;2;130.0;0;0;0;1;1;0;28;0;9;18;36;17;13.058823529411764;1;6;12;15;12;12.307692307692308;0;15.5;2.8;-4.06;Graduate;0.5974;Prioritas;0.0859;Aman;validasi silang
MHS2282;1;44;1;9003;1;39;140.0;1;1;38;9;6;140.0;0;0;0;1;1;0;21;0;0;6;13;4;11.75;0;0;6;15;4;10.5;0;15.5;2.8;-4.06;Enrolled;0.267;Prioritas;0.9358;Kritis;mahasiswa aktif
MHS2283;1;1;1;9254;1;1;133.1;1;38;1;9;9;121.0;0;0;1;0;1;0;21;0;0;6;9;5;11.833333333333334;0;0;6;8;5;10.0;0;8.9;1.4;3.51;Dropout;0.9609;Kritis;0.8866;Kritis;validasi silang
MHS2284;1;43;1;9238;1;39;120.0;1;2;1;1;2;118.6;0;0;0;1;1;0;21;0;9;11;14;10;12.4;0;6;10;13;10;11.8;0;13.9;-0.3;0.79;Graduate;0.3579;Prioritas;0.0573;Aman;validasi silang
MHS2285;1;1;1;9070;1;1;140.0;1;19;38;4;4;138.3;0;0;0;1;1;0;20;0;1;6;8;6;13.428571428571429;1;0;6;12;4;11.5;0;13.9;-0.3;0.79;Enrolled;0.2988;Prioritas;0.3235;Aman;mahasiswa aktif
MHS2286;2;42;1;9147;1;1;133.1;1;37;37;9;9;115.8;0;0;0;0;1;0;49;0;0;5;5;0;0.0;0;0;5;9;0;0.0;0;10.8;1.4;1.74;Dropout;0.9545;Kritis;0.9795;Kritis;validasi silang
MHS2287;1;39;1;9991;0;1;120.0;1;19;37;6;8;160.0;0;0;0;1;1;0;40;0;0;5;5;5;11.0;0;0;5;5;5;13.4;0;15.5;2.8;-4.06;Graduate;0.6123;Prioritas;0.0818;Aman;validasi silang
MHS2288;1;17;1;9254;1;1;125.0;1;1;1;3;3;114.5;0;0;0;1;1;1;22;0;0;6;8;6;13.625;0;0;6;8;6;14.428571428571429;0;11.1;0.6;2.02;Graduate;0.2436;Prioritas;0.0384;Aman;validasi silang
MHS2289;1;42;1;9119;1;1;136.0;1;1;37;5;5;117.5;0;0;0;1;1;0;19;0;2;5;6;4;11.8;0;0;5;7;2;11.5;0;15.5;2.8;-4.06;Enrolled;0.8505;Kritis;0.9501;Kritis;mahasiswa aktif
MHS2290;1;39;1;9991;0;1;133.1;1;3;38;2;7;121.7;0;0;0;1;1;0;31;0;0;5;5;0;0.0;0;0;5;7;0;0.0;0;13.9;-0.3;0.79;Dropout;0.7073;Kritis;0.9795;Kritis;validasi silang
MHS2291;1;42;1;9119;1;1;120.0;1;5;5;2;2;115.0;0;0;0;1;1;0;30;0;1;6;9;2;15.0;0;1;6;7;2;13.5;0;15.5;2.8;-4.06;Dropout;0.8776;Kritis;0.9745;Kritis;validasi silang
MHS2292;1;1;1;9238;1;1;127.0;1;37;37;5;10;125.3;0;0;0;1;1;0;19;0;0;6;9;5;10.8;0;0;6;11;5;11.0;0;7.6;2.6;0.32;Graduate;0.1995;Aman;0.1185;Aman;validasi silang
MHS2293;1;18;1;9147;1;1;131.0;1;34;34;90;90;131.0;0;0;0;1;1;0;22;0;0;5;11;3;13.666666666666666;0;0;5;10;3;11.333333333333334;0;9.4;-0.8;-3.12;Dropout;0.9035;Kritis;0.9319;Kritis;validasi silang
MHS2294;1;1;1;9773;1;1;127.0;1;19;37;9;9;126.3;0;0;0;1;1;0;19;0;0;6;8;6;12.833333333333334;0;0;6;8;6;13.333333333333334;0;15.5;2.8;-4.06;Graduate;0.4001;Prioritas;0.0409;Aman;data uji
MHS2295;1;17;1;171;1;1;132.0;1;1;37;4;9;127.1;0;0;0;0;1;0;21;0;0;0;0;0;0.0;0;0;0;0;0;0.0;0;7.6;2.6;0.32;Dropout;0.9342;Kritis;0.8986;Kritis;validasi silang
MHS2296;1;17;3;9670;1;1;137.0;1;1;38;4;7;138.4;0;0;0;1;1;0;19;0;0;6;8;6;15.125;0;0;6;7;6;13.428571428571429;0;11.1;0.6;2.02;Graduate;0.3218;Prioritas;0.0329;Aman;validasi silang
MHS2297;1;43;2;9147;1;1;126.0;1;1;19;3;3;100.0;1;0;0;1;1;0;22;0;0;5;11;0;0.0;0;0;5;7;1;10.0;1;16.2;0.3;-0.92;Dropout;0.6311;Prioritas;0.977;Kritis;data uji
MHS2298;1;1;1;9238;1;1;136.0;1;4;5;2;2;126.2;0;0;0;1;1;0;22;0;0;6;10;5;11.4;0;0;6;8;5;11.0;0;10.8;1.4;1.74;Graduate;0.1631;Aman;0.0987;Aman;validasi silang
MHS2299;1;1;1;9238;1;1;124.0;1;1;1;4;4;118.8;0;0;0;1;1;0;19;0;0;6;12;4;12.25;0;0;6;9;6;11.0;0;9.4;-0.8;-3.12;Graduate;0.2792;Prioritas;0.1219;Aman;validasi silang
MHS2300;1;39;1;9254;1;39;137.0;1;1;1;5;10;124.5;0;0;0;0;1;0;26;0;0;6;0;0;0.0;0;0;6;0;0;0.0;0;16.2;0.3;-0.92;Dropout;0.988;Kritis;0.98;Kritis;data uji
MHS2301;1;44;1;9119;1;39;140.0;1;5;41;3;2;140.0;0;0;0;1;1;0;23;0;3;7;12;3;14.0;0;1;6;12;1;14.0;0;12.4;0.5;1.79;Enrolled;0.8348;Kritis;0.9778;Kritis;mahasiswa aktif
MHS2302;1;17;1;9070;1;1;131.0;1;19;19;7;7;125.1;0;0;0;1;1;0;18;0;0;6;7;6;12.333333333333334;0;0;6;10;5;10.8;4;16.2;0.3;-0.92;Enrolled;0.498;Prioritas;0.097;Aman;mahasiswa aktif
MHS2303;1;1;1;9147;1;1;130.0;1;37;37;9;9;118.8;0;0;1;1;1;1;22;0;0;5;8;5;10.666666666666666;0;0;5;11;2;11.0;0;15.5;2.8;-4.06;Enrolled;0.4734;Prioritas;0.7918;Kritis;mahasiswa aktif
MHS2304;1;18;5;9119;1;1;136.0;1;3;2;2;3;125.2;1;0;0;1;1;0;19;0;0;5;9;5;11.833333333333334;0;0;5;9;5;14.714285714285714;0;12.4;0.5;1.79;Enrolled;0.8645;Kritis;0.1202;Aman;mahasiswa aktif
MHS2305;1;17;1;9147;1;1;133.1;1;1;19;4;8;95.0;0;0;0;1;1;0;20;0;0;5;14;0;0.0;0;0;5;5;0;0.0;0;11.1;0.6;2.02;Dropout;0.6365;Prioritas;0.9795;Kritis;validasi silang
MHS2306;1;1;3;9070;1;1;110.0;1;37;37;9;9;107.6;1;0;0;1;1;1;22;0;0;6;6;6;11.666666666666666;0;0;6;6;6;12.166666666666666;0;7.6;2.6;0.32;Enrolled;0.0922;Aman;0.0505;Aman;mahasiswa aktif
MHS2307;1;7;1;9130;1;3;140.0;1;2;38;2;3;140.0;1;0;0;0;1;0;18;0;2;5;7;2;13.0;0;0;5;5;0;0.0;0;12.7;3.7;-1.7;Dropout;0.9549;Kritis;0.9781;Kritis;validasi silang
MHS2308;4;43;2;9991;0;38;133.1;1;3;1;2;9;125.4;0;0;0;1;1;0;39;0;0;2;5;0;0.0;0;0;4;4;0;0.0;0;10.8;1.4;1.74;Dropout;0.5257;Prioritas;0.9743;Kritis;validasi silang
MHS2309;1;1;1;9500;1;1;141.0;1;19;1;90;90;128.0;0;0;0;1;1;0;18;0;0;8;8;0;0.0;3;0;8;8;0;0.0;3;10.8;1.4;1.74;Dropout;0.3717;Prioritas;0.9791;Kritis;data uji
MHS2310;1;17;3;9119;1;1;130.0;1;1;38;3;3;129.3;0;0;0;1;1;1;18;0;0;5;5;5;13.0;0;0;5;5;5;14.2;0;8.9;1.4;3.51;Graduate;0.3425;Prioritas;0.0545;Aman;validasi silang
MHS2311;1;1;1;9238;1;1;160.0;1;19;38;9;9;152.0;0;0;0;1;1;1;19;0;0;6;7;6;13.857142857142858;0;0;6;6;6;14.0;0;13.9;-0.3;0.79;Graduate;0.0446;Aman;0.0301;Aman;validasi silang
MHS2312;1;1;1;9500;1;1;140.0;1;1;19;9;9;128.8;0;0;0;1;1;0;18;0;0;7;7;6;13.391666666666666;0;0;8;8;8;12.4875;0;12.4;0.5;1.79;Graduate;0.176;Aman;0.0327;Aman;validasi silang
MHS2313;1;1;1;9147;1;1;150.0;1;34;19;0;4;152.8;1;0;0;1;1;1;18;0;0;5;7;4;12.75;0;0;5;5;0;0.0;0;7.6;2.6;0.32;Dropout;0.3762;Prioritas;0.9719;Kritis;validasi silang
MHS2314;1;44;1;9130;1;39;150.0;1;37;37;6;6;150.0;1;0;0;1;1;0;22;0;0;5;7;4;14.5;0;0;5;5;5;14.6;0;10.8;1.4;1.74;Graduate;0.5289;Prioritas;0.0675;Aman;validasi silang
MHS2315;1;1;1;9238;1;1;133.1;1;1;1;3;4;112.0;0;0;0;1;1;0;19;0;0;6;7;6;12.166666666666666;0;0;6;6;6;12.166666666666666;0;12.4;0.5;1.79;Graduate;0.2961;Prioritas;0.036;Aman;validasi silang
MHS2316;1;1;1;9130;1;1;152.0;1;19;37;9;8;135.6;1;0;0;1;1;0;18;0;0;5;5;5;15.4;0;0;5;5;5;15.6;0;12.7;3.7;-1.7;Dropout;0.4836;Prioritas;0.0433;Aman;validasi silang
MHS2317;1;39;1;9119;1;19;133.1;1;1;1;4;3;134.4;0;0;1;0;1;0;31;0;0;5;9;2;13.333333333333334;0;0;5;9;2;16.0;4;16.2;0.3;-0.92;Dropout;0.9965;Kritis;0.9756;Kritis;validasi silang
MHS2318;1;39;1;9991;0;1;130.0;1;3;1;3;3;120.5;0;0;0;1;1;0;28;0;0;5;5;0;0.0;0;0;5;5;0;0.0;0;12.7;3.7;-1.7;Dropout;0.6897;Kritis;0.9795;Kritis;validasi silang
MHS2319;1;1;1;9070;1;1;148.0;1;1;1;4;8;141.4;0;0;0;1;1;0;19;0;0;6;0;0;0.0;0;0;6;0;0;0.0;0;15.5;2.8;-4.06;Dropout;0.2699;Prioritas;0.9795;Kritis;validasi silang
MHS2320;1;17;1;9254;1;1;148.0;1;1;1;4;8;145.2;0;0;0;1;1;0;20;0;0;6;7;6;13.714285714285714;0;0;6;8;6;14.714285714285714;0;16.2;0.3;-0.92;Graduate;0.6526;Kritis;0.0355;Aman;validasi silang
MHS2321;4;39;1;9238;1;1;130.0;1;19;3;9;2;140.0;0;0;0;1;1;0;50;0;0;6;7;4;12.25;0;0;6;7;0;0.0;0;8.9;1.4;3.51;Dropout;0.3264;Prioritas;0.9782;Kritis;validasi silang
MHS2322;1;43;1;9070;1;1;160.0;1;1;2;4;2;100.0;0;0;0;1;1;0;38;0;1;6;9;5;16.0;1;0;6;11;4;16.5;0;13.9;-0.3;0.79;Enrolled;0.6899;Kritis;0.558;Prioritas;mahasiswa aktif
MHS2323;2;39;1;9991;0;1;130.0;1;37;37;9;9;140.0;1;0;0;1;1;0;31;0;0;5;8;1;11.0;0;0;5;5;1;13.0;0;9.4;-0.8;-3.12;Dropout;0.5513;Prioritas;0.977;Kritis;validasi silang
MHS2324;1;39;1;9500;1;1;110.0;1;1;37;9;9;126.0;1;0;0;1;1;0;27;0;0;7;7;7;14.085714285714284;0;0;7;7;7;14.085714285714284;0;7.6;2.6;0.32;Enrolled;0.3419;Prioritas;0.0405;Aman;mahasiswa aktif
MHS2325;1;18;1;9238;1;1;122.0;1;1;3;9;2;112.6;1;0;0;1;1;0;21;0;0;6;9;6;10.166666666666666;0;0;6;10;6;10.5;0;12.7;3.7;-1.7;Graduate;0.4695;Prioritas;0.069;Aman;validasi silang
MHS2326;2;39;1;9119;1;1;110.0;1;37;37;9;9;106.8;0;0;0;1;1;0;34;0;0;5;8;1;10.0;0;0;5;9;0;0.0;0;8.9;1.4;3.51;Dropout;0.7862;Kritis;0.9795;Kritis;validasi silang
MHS2327;1;51;1;9119;1;1;129.0;1;2;37;2;9;121.6;1;0;0;1;1;0;19;0;0;5;10;0;0.0;0;0;5;7;1;10.0;0;7.6;2.6;0.32;Enrolled;0.6343;Prioritas;0.9793;Kritis;mahasiswa aktif
MHS2328;2;39;1;9991;0;1;110.0;1;37;37;1;4;120.0;1;0;0;0;1;0;40;0;0;5;10;2;10.5;0;0;5;5;3;10.666666666666666;0;9.4;-0.8;-3.12;Dropout;0.9674;Kritis;0.9776;Kritis;validasi silang
MHS2329;1;1;1;171;1;1;170.0;1;38;19;9;2;160.6;1;0;0;1;1;1;18;0;0;0;0;0;0.0;0;0;0;0;0;0.0;0;12.7;3.7;-1.7;Graduate;0.0946;Aman;0.1645;Aman;validasi silang
MHS2330;2;39;1;9070;1;12;110.0;1;37;38;5;10;130.0;0;0;1;0;1;1;46;0;0;6;6;0;0.0;0;0;6;6;0;0.0;0;15.5;2.8;-4.06;Dropout;0.9315;Kritis;0.9776;Kritis;validasi silang
MHS2331;1;43;5;8014;0;1;110.0;1;34;34;0;0;110.0;0;0;0;1;1;0;37;0;0;6;12;0;0.0;0;0;5;10;0;0.0;0;7.6;2.6;0.32;Dropout;0.6786;Kritis;0.9792;Kritis;validasi silang
MHS2332;1;39;1;9003;1;1;133.1;1;19;37;9;7;110.0;1;0;0;1;1;0;31;0;0;6;8;0;0.0;0;0;6;10;0;0.0;0;16.2;0.3;-0.92;Dropout;0.6512;Kritis;0.9793;Kritis;validasi silang
MHS2333;1;39;1;9003;1;1;133.1;1;1;19;4;10;145.8;0;0;0;1;1;0;34;0;0;6;15;5;13.333333333333334;0;0;6;15;5;12.4;0;12.4;0.5;1.79;Graduate;0.3103;Prioritas;0.2757;Aman;validasi silang
MHS2334;1;1;6;171;1;1;126.0;1;10;10;4;4;130.2;1;0;0;1;1;1;18;0;0;0;0;0;0.0;0;0;0;0;0;0.0;0;9.4;-0.8;-3.12;Dropout;0.276;Prioritas;0.0922;Aman;validasi silang
MHS2335;1;1;1;9670;1;1;137.0;1;38;37;9;9;122.3;0;0;0;1;1;1;18;0;0;6;7;6;13.571428571428571;0;0;6;6;6;14.333333333333334;0;12.4;0.5;1.79;Graduate;0.0878;Aman;0.038;Aman;validasi silang
MHS2336;1;17;4;9070;1;1;117.0;1;1;1;3;3;125.4;1;0;0;1;1;1;19;0;0;6;6;6;12.833333333333334;0;0;6;7;6;11.166666666666666;0;11.1;0.6;2.02;Graduate;0.1168;Aman;0.0504;Aman;validasi silang
MHS2337;1;43;1;9991;0;1;100.0;1;37;19;9;4;130.0;0;0;0;1;1;0;40;0;1;5;6;4;10.25;0;3;8;18;5;11.2;5;15.5;2.8;-4.06;Dropout;0.579;Prioritas;0.8939;Kritis;validasi silang
MHS2338;1;39;1;9130;1;1;120.0;1;1;38;9;9;150.0;0;0;0;1;1;0;25;0;0;6;6;0;0.0;0;0;6;6;0;0.0;0;12.4;0.5;1.79;Dropout;0.6179;Prioritas;0.9795;Kritis;validasi silang
MHS2339;1;17;5;9119;1;1;126.0;1;38;38;5;9;116.9;1;0;1;1;1;0;20;0;0;5;5;4;14.5;0;0;6;8;3;13.333333333333334;0;11.1;0.6;2.02;Dropout;0.9081;Kritis;0.8707;Kritis;validasi silang
MHS2340;1;17;1;9119;1;1;122.0;1;19;19;9;9;114.7;0;0;0;1;1;0;20;0;0;5;6;5;15.8;0;0;5;8;5;13.714285714285714;0;11.1;0.6;2.02;Enrolled;0.7413;Kritis;0.0928;Aman;mahasiswa aktif
MHS2341;1;39;1;9003;1;1;111.0;1;37;37;9;10;95.8;1;0;0;0;1;0;43;0;0;6;0;0;0.0;0;0;6;0;0;0.0;0;15.5;2.8;-4.06;Dropout;0.9594;Kritis;0.9795;Kritis;validasi silang
MHS2342;1;17;4;9119;1;1;139.0;1;37;19;9;4;133.1;1;0;0;1;1;0;18;0;0;5;8;4;12.5;0;0;5;7;3;14.666666666666666;1;7.6;2.6;0.32;Enrolled;0.7302;Kritis;0.7697;Kritis;mahasiswa aktif
MHS2343;1;43;1;9003;1;1;150.0;1;2;4;4;1;150.0;0;0;0;1;1;0;35;0;16;18;22;18;11.666666666666666;0;12;13;13;12;11.5;1;15.5;2.8;-4.06;Graduate;0.2609;Prioritas;0.0813;Aman;validasi silang
MHS2344;1;17;2;9991;0;1;116.0;1;37;19;9;4;118.5;0;0;0;1;1;0;23;0;0;5;6;4;13.0;0;0;5;5;5;13.0;0;7.6;2.6;0.32;Graduate;0.5521;Prioritas;0.0838;Aman;validasi silang
MHS2345;1;17;1;9500;1;1;130.0;1;3;3;2;2;131.1;0;0;0;1;1;0;19;0;0;7;8;7;12.12142857142857;0;0;9;12;8;11.50625;0;12.4;0.5;1.79;Graduate;0.2324;Prioritas;0.0639;Aman;validasi silang
MHS2346;1;53;1;9085;1;42;150.0;1;1;19;3;8;150.3;1;0;0;1;1;1;21;0;7;11;15;9;14.22222222222222;0;4;9;15;7;13.75;0;8.9;1.4;3.51;Graduate;0.0516;Aman;0.1015;Aman;validasi silang
MHS2347;1;43;1;9670;1;1;132.0;1;3;19;4;8;120.5;0;0;0;1;1;0;19;0;0;6;17;4;12.5;0;0;6;8;4;13.25;0;13.9;-0.3;0.79;Enrolled;0.3856;Prioritas;0.8403;Kritis;mahasiswa aktif
MHS2348;1;18;1;9119;1;1;108.0;1;1;1;4;3;105.6;1;0;0;1;1;0;20;0;0;5;7;5;12.166666666666666;0;0;5;7;5;15.285714285714286;0;12.4;0.5;1.79;Graduate;0.8275;Kritis;0.2213;Aman;validasi silang
MHS2349;1;39;1;9670;1;1;133.1;1;19;19;3;3;125.3;0;1;0;1;1;1;30;0;0;6;0;0;0.0;0;0;6;0;0;0.0;0;12.4;0.5;1.79;Dropout;0.256;Prioritas;0.9712;Kritis;data uji
MHS2350;4;39;1;9254;1;1;120.0;1;37;19;9;9;131.0;1;0;0;1;1;0;44;0;0;6;6;6;12.666666666666666;0;0;6;6;6;11.5;0;12.4;0.5;1.79;Graduate;0.7976;Kritis;0.0353;Aman;validasi silang
MHS2351;1;18;1;9500;1;1;146.0;1;19;3;4;9;127.0;0;0;0;1;1;0;19;0;0;8;8;7;13.614285714285714;0;0;8;8;7;13.614285714285714;0;12.7;3.7;-1.7;Graduate;0.3047;Prioritas;0.0298;Aman;data uji
MHS2352;1;44;1;9130;1;39;150.0;1;2;1;3;6;150.0;1;0;0;1;1;0;22;0;11;18;32;12;12.857142857142858;1;8;12;15;10;14.3;0;16.2;0.3;-0.92;Graduate;0.4779;Prioritas;0.5255;Prioritas;validasi silang
MHS2353;1;1;1;9130;1;1;160.0;1;3;3;1;2;149.2;0;0;0;1;1;0;18;0;0;5;7;4;14.0;0;0;5;5;5;14.2;0;7.6;2.6;0.32;Graduate;0.4839;Prioritas;0.0405;Aman;validasi silang
MHS2354;1;17;1;9670;1;1;125.0;1;37;37;9;9;121.5;1;0;0;1;1;1;21;0;0;6;8;4;14.75;0;0;6;6;5;11.8;0;12.7;3.7;-1.7;Graduate;0.1676;Aman;0.2819;Aman;validasi silang
MHS2355;1;1;2;9085;1;1;125.0;1;37;19;90;90;137.3;0;0;0;1;1;0;18;0;0;6;0;0;0.0;0;0;6;0;0;0.0;0;7.6;2.6;0.32;Dropout;0.2899;Prioritas;0.9784;Kritis;validasi silang
MHS2356;1;17;4;9670;1;1;122.0;1;3;1;2;3;119.6;1;0;0;1;1;0;18;0;0;6;8;6;13.625;0;0;6;7;6;14.285714285714286;0;11.1;0.6;2.02;Graduate;0.4075;Prioritas;0.0463;Aman;validasi silang
MHS2357;1;1;1;171;1;1;138.0;1;1;1;4;3;141.5;0;0;0;1;1;0;19;0;0;0;0;0;0.0;0;0;0;0;0;0.0;0;7.6;2.6;0.32;Graduate;0.3828;Prioritas;0.4738;Prioritas;validasi silang
MHS2358;1;44;1;9003;1;39;150.0;1;1;38;6;6;150.0;1;0;0;1;1;0;21;0;0;6;12;4;11.8;0;0;6;11;4;11.875;0;16.2;0.3;-0.92;Dropout;0.2469;Prioritas;0.8243;Kritis;validasi silang
MHS2359;1;39;1;9003;1;1;140.0;1;3;3;2;2;110.0;0;0;0;1;1;0;31;0;0;6;8;6;15.125;0;0;6;10;6;14.6;0;16.2;0.3;-0.92;Graduate;0.6284;Prioritas;0.0662;Aman;validasi silang
MHS2360;1;17;5;9254;1;1;113.0;1;1;1;2;3;110.2;1;0;0;1;1;0;21;0;0;6;10;4;11.5;0;0;6;10;2;10.5;0;9.4;-0.8;-3.12;Dropout;0.7011;Kritis;0.9661;Kritis;validasi silang
MHS2361;1;39;1;9119;1;1;139.0;1;19;19;9;7;110.3;0;0;1;1;1;0;24;0;0;5;12;1;10.0;0;0;5;11;1;11.0;0;8.9;1.4;3.51;Enrolled;0.939;Kritis;0.979;Kritis;mahasiswa aktif
MHS2362;1;42;1;9773;1;1;133.1;1;19;6;4;3;120.0;0;0;0;1;1;0;27;0;0;4;8;0;0.0;0;0;5;10;0;0.0;0;9.4;-0.8;-3.12;Dropout;0.6427;Prioritas;0.9793;Kritis;validasi silang
MHS2363;1;1;5;9147;1;1;118.0;1;19;19;9;9;114.2;1;0;0;1;1;0;20;0;0;5;9;3;10.333333333333334;0;0;5;6;5;12.8;0;12.4;0.5;1.79;Graduate;0.5628;Prioritas;0.1761;Aman;validasi silang
MHS2364;1;44;1;9119;1;39;140.0;1;1;19;4;5;140.0;1;0;0;1;1;0;22;0;0;5;9;0;0.0;0;0;5;6;2;11.666666666666666;0;10.8;1.4;1.74;Enrolled;0.7404;Kritis;0.9765;Kritis;mahasiswa aktif
MHS2365;1;1;1;9003;1;1;144.0;1;19;19;9;9;132.8;0;0;0;1;1;1;19;0;0;6;9;4;12.0;2;0;6;10;4;12.5;0;15.5;2.8;-4.06;Enrolled;0.0839;Aman;0.4427;Prioritas;mahasiswa aktif
MHS2366;1;18;1;9773;1;1;125.0;1;1;1;4;7;121.5;1;0;0;1;1;0;19;0;0;6;6;6;13.833333333333334;0;0;6;6;6;14.5;0;8.9;1.4;3.51;Graduate;0.506;Prioritas;0.0357;Aman;validasi silang
MHS2367;1;1;1;171;1;1;131.0;1;1;1;7;4;127.2;1;0;1;1;1;0;23;0;13;17;19;13;12.153846153846152;0;10;17;28;11;11.909090909090908;1;11.1;0.6;2.02;Enrolled;0.7877;Kritis;0.8303;Kritis;mahasiswa aktif
MHS2368;1;17;1;9130;1;1;131.0;1;12;12;2;8;128.2;1;0;0;1;1;0;18;0;0;6;7;6;14.0;0;0;6;8;6;13.666666666666666;0;12.4;0.5;1.79;Graduate;0.7166;Kritis;0.0389;Aman;validasi silang
MHS2369;1;1;1;9773;1;1;140.0;1;3;2;4;6;133.4;1;0;0;0;1;0;29;0;0;6;8;6;16.5;0;0;6;6;5;13.8;0;11.1;0.6;2.02;Enrolled;0.9003;Kritis;0.7813;Kritis;mahasiswa aktif
MHS2370;1;39;1;9130;1;1;133.1;1;1;19;4;5;120.0;1;0;0;1;1;0;29;0;0;5;11;1;18.0;2;0;5;10;3;13.333333333333334;2;10.8;1.4;1.74;Dropout;0.7709;Kritis;0.955;Kritis;data uji
MHS2371;1;44;1;9003;1;1;140.0;1;1;1;4;5;140.0;0;0;0;1;1;0;20;0;0;6;11;6;11.285714285714286;0;0;6;12;5;11.77777777777778;0;16.2;0.3;-0.92;Enrolled;0.362;Prioritas;0.0765;Aman;mahasiswa aktif
MHS2372;1;1;5;171;1;1;139.0;1;19;3;9;2;136.9;1;0;0;1;1;1;19;0;0;0;0;0;0.0;0;0;0;0;0;0.0;0;9.4;-0.8;-3.12;Graduate;0.2091;Aman;0.4533;Prioritas;validasi silang
MHS2373;1;17;3;171;1;1;125.0;1;3;39;2;5;117.0;1;1;0;1;1;0;22;0;0;0;0;0;0.0;0;0;0;0;0;0.0;0;10.8;1.4;1.74;Enrolled;0.7088;Kritis;0.5392;Prioritas;mahasiswa aktif
MHS2374;1;1;2;9670;1;1;117.0;1;3;1;3;5;110.7;1;0;0;1;1;0;20;0;0;6;10;5;14.0;0;0;6;10;6;12.0;0;11.1;0.6;2.02;Enrolled;0.3003;Prioritas;0.0951;Aman;mahasiswa aktif
MHS2375;1;39;1;9130;1;1;150.0;1;19;19;9;5;160.0;1;0;0;1;1;0;24;0;0;5;13;4;13.75;1;0;5;9;3;12.0;0;9.4;-0.8;-3.12;Enrolled;0.6599;Kritis;0.8425;Kritis;mahasiswa aktif
MHS2376;1;1;1;9670;1;1;95.0;1;37;37;5;8;95.0;0;0;0;0;1;0;21;0;0;6;9;4;13.25;0;0;6;6;5;11.0;0;12.7;3.7;-1.7;Dropout;0.8866;Kritis;0.8944;Kritis;validasi silang
MHS2377;1;39;1;9147;1;1;150.0;1;37;1;7;3;148.8;0;0;0;1;1;1;25;0;0;5;7;4;14.25;0;0;5;7;4;14.75;0;12.7;3.7;-1.7;Graduate;0.476;Prioritas;0.1279;Aman;validasi silang
MHS2378;1;39;1;9147;1;1;120.0;1;37;37;9;9;110.0;0;0;0;0;1;0;32;0;0;5;9;0;0.0;1;0;5;5;0;0.0;0;9.4;-0.8;-3.12;Dropout;0.9807;Kritis;0.9799;Kritis;validasi silang
MHS2379;1;43;1;9991;0;1;136.0;1;3;4;2;2;133.9;0;0;0;0;1;0;26;0;8;12;12;8;11.25;0;3;8;8;3;11.333333333333334;0;7.6;2.6;0.32;Dropout;0.9112;Kritis;0.9678;Kritis;validasi silang
MHS2380;1;1;1;9130;1;1;133.0;1;2;37;9;7;125.7;1;0;0;1;1;1;18;0;0;6;7;6;13.5;0;0;6;8;6;12.5;0;12.4;0.5;1.79;Graduate;0.1781;Aman;0.0556;Aman;validasi silang
MHS2381;1;17;1;9254;1;1;125.0;1;1;19;4;7;116.6;0;0;0;1;1;1;19;0;0;6;8;5;12.666666666666666;0;0;6;10;6;12.857142857142858;0;16.2;0.3;-0.92;Graduate;0.3039;Prioritas;0.0462;Aman;validasi silang
MHS2382;1;1;3;9070;1;1;127.0;1;19;38;5;7;141.0;1;0;0;1;1;1;19;0;0;6;6;6;15.166666666666666;0;0;6;6;6;12.333333333333334;0;12.4;0.5;1.79;Graduate;0.085;Aman;0.0449;Aman;data uji
MHS2383;1;7;1;9119;1;40;130.0;1;1;1;4;4;130.0;0;0;0;1;1;0;27;0;4;6;6;6;13.166666666666666;0;2;5;7;5;15.142857142857142;0;11.1;0.6;2.02;Dropout;0.8651;Kritis;0.063;Aman;validasi silang
MHS2384;1;53;1;9003;1;1;130.0;1;19;1;9;9;130.0;0;0;1;1;1;0;21;0;7;12;20;10;11.8;0;5;12;15;9;11.444444444444445;0;8.9;1.4;3.51;Enrolled;0.4153;Prioritas;0.6184;Prioritas;mahasiswa aktif
MHS2385;1;17;1;9119;1;1;127.0;1;19;1;4;5;115.8;0;0;0;1;1;0;20;0;0;5;10;4;11.5;0;0;5;11;0;0.0;0;13.9;-0.3;0.79;Enrolled;0.8205;Kritis;0.9798;Kritis;mahasiswa aktif
MHS2386;1;44;1;9070;1;39;140.0;1;19;38;4;0;140.0;1;0;0;1;1;0;21;0;0;6;6;6;14.5;0;0;6;8;6;11.333333333333334;0;12.4;0.5;1.79;Graduate;0.2991;Prioritas;0.0395;Aman;validasi silang
MHS2387;1;1;5;9773;1;1;125.0;1;37;3;5;2;126.1;1;0;0;1;1;0;22;0;0;6;10;5;13.4;0;0;6;12;3;10.666666666666666;0;9.4;-0.8;-3.12;Enrolled;0.4258;Prioritas;0.8598;Kritis;mahasiswa aktif
MHS2388;1;1;1;171;1;1;135.0;1;1;38;5;7;137.5;1;0;1;0;1;0;19;0;0;0;0;0;0.0;0;0;0;0;0;0.0;0;12.7;3.7;-1.7;Graduate;0.9674;Kritis;0.9416;Kritis;validasi silang
MHS2389;1;17;4;9147;1;1;132.0;1;38;19;5;5;120.8;1;0;0;1;1;1;18;0;0;5;8;4;10.8;0;0;5;10;2;12.5;0;11.1;0.6;2.02;Dropout;0.2602;Prioritas;0.8876;Kritis;validasi silang
MHS2390;1;39;2;9238;1;1;110.0;1;19;1;5;5;136.5;0;0;0;1;1;0;28;0;0;5;6;0;0.0;0;0;5;5;0;0.0;0;13.9;-0.3;0.79;Dropout;0.4905;Prioritas;0.9795;Kritis;validasi silang
MHS2391;2;39;1;9003;1;1;130.0;1;1;37;9;1;122.0;0;0;1;0;1;0;25;0;3;10;23;6;11.428571428571429;0;2;7;15;4;12.0;1;15.5;2.8;-4.06;Dropout;0.9668;Kritis;0.9743;Kritis;data uji
MHS2392;1;43;1;9003;1;1;130.0;1;37;1;5;4;130.0;0;0;0;1;1;0;25;0;8;14;24;8;12.5;2;6;13;23;10;11.6;0;15.5;2.8;-4.06;Dropout;0.4732;Prioritas;0.58;Prioritas;validasi silang
MHS2393;1;1;1;9147;1;1;135.0;1;38;19;9;5;126.3;0;0;0;1;1;0;18;0;0;5;11;2;13.5;0;0;5;11;3;12.333333333333334;0;8.9;1.4;3.51;Enrolled;0.3469;Prioritas;0.9705;Kritis;mahasiswa aktif
MHS2394;1;1;1;9254;1;1;133.1;1;4;19;4;5;98.0;0;0;0;1;1;0;26;0;0;6;6;0;0.0;0;0;6;12;0;0.0;0;10.8;1.4;1.74;Dropout;0.4232;Prioritas;0.9796;Kritis;validasi silang
MHS2395;1;17;3;9147;1;1;135.0;1;37;37;6;5;121.0;1;0;0;1;1;1;18;0;0;5;8;5;12.75;0;0;5;7;5;11.5;0;13.9;-0.3;0.79;Graduate;0.3143;Prioritas;0.0574;Aman;validasi silang
MHS2396;1;43;1;9773;1;1;128.0;1;19;38;9;7;124.2;1;0;0;1;1;0;22;0;0;6;17;3;11.333333333333334;3;0;6;14;3;12.333333333333334;0;15.5;2.8;-4.06;Enrolled;0.4754;Prioritas;0.9728;Kritis;mahasiswa aktif
MHS2397;1;39;1;9003;1;1;140.0;1;1;3;4;5;130.0;0;0;0;1;1;0;25;0;0;6;8;0;0.0;0;0;6;10;0;0.0;0;16.2;0.3;-0.92;Dropout;0.4825;Prioritas;0.9799;Kritis;validasi silang
MHS2398;1;1;2;9773;1;1;135.0;1;3;1;4;4;136.1;1;0;0;1;1;0;19;0;0;6;9;5;11.4;0;0;6;13;5;12.4;0;8.9;1.4;3.51;Enrolled;0.3459;Prioritas;0.1772;Aman;mahasiswa aktif
MHS2399;1;17;2;9773;1;1;131.0;1;3;19;2;3;132.8;1;0;0;1;1;0;19;0;0;6;7;6;14.428571428571429;0;0;6;7;6;14.571428571428571;0;13.9;-0.3;0.79;Graduate;0.4909;Prioritas;0.0384;Aman;validasi silang
MHS2400;1;17;1;9500;1;1;131.0;1;1;1;5;5;126.3;0;0;0;1;1;0;19;0;0;7;9;7;12.492857142857144;0;0;8;10;8;11.7125;0;16.2;0.3;-0.92;Graduate;0.3855;Prioritas;0.0504;Aman;validasi silang
MHS2401;4;39;1;8014;0;19;100.0;1;1;37;9;1;111.5;0;0;0;1;1;0;45;0;2;8;10;4;11.5;0;2;8;13;4;11.0;0;10.8;1.4;1.74;Dropout;0.3723;Prioritas;0.9561;Kritis;validasi silang
MHS2402;2;39;1;9991;0;1;140.0;1;37;37;9;9;118.2;0;0;0;1;1;0;52;0;0;5;7;5;11.2;0;0;5;6;5;12.8;1;7.6;2.6;0.32;Graduate;0.6625;Kritis;0.044;Aman;validasi silang
MHS2403;1;1;1;9147;1;1;124.0;1;19;19;9;3;115.6;1;0;0;0;1;0;20;0;0;5;9;3;12.0;1;0;5;7;3;11.0;0;9.4;-0.8;-3.12;Dropout;0.9266;Kritis;0.9725;Kritis;validasi silang
MHS2404;1;1;1;9500;1;1;130.0;1;38;37;5;10;117.8;1;0;0;1;1;0;19;0;0;8;8;7;15.885714285714286;0;0;8;8;7;15.885714285714286;0;10.8;1.4;1.74;Graduate;0.1868;Aman;0.0538;Aman;validasi silang
MHS2405;1;1;1;9500;1;1;142.0;1;1;38;9;9;127.0;0;0;1;0;1;0;21;0;0;7;12;4;12.94;0;0;7;12;4;11.58;0;12.4;0.5;1.79;Dropout;0.8847;Kritis;0.9735;Kritis;validasi silang
MHS2406;2;39;1;8014;0;1;150.0;1;37;37;9;9;140.0;0;0;0;0;1;0;35;0;0;6;6;6;14.0;0;0;6;6;6;14.166666666666666;0;9.4;-0.8;-3.12;Graduate;0.8797;Kritis;0.3506;Aman;validasi silang
MHS2407;2;39;1;171;1;12;110.0;1;37;37;7;7;106.0;1;0;0;1;1;0;36;0;0;0;0;0;0.0;0;0;0;0;0;0.0;0;7.6;2.6;0.32;Graduate;0.7803;Kritis;0.8891;Kritis;validasi silang
MHS2408;4;39;1;9500;1;19;110.0;1;37;38;5;5;151.0;0;0;1;0;1;0;47;0;0;7;7;0;0.0;7;0;8;8;0;0.0;8;15.5;2.8;-4.06;Dropout;0.9772;Kritis;0.9786;Kritis;data uji
MHS2409;1;18;1;9991;0;1;112.0;1;43;40;2;2;106.4;0;0;0;1;1;0;22;0;0;5;0;0;0.0;0;0;5;0;0;0.0;0;8.9;1.4;3.51;Dropout;0.6702;Kritis;0.9799;Kritis;data uji
MHS2410;2;39;1;9991;0;1;100.0;1;37;37;9;9;125.3;1;0;0;1;1;0;41;0;0;5;8;4;11.25;0;0;5;8;3;11.0;1;7.6;2.6;0.32;Dropout;0.5575;Prioritas;0.9229;Kritis;validasi silang
MHS2411;1;7;1;9119;1;3;130.0;1;34;34;90;90;130.0;0;0;0;1;1;0;26;0;0;5;5;0;0.0;0;0;5;6;0;0.0;0;10.8;1.4;1.74;Dropout;0.9736;Kritis;0.9795;Kritis;validasi silang
MHS2412;2;39;1;8014;0;1;133.1;1;34;34;90;90;116.0;0;0;0;0;0;0;51;0;0;6;13;4;11.25;0;0;6;12;0;0.0;1;10.8;1.4;1.74;Dropout;0.97;Kritis;0.9795;Kritis;validasi silang
MHS2413;2;39;2;9991;0;1;150.0;1;37;37;9;9;120.0;0;0;0;1;0;0;43;0;0;5;11;3;10.666666666666666;0;1;5;10;4;12.5;0;9.4;-0.8;-3.12;Enrolled;0.5196;Prioritas;0.8116;Kritis;mahasiswa aktif
MHS2414;2;39;2;8014;0;1;100.0;1;34;34;0;0;100.0;1;0;0;1;0;0;41;0;0;6;9;5;11.8;0;1;6;10;3;10.666666666666666;1;7.6;2.6;0.32;Graduate;0.6374;Prioritas;0.8863;Kritis;validasi silang
MHS2415;1;43;2;9147;1;1;130.0;1;34;37;9;9;118.5;1;0;0;1;1;0;23;0;5;10;19;8;11.625;1;4;10;16;10;11.181818181818182;3;7.6;2.6;0.32;Graduate;0.6896;Kritis;0.1251;Aman;validasi silang
MHS2416;1;43;2;9238;1;1;129.0;1;34;30;0;5;118.9;1;0;0;1;1;0;22;0;0;6;11;0;0.0;0;0;5;10;0;0.0;0;9.4;-0.8;-3.12;Dropout;0.7192;Kritis;0.9786;Kritis;validasi silang
MHS2417;1;17;2;9070;1;1;127.0;1;37;37;9;9;119.3;1;1;0;1;1;1;25;0;0;6;8;4;10.25;0;0;6;6;4;11.25;0;12.7;3.7;-1.7;Dropout;0.1656;Aman;0.4134;Prioritas;validasi silang
MHS2418;1;43;1;9991;0;1;140.0;1;37;37;9;9;135.8;1;0;0;1;1;0;25;0;14;15;16;15;10.8;0;13;14;14;14;11.357142857142858;0;9.4;-0.8;-3.12;Graduate;0.5362;Prioritas;0.0947;Aman;validasi silang
MHS2419;1;53;1;171;1;42;130.0;1;1;19;9;9;130.0;1;0;0;0;1;1;22;0;5;12;15;11;12.545454545454543;0;4;11;16;11;12.666666666666666;0;8.9;1.4;3.51;Graduate;0.7216;Kritis;0.2322;Aman;data uji
MHS2420;1;39;1;9003;1;1;133.1;6;1;1;192;144;129.8;0;0;0;1;1;0;24;1;0;7;7;7;13.571428571428571;0;0;6;9;5;13.4;0;8.9;1.4;3.51;Enrolled;0.171;Aman;0.0762;Aman;mahasiswa aktif
MHS2421;1;39;1;9085;1;2;140.0;1;38;38;9;10;150.0;0;0;0;1;1;0;47;0;0;6;0;0;0.0;0;0;6;0;0;0.0;0;16.2;0.3;-0.92;Dropout;0.6993;Kritis;0.9788;Kritis;validasi silang
MHS2422;2;39;1;9991;0;19;133.1;1;37;37;5;5;111.9;1;0;0;1;1;0;41;0;0;5;5;0;0.0;0;0;5;5;0;0.0;0;7.6;2.6;0.32;Dropout;0.753;Kritis;0.9792;Kritis;validasi silang
MHS2423;1;39;1;9003;1;1;120.0;1;37;37;9;9;150.1;1;0;0;1;1;0;43;0;0;6;9;6;14.77777777777778;0;0;6;11;5;12.2;0;13.9;-0.3;0.79;Graduate;0.4478;Prioritas;0.1209;Aman;data uji
MHS2424;1;39;1;9003;1;1;133.1;1;1;37;9;8;130.0;0;0;0;1;1;0;29;0;0;3;4;0;0.0;0;0;4;8;0;0.0;0;16.2;0.3;-0.92;Dropout;0.4814;Prioritas;0.9791;Kritis;validasi silang
MHS2425;1;39;2;9119;1;1;120.0;1;37;37;5;5;128.0;0;0;0;1;1;0;30;0;0;2;2;0;0.0;0;0;2;2;0;0.0;0;7.6;2.6;0.32;Dropout;0.8315;Kritis;0.9683;Kritis;validasi silang
MHS2426;1;39;2;9147;1;38;133.1;1;19;38;9;9;102.5;0;0;0;0;1;0;26;0;0;4;4;0;0.0;0;0;5;0;0;0.0;0;12.7;3.7;-1.7;Dropout;0.98;Kritis;0.9788;Kritis;validasi silang
MHS2427;1;39;2;9991;0;1;133.1;1;19;38;9;9;102.5;0;0;0;0;1;0;27;0;0;5;10;0;0.0;0;0;5;5;0;0.0;0;15.5;2.8;-4.06;Dropout;0.9833;Kritis;0.9796;Kritis;validasi silang
MHS2428;2;39;2;9670;1;1;100.0;1;37;37;9;9;110.0;0;0;0;1;1;1;36;0;0;5;5;5;11.4;0;0;5;7;5;11.6;0;9.4;-0.8;-3.12;Graduate;0.2498;Prioritas;0.0607;Aman;validasi silang
MHS2429;1;39;1;9003;1;19;133.1;1;1;19;4;10;114.0;0;0;0;1;1;0;29;0;3;9;13;6;11.666666666666666;0;2;7;10;6;10.857142857142858;0;15.5;2.8;-4.06;Dropout;0.6012;Prioritas;0.4902;Prioritas;validasi silang
MHS2430;1;42;1;9119;1;1;120.0;1;34;34;0;0;128.2;1;0;0;1;1;0;35;0;6;10;12;7;11.285714285714286;0;2;8;8;5;13.0;0;9.4;-0.8;-3.12;Dropout;0.9487;Kritis;0.86;Kritis;data uji
MHS2431;1;1;1;9773;1;1;128.0;1;38;38;6;3;116.5;0;0;0;1;1;1;18;0;0;6;12;4;11.5;0;0;6;10;5;12.6;0;10.8;1.4;1.74;Graduate;0.0898;Aman;0.1477;Aman;data uji
MHS2432;1;1;1;9991;0;1;172.0;1;38;37;9;9;149.3;0;0;0;1;1;1;24;0;0;5;5;5;16.0;0;0;5;5;5;16.0;0;8.9;1.4;3.51;Graduate;0.1007;Aman;0.0492;Aman;validasi silang
MHS2433;1;1;3;9773;1;1;146.0;1;38;38;9;7;134.1;1;0;0;1;1;1;18;0;0;6;6;6;12.5;0;0;6;7;6;12.666666666666666;0;10.8;1.4;1.74;Dropout;0.0846;Aman;0.0726;Aman;validasi silang
MHS2434;1;17;4;9119;1;1;135.0;1;38;37;5;7;126.6;1;0;0;1;1;0;18;0;0;5;7;4;12.0;0;0;5;10;3;13.0;3;7.6;2.6;0.32;Enrolled;0.7294;Kritis;0.8398;Kritis;mahasiswa aktif
MHS2435;2;43;1;9085;1;1;160.0;1;37;37;9;7;120.0;0;0;0;1;1;0;21;0;0;5;11;0;0.0;2;0;5;11;3;11.666666666666666;1;9.4;-0.8;-3.12;Enrolled;0.3495;Prioritas;0.9601;Kritis;mahasiswa aktif
MHS2436;1;42;1;9119;1;1;150.0;1;38;37;5;8;133.5;1;0;0;1;1;0;21;0;0;5;10;5;13.0;0;0;5;10;5;12.6;0;9.4;-0.8;-3.12;Graduate;0.8079;Kritis;0.0537;Aman;validasi silang
MHS2437;1;39;1;9003;1;1;130.0;1;1;3;2;6;110.0;0;0;0;1;1;0;32;0;8;18;27;13;13.714285714285714;1;7;12;18;12;12.083333333333334;0;15.5;2.8;-4.06;Graduate;0.4838;Prioritas;0.3018;Aman;validasi silang
MHS2438;1;1;4;9119;1;1;111.0;1;37;37;9;5;107.5;1;0;0;1;1;1;22;0;0;5;9;3;12.333333333333334;0;0;6;14;3;12.5;0;11.1;0.6;2.02;Dropout;0.3348;Prioritas;0.8419;Kritis;validasi silang
MHS2439;1;7;1;9003;1;3;130.0;1;1;38;9;7;130.0;1;0;0;0;1;0;32;0;11;17;31;11;12.727272727272728;4;10;12;24;10;12.7;1;15.5;2.8;-4.06;Dropout;0.9596;Kritis;0.8873;Kritis;validasi silang
MHS2440;1;43;1;9670;1;6;170.0;1;34;34;0;0;111.6;0;0;0;1;1;0;35;0;1;5;5;1;14.0;0;0;5;5;0;0.0;0;9.4;-0.8;-3.12;Dropout;0.8765;Kritis;0.9795;Kritis;validasi silang
MHS2441;1;18;3;9147;1;1;133.1;1;1;38;4;7;101.0;1;0;0;0;1;0;23;0;0;5;0;0;0.0;0;0;5;0;0;0.0;0;8.9;1.4;3.51;Dropout;0.9703;Kritis;0.9795;Kritis;validasi silang
MHS2442;1;39;1;8014;0;1;100.0;1;37;37;6;6;108.3;0;0;0;1;1;0;39;0;0;6;8;5;11.4;0;1;6;12;3;11.0;1;7.6;2.6;0.32;Enrolled;0.3051;Prioritas;0.8754;Kritis;mahasiswa aktif
MHS2443;2;43;1;9670;1;1;120.0;1;34;34;0;0;128.2;0;0;0;1;1;0;35;0;0;5;5;0;0.0;0;0;5;5;1;10.0;0;9.4;-0.8;-3.12;Dropout;0.6841;Kritis;0.9799;Kritis;data uji
MHS2444;2;39;1;9003;1;3;110.0;1;3;19;4;6;150.0;0;0;0;1;1;0;32;0;0;6;8;6;18.875;0;6;12;14;12;17.692307692307693;0;16.2;0.3;-0.92;Graduate;0.3645;Prioritas;0.0801;Aman;validasi silang
MHS2445;1;1;1;9853;1;1;133.1;1;34;34;0;0;142.8;0;0;0;1;1;0;20;0;0;6;12;0;0.0;0;0;6;12;0;0.0;0;7.6;2.6;0.32;Dropout;0.7948;Kritis;0.9799;Kritis;validasi silang
MHS2446;1;39;1;9500;1;1;120.0;1;37;37;9;9;100.0;0;0;0;1;1;0;34;0;0;7;15;6;11.333333333333334;0;0;7;16;4;12.6;0;16.2;0.3;-0.92;Enrolled;0.6172;Prioritas;0.8986;Kritis;mahasiswa aktif
MHS2447;1;7;1;9991;0;40;150.0;1;37;37;6;6;150.0;1;0;0;1;1;0;44;0;3;7;9;7;13.5;0;0;5;6;5;16.2;0;8.9;1.4;3.51;Dropout;0.3283;Prioritas;0.0608;Aman;validasi silang
MHS2448;2;39;1;9254;1;19;133.1;1;37;19;9;10;156.5;0;0;0;1;1;0;53;0;7;11;12;2;15.0;7;4;9;10;3;10.0;4;16.2;0.3;-0.92;Graduate;0.7564;Kritis;0.9655;Kritis;validasi silang
MHS2449;1;39;1;9119;1;19;120.0;1;37;37;9;4;98.6;0;0;1;0;1;0;28;0;0;5;10;0;0.0;0;0;5;7;0;0.0;0;12.4;0.5;1.79;Dropout;0.9979;Kritis;0.9788;Kritis;validasi silang
MHS2450;1;7;1;9991;0;3;130.0;1;37;37;9;9;130.0;0;0;0;1;1;0;31;0;9;9;9;9;14.22222222222222;0;5;5;5;5;12.8;0;12.7;3.7;-1.7;Dropout;0.7143;Kritis;0.0683;Aman;validasi silang
MHS2451;1;1;1;171;1;1;130.0;1;1;38;5;9;118.1;0;0;1;0;1;0;18;0;0;0;0;0;0.0;0;0;0;0;0;0.0;0;9.4;-0.8;-3.12;Enrolled;0.9713;Kritis;0.9457;Kritis;mahasiswa aktif
MHS2452;1;39;1;9003;1;1;100.0;1;1;3;9;10;120.0;0;0;1;0;1;0;44;0;2;7;14;4;12.0;2;0;6;16;0;0.0;1;15.5;2.8;-4.06;Dropout;0.976;Kritis;0.9785;Kritis;validasi silang
MHS2453;1;1;1;9085;1;1;142.0;1;1;1;9;9;127.7;1;0;0;1;1;0;19;0;0;5;9;5;12.6;1;0;5;8;4;12.0;0;12.7;3.7;-1.7;Graduate;0.3257;Prioritas;0.0652;Aman;validasi silang
MHS2454;1;15;1;171;1;1;130.0;26;1;1;2;9;130.0;0;0;0;1;1;0;21;1;6;12;12;12;15.083333333333334;0;4;11;15;11;13.083333333333334;0;8.9;1.4;3.51;Enrolled;0.1647;Aman;0.0373;Aman;mahasiswa aktif
MHS2455;1;18;1;9119;1;1;148.0;1;3;19;3;5;147.7;0;0;0;1;1;1;18;0;0;5;5;0;0.0;0;0;5;5;0;0.0;0;9.4;-0.8;-3.12;Dropout;0.2225;Prioritas;0.9764;Kritis;validasi silang
MHS2456;1;44;1;9003;1;39;170.0;1;19;19;5;5;170.0;1;0;0;1;1;0;20;0;0;6;8;6;14.5;0;0;6;10;6;15.3;0;16.2;0.3;-0.92;Graduate;0.3731;Prioritas;0.0469;Aman;data uji
MHS2457;1;39;1;9070;1;1;110.0;1;37;37;7;7;110.2;0;0;0;1;1;0;55;0;0;6;6;6;14.5;0;0;6;6;6;13.5;0;11.1;0.6;2.02;Graduate;0.7429;Kritis;0.037;Aman;validasi silang
MHS2458;1;1;1;9147;1;1;166.0;1;19;37;4;8;146.4;0;0;0;1;1;0;27;0;0;5;12;3;10.0;0;0;5;12;1;13.0;0;7.6;2.6;0.32;Enrolled;0.3829;Prioritas;0.9769;Kritis;mahasiswa aktif
MHS2459;1;17;2;9119;1;1;135.0;1;12;19;5;5;121.0;0;0;0;1;1;0;19;0;0;5;0;0;0.0;0;0;5;0;0;0.0;0;12.4;0.5;1.79;Dropout;0.7858;Kritis;0.9795;Kritis;validasi silang
MHS2460;1;1;1;9147;1;1;133.0;1;19;37;9;9;129.9;0;0;0;1;1;0;18;0;0;5;5;5;11.6;0;0;5;5;5;13.2;0;12.4;0.5;1.79;Graduate;0.4549;Prioritas;0.032;Aman;validasi silang
MHS2461;2;39;1;9773;1;1;133.1;1;37;37;7;4;132.0;0;0;0;1;1;0;43;0;0;6;10;4;11.75;0;0;6;7;0;0.0;0;15.5;2.8;-4.06;Dropout;0.7408;Kritis;0.9799;Kritis;data uji
MHS2462;1;18;3;9254;1;1;121.0;1;19;19;9;6;125.9;1;0;0;1;1;0;18;0;0;6;0;0;0.0;0;0;6;0;0;0.0;0;13.9;-0.3;0.79;Dropout;0.4555;Prioritas;0.9784;Kritis;validasi silang
MHS2463;1;1;1;171;1;1;159.0;1;3;3;2;2;165.7;1;0;0;1;1;0;18;0;0;0;0;0;0.0;0;0;0;0;0;0.0;0;9.4;-0.8;-3.12;Dropout;0.2893;Prioritas;0.1687;Aman;validasi silang
MHS2464;1;17;5;9254;1;1;130.0;1;37;38;9;9;122.7;1;0;1;1;1;1;20;0;0;6;7;0;0.0;0;0;6;6;0;0.0;0;8.9;1.4;3.51;Dropout;0.3156;Prioritas;0.9756;Kritis;validasi silang
MHS2465;2;39;1;9991;0;1;121.0;1;37;19;9;9;141.4;0;0;1;0;1;0;29;0;0;5;7;4;11.25;0;0;5;8;4;11.8;0;10.8;1.4;1.74;Dropout;0.9735;Kritis;0.9398;Kritis;validasi silang
MHS2466;1;39;1;9130;1;19;133.1;1;37;37;9;10;156.4;1;0;1;1;1;0;44;0;0;6;9;5;11.571428571428571;0;0;6;11;0;0.0;0;13.9;-0.3;0.79;Dropout;0.9135;Kritis;0.9775;Kritis;validasi silang
MHS2467;1;1;1;9119;1;1;146.0;1;37;37;9;9;148.5;1;0;0;1;1;0;18;0;0;5;7;4;10.0;0;0;5;8;1;16.0;0;10.8;1.4;1.74;Enrolled;0.5429;Prioritas;0.9686;Kritis;mahasiswa aktif
MHS2468;1;44;1;9003;1;39;140.0;1;37;37;9;1;140.0;0;0;0;1;1;1;20;0;0;6;11;5;13.833333333333334;0;0;6;13;6;12.3;0;15.5;2.8;-4.06;Enrolled;0.1362;Aman;0.0407;Aman;mahasiswa aktif
MHS2469;1;43;1;9070;1;1;125.0;1;38;37;8;7;131.7;1;0;0;1;1;0;20;0;3;6;6;4;12.75;0;3;9;12;3;12.666666666666666;0;12.4;0.5;1.79;Dropout;0.3738;Prioritas;0.9699;Kritis;validasi silang
MHS2470;2;39;2;9147;1;1;120.0;1;37;37;9;9;104.7;1;0;0;1;1;0;36;0;0;4;4;0;0.0;0;0;5;9;0;0.0;0;10.8;1.4;1.74;Dropout;0.7267;Kritis;0.9776;Kritis;validasi silang
MHS2471;1;44;1;9130;1;39;150.0;1;5;1;2;5;150.0;1;0;0;1;1;0;19;0;1;6;13;5;11.6;0;1;6;12;2;11.0;0;13.9;-0.3;0.79;Enrolled;0.7462;Kritis;0.9704;Kritis;mahasiswa aktif
MHS2472;2;39;1;9085;1;19;110.0;1;37;37;90;90;110.0;0;0;0;0;1;0;29;0;0;5;5;0;0.0;0;0;5;5;0;0.0;0;12.7;3.7;-1.7;Dropout;0.98;Kritis;0.9801;Kritis;data uji
MHS2473;1;1;1;9670;1;1;120.0;1;1;1;9;9;129.1;1;0;0;1;1;0;18;0;0;6;6;4;11.25;0;0;6;10;3;10.333333333333334;0;10.8;1.4;1.74;Dropout;0.2414;Prioritas;0.948;Kritis;validasi silang
MHS2474;1;39;1;9003;1;1;133.1;1;1;1;1;6;120.0;0;0;0;0;1;0;24;0;0;6;0;0;0.0;0;0;6;0;0;0.0;0;13.9;-0.3;0.79;Dropout;0.933;Kritis;0.9801;Kritis;data uji
MHS2475;1;1;1;9773;1;1;133.1;1;3;19;2;5;127.0;0;0;0;1;1;0;20;0;0;6;6;6;14.333333333333334;0;0;6;7;6;15.0;0;15.5;2.8;-4.06;Graduate;0.4255;Prioritas;0.0331;Aman;validasi silang
MHS2476;2;39;1;8014;0;19;133.1;1;19;37;9;9;151.5;0;0;1;0;1;0;45;0;0;6;7;0;0.0;0;0;5;5;0;0.0;0;16.2;0.3;-0.92;Dropout;0.9633;Kritis;0.9801;Kritis;data uji
MHS2477;1;43;2;9500;1;1;130.0;1;38;37;4;4;126.8;1;0;0;1;1;1;28;0;18;23;23;20;13.5;3;18;23;23;20;13.5;3;7.6;2.6;0.32;Graduate;0.124;Aman;0.1749;Aman;validasi silang
MHS2478;1;1;1;9254;1;1;160.0;1;19;38;9;9;140.8;1;0;0;1;1;0;23;0;0;6;8;6;12.666666666666666;0;0;6;10;5;12.2;0;7.6;2.6;0.32;Enrolled;0.3422;Prioritas;0.0677;Aman;mahasiswa aktif
MHS2479;1;1;1;9500;1;1;128.0;1;1;19;4;7;125.6;1;0;0;1;1;0;18;0;0;7;7;7;12.444285714285714;0;0;8;11;7;11.347142857142858;0;12.4;0.5;1.79;Graduate;0.198;Aman;0.0724;Aman;validasi silang
MHS2480;1;1;2;9147;1;1;140.0;1;19;19;9;4;127.8;1;0;0;1;1;0;23;0;0;5;7;3;10.666666666666666;1;0;5;7;3;11.333333333333334;0;9.4;-0.8;-3.12;Dropout;0.5404;Prioritas;0.9112;Kritis;validasi silang
MHS2481;1;43;1;171;1;1;120.0;1;3;3;2;2;120.0;1;0;0;1;1;0;22;0;0;0;0;0;0.0;0;0;0;0;0;0.0;0;7.6;2.6;0.32;Enrolled;0.4702;Prioritas;0.6079;Prioritas;mahasiswa aktif
MHS2482;1;1;1;9070;1;1;140.0;1;19;19;5;5;131.3;0;0;0;1;1;1;22;0;1;6;6;6;12.666666666666666;0;1;6;6;5;12.4;0;12.4;0.5;1.79;Graduate;0.1124;Aman;0.0728;Aman;validasi silang
MHS2483;1;39;1;9991;0;12;120.0;1;37;38;5;5;155.7;0;0;0;1;1;0;33;0;0;5;5;5;13.2;0;0;5;6;5;14.833333333333334;0;10.8;1.4;1.74;Graduate;0.6415;Prioritas;0.0458;Aman;data uji
MHS2484;1;53;1;9003;1;42;130.0;1;1;38;9;6;128.5;0;0;0;1;1;0;21;0;7;12;20;10;12.7;0;5;12;14;11;12.181818181818182;0;8.9;1.4;3.51;Graduate;0.1186;Aman;0.0583;Aman;validasi silang
MHS2485;2;39;1;9147;1;1;100.0;1;37;37;9;5;170.0;0;0;0;1;1;0;45;0;0;5;6;5;14.833333333333334;0;0;5;5;5;14.8;0;15.5;2.8;-4.06;Graduate;0.5509;Prioritas;0.0362;Aman;validasi silang
MHS2486;2;39;1;9003;1;1;133.1;1;37;37;9;9;100.0;0;0;0;0;1;0;44;0;4;10;10;4;11.5;0;1;7;8;1;12.0;0;15.5;2.8;-4.06;Dropout;0.9586;Kritis;0.9779;Kritis;validasi silang
MHS2487;4;39;1;9670;1;1;110.0;1;19;19;90;99;107.2;0;0;0;1;1;0;42;0;0;6;0;0;0.0;0;0;6;0;0;0.0;0;12.7;3.7;-1.7;Dropout;0.8108;Kritis;0.9799;Kritis;data uji
MHS2488;1;18;1;9147;1;1;147.0;1;19;1;9;7;139.3;1;0;0;1;1;0;20;0;0;5;0;0;0.0;0;0;5;0;0;0.0;0;12.4;0.5;1.79;Dropout;0.5663;Prioritas;0.9788;Kritis;validasi silang
MHS2489;1;17;6;9147;1;1;133.0;1;19;38;5;6;123.2;1;0;0;1;1;0;20;0;0;5;7;3;12.666666666666666;1;0;5;12;2;12.5;0;9.4;-0.8;-3.12;Enrolled;0.5528;Prioritas;0.9696;Kritis;mahasiswa aktif
MHS2490;1;1;2;9254;1;1;137.0;1;1;38;2;8;122.3;1;0;0;1;1;1;20;0;0;6;7;6;14.714285714285714;0;0;6;6;6;12.5;0;8.9;1.4;3.51;Graduate;0.1511;Aman;0.0408;Aman;data uji
MHS2491;1;17;2;9773;1;1;124.0;1;1;1;4;4;127.9;1;0;0;1;1;0;20;0;0;6;11;3;13.666666666666666;0;0;6;13;4;10.25;0;9.4;-0.8;-3.12;Enrolled;0.5379;Prioritas;0.9288;Kritis;mahasiswa aktif
MHS2492;1;1;2;9147;1;1;128.0;1;1;1;9;6;120.3;0;0;0;1;1;0;19;0;0;5;9;5;10.8;0;0;5;13;2;13.5;0;8.9;1.4;3.51;Enrolled;0.3292;Prioritas;0.8312;Kritis;mahasiswa aktif
MHS2493;1;51;1;8014;0;1;120.0;1;1;1;4;4;128.5;0;0;1;0;1;0;26;0;2;8;13;4;10.5;0;5;10;16;7;10.428571428571429;0;12.4;0.5;1.79;Dropout;0.959;Kritis;0.9668;Kritis;validasi silang
MHS2494;2;39;1;9003;1;1;133.1;1;37;37;8;7;150.0;0;0;0;1;1;0;31;0;0;6;10;6;15.0;0;0;6;11;5;12.5;0;13.9;-0.3;0.79;Graduate;0.556;Prioritas;0.1136;Aman;data uji
MHS2495;1;1;1;9773;1;1;142.0;1;1;19;9;9;136.1;0;0;1;1;1;1;19;0;0;6;6;6;12.666666666666666;0;0;6;6;6;14.0;0;16.2;0.3;-0.92;Graduate;0.2748;Prioritas;0.0576;Aman;validasi silang
MHS2496;1;39;1;9773;1;19;100.0;1;37;37;0;0;128.0;1;0;0;1;1;0;28;0;0;6;7;6;13.166666666666666;0;0;6;6;6;13.666666666666666;0;7.6;2.6;0.32;Graduate;0.7347;Kritis;0.0521;Aman;validasi silang
MHS2497;1;1;1;171;1;1;149.0;1;19;37;9;9;158.1;1;0;0;1;1;1;20;0;0;0;0;0;0.0;0;0;0;0;0;0.0;0;10.8;1.4;1.74;Graduate;0.1282;Aman;0.1568;Aman;validasi silang
MHS2498;2;1;2;8014;0;1;110.0;1;37;1;9;10;108.7;1;0;0;1;0;0;43;0;0;6;6;6;13.0;0;0;6;6;6;12.5;0;9.4;-0.8;-3.12;Graduate;0.1093;Aman;0.0379;Aman;validasi silang
MHS2499;1;39;1;171;1;19;133.1;101;1;19;2;7;110.0;0;0;0;1;1;1;25;1;0;0;0;0;0.0;0;0;0;0;0;0.0;0;15.5;2.8;-4.06;Dropout;0.4174;Prioritas;0.5827;Prioritas;data uji
MHS2500;1;39;1;9238;1;19;133.1;1;37;37;9;9;120.0;0;1;1;1;0;0;40;0;0;6;13;2;10.0;0;0;6;10;1;15.0;0;16.2;0.3;-0.92;Dropout;0.6141;Prioritas;0.9772;Kritis;validasi silang
MHS2501;1;44;1;9085;1;39;150.0;6;5;4;1;1;150.0;0;0;0;1;0;0;20;1;2;6;7;6;13.333333333333334;0;1;6;16;5;13.375;0;12.4;0.5;1.79;Graduate;0.2386;Prioritas;0.0487;Aman;data uji
MHS2502;2;39;1;8014;0;12;133.1;1;37;37;9;1;113.0;0;0;0;1;0;0;46;0;0;6;13;3;12.333333333333334;0;0;6;6;6;13.333333333333334;0;11.1;0.6;2.02;Graduate;0.319;Prioritas;0.1623;Aman;validasi silang
MHS2503;1;51;1;33;1;1;121.0;1;19;37;5;7;118.6;0;0;0;1;0;0;26;0;14;21;23;20;13.181818181818182;0;10;14;18;14;11.642857142857142;0;8.9;1.4;3.51;Graduate;0.45;Prioritas;0.0952;Aman;validasi silang
MHS2504;2;39;1;9500;1;1;133.1;1;3;1;5;5;148.8;0;0;0;1;0;1;34;0;0;7;7;6;12.513333333333334;0;0;8;9;7;13.071428571428571;0;12.4;0.5;1.79;Graduate;0.0842;Aman;0.0615;Aman;validasi silang
MHS2505;1;18;3;9853;1;1;122.0;1;38;37;9;5;120.3;1;0;0;1;0;0;19;0;0;6;0;0;0.0;0;0;6;0;0;0.0;0;10.8;1.4;1.74;Dropout;0.5126;Prioritas;0.9788;Kritis;validasi silang
MHS2506;1;1;6;9500;1;1;143.0;1;19;19;9;9;127.0;1;0;0;1;0;1;18;0;0;8;8;7;13.585714285714284;0;0;8;8;7;13.585714285714284;0;12.7;3.7;-1.7;Graduate;0.0551;Aman;0.0277;Aman;validasi silang
MHS2507;1;1;1;9556;1;1;123.0;1;19;19;4;9;113.8;1;0;0;1;0;0;18;0;0;7;9;7;11.155555555555557;0;0;8;10;8;11.425;0;12.7;3.7;-1.7;Graduate;0.2918;Prioritas;0.0384;Aman;validasi silang
MHS2508;1;39;1;8014;0;1;120.0;1;38;37;9;7;108.0;0;0;0;1;1;1;37;0;1;7;9;6;11.857142857142858;0;1;6;7;5;12.0;0;13.9;-0.3;0.79;Graduate;0.228;Prioritas;0.0591;Aman;validasi silang
MHS2509;1;17;1;171;1;1;114.0;1;19;38;9;7;129.1;0;0;0;1;1;1;23;0;0;0;0;0;0.0;0;0;0;0;0;0.0;0;9.4;-0.8;-3.12;Graduate;0.2178;Aman;0.5212;Prioritas;validasi silang
MHS2510;1;43;1;9070;1;1;114.0;1;19;38;9;7;135.9;0;0;0;1;1;0;26;0;9;14;14;14;14.0;0;7;13;13;13;13.615384615384617;0;15.5;2.8;-4.06;Graduate;0.3578;Prioritas;0.042;Aman;validasi silang
MHS2511;1;10;2;9773;1;1;154.4;22;19;38;3;5;154.4;1;0;0;0;0;0;18;1;0;6;8;5;12.0;0;0;6;0;0;0.0;0;10.8;1.4;1.74;Dropout;0.4354;Prioritas;0.96;Kritis;validasi silang
MHS2512;1;15;1;9500;1;1;190.0;108;3;2;122;4;190.0;1;0;0;1;0;0;18;1;0;7;15;4;11.575;0;0;7;10;5;12.419999999999998;0;12.4;0.5;1.79;Enrolled;0.0535;Aman;0.6937;Kritis;mahasiswa aktif
MHS2513;1;17;4;9500;1;1;136.0;1;3;3;2;2;132.5;1;0;0;1;0;0;19;0;0;7;8;7;13.198571428571428;0;0;8;8;8;13.0625;0;11.1;0.6;2.02;Graduate;0.1677;Aman;0.084;Aman;validasi silang
MHS2514;1;10;2;9085;1;1;163.3;22;19;1;4;9;163.3;0;0;0;1;0;0;18;1;0;6;10;6;13.5;0;0;6;12;6;12.0;0;12.4;0.5;1.79;Graduate;0.1184;Aman;0.0421;Aman;data uji
MHS2515;1;1;1;9670;1;1;126.0;1;1;3;4;3;122.5;1;0;0;1;0;0;19;0;0;6;6;6;13.333333333333334;0;0;6;8;5;12.8;0;8.9;1.4;3.51;Dropout;0.1377;Aman;0.0475;Aman;data uji
MHS2516;1;17;4;9119;1;1;122.0;62;1;1;191;171;121.0;1;0;0;1;1;0;20;1;0;5;10;4;14.25;0;0;5;14;1;10.0;0;8.9;1.4;3.51;Enrolled;0.3842;Prioritas;0.963;Kritis;mahasiswa aktif
MHS2517;1;17;1;9070;1;1;137.0;1;1;1;1;5;131.8;0;0;0;1;0;1;22;0;0;6;7;6;12.166666666666666;0;0;6;9;4;12.0;0;9.4;-0.8;-3.12;Graduate;0.0881;Aman;0.0776;Aman;data uji
MHS2518;1;1;3;9500;1;1;139.0;1;19;1;9;5;135.0;1;0;0;1;0;1;18;0;0;8;8;7;12.214285714285714;0;0;8;8;7;12.214285714285714;0;12.7;3.7;-1.7;Graduate;0.0266;Aman;0.0341;Aman;validasi silang
MHS2519;1;17;1;9254;1;1;142.0;1;19;39;5;4;141.7;0;0;0;1;0;1;18;0;0;6;8;6;12.666666666666666;0;0;6;6;6;13.0;0;13.9;-0.3;0.79;Graduate;0.2584;Prioritas;0.0314;Aman;validasi silang
MHS2520;1;1;3;9773;1;1;133.1;1;38;38;5;5;131.3;1;0;0;1;0;1;18;0;0;6;7;6;12.285714285714286;0;0;6;6;6;13.5;0;8.9;1.4;3.51;Graduate;0.059;Aman;0.0628;Aman;validasi silang
MHS2521;1;1;6;9254;1;1;126.0;1;38;37;5;7;123.9;1;0;0;1;0;1;18;0;0;6;7;6;13.0;0;0;6;6;6;13.0;0;12.4;0.5;1.79;Graduate;0.1346;Aman;0.0412;Aman;data uji
MHS2522;1;1;2;9254;1;1;131.0;1;4;3;7;4;126.1;1;0;0;1;0;0;18;0;0;6;8;6;12.142857142857142;0;0;6;6;6;11.166666666666666;0;8.9;1.4;3.51;Graduate;0.3252;Prioritas;0.0392;Aman;validasi silang
MHS2523;1;17;6;9500;1;1;131.0;1;1;19;7;7;126.5;1;0;0;1;0;1;19;0;0;7;8;7;13.875714285714285;0;0;8;9;7;13.085714285714284;0;11.1;0.6;2.02;Graduate;0.0824;Aman;0.0896;Aman;validasi silang
MHS2524;1;17;1;9853;1;1;108.0;1;19;1;5;5;107.3;0;0;0;1;0;0;20;0;0;6;0;0;0.0;0;0;6;0;0;0.0;0;15.5;2.8;-4.06;Dropout;0.8053;Kritis;0.9788;Kritis;validasi silang
MHS2525;1;17;4;9238;1;1;133.1;1;1;19;9;5;95.0;1;0;0;1;0;1;19;0;0;6;12;6;11.666666666666666;0;0;6;7;0;0.0;0;15.5;2.8;-4.06;Dropout;0.1595;Aman;0.9603;Kritis;validasi silang
MHS2526;1;1;2;9085;1;1;122.0;1;3;1;4;7;116.1;1;0;0;1;0;0;18;0;0;6;13;6;13.153846153846152;0;0;6;12;3;11.0;0;15.5;2.8;-4.06;Graduate;0.2477;Prioritas;0.2202;Aman;validasi silang
MHS2527;1;1;4;9070;1;1;143.0;1;1;1;9;7;134.6;1;0;0;1;0;1;18;0;0;6;6;6;14.5;0;0;6;6;6;12.833333333333334;0;12.4;0.5;1.79;Dropout;0.0495;Aman;0.0336;Aman;validasi silang
MHS2528;1;17;6;9500;1;1;135.0;1;19;19;7;7;128.0;1;0;0;1;0;1;18;0;0;7;7;7;14.44142857142857;0;0;8;8;8;13.65625;0;11.1;0.6;2.02;Graduate;0.0754;Aman;0.0329;Aman;validasi silang
MHS2529;1;17;2;9773;1;1;148.0;1;3;38;2;6;144.2;1;0;0;1;0;0;18;0;0;6;6;6;15.166666666666666;0;0;6;7;6;14.285714285714286;0;12.4;0.5;1.79;Graduate;0.1926;Aman;0.0482;Aman;validasi silang
MHS2530;1;17;1;9147;1;1;134.0;1;19;38;4;8;129.5;0;0;0;1;0;1;18;0;0;5;5;5;11.6;0;0;5;12;4;12.625;0;10.8;1.4;1.74;Graduate;0.1087;Aman;0.0531;Aman;validasi silang
MHS2531;1;17;1;9773;1;1;122.0;1;1;1;4;7;116.8;1;0;1;1;0;0;18;0;0;6;6;6;11.666666666666666;0;0;6;6;6;12.333333333333334;0;16.2;0.3;-0.92;Graduate;0.6686;Kritis;0.1132;Aman;validasi silang
MHS2532;1;44;1;9003;1;39;160.0;1;37;38;9;6;160.0;0;0;0;1;0;1;20;0;0;6;8;6;12.625;0;0;6;10;6;13.2;0;16.2;0.3;-0.92;Graduate;0.0415;Aman;0.0294;Aman;data uji
MHS2533;1;16;2;9238;1;1;126.0;1;38;37;3;5;127.1;1;0;0;1;0;1;19;0;0;6;14;3;12.666666666666666;0;0;6;7;6;11.0;0;9.4;-0.8;-3.12;Graduate;0.0313;Aman;0.1993;Aman;validasi silang
MHS2534;1;17;1;9130;1;1;138.0;1;2;19;2;6;126.3;1;0;0;1;0;1;18;0;0;6;7;6;12.833333333333334;1;0;6;8;6;13.0;0;8.9;1.4;3.51;Enrolled;0.0908;Aman;0.0353;Aman;mahasiswa aktif
MHS2535;1;1;1;9238;1;1;115.0;1;38;38;8;7;112.9;1;0;0;1;0;1;19;0;0;6;7;6;11.857142857142858;0;0;6;8;6;13.142857142857142;0;12.4;0.5;1.79;Graduate;0.0656;Aman;0.0293;Aman;validasi silang
MHS2536;1;17;2;9853;1;1;141.0;1;3;1;1;5;130.2;1;0;0;1;0;0;19;0;0;6;8;5;11.4;1;0;6;7;4;10.75;0;12.7;3.7;-1.7;Enrolled;0.6421;Prioritas;0.43;Prioritas;mahasiswa aktif
MHS2537;1;43;1;9130;1;1;100.0;41;3;4;3;2;100.0;0;0;0;1;0;0;19;1;0;5;10;5;14.857142857142858;2;0;5;7;5;15.142857142857142;0;9.4;-0.8;-3.12;Enrolled;0.3863;Prioritas;0.1703;Aman;mahasiswa aktif
MHS2538;1;1;1;9670;1;1;130.0;1;19;19;7;7;121.6;0;0;0;1;0;0;19;0;0;6;7;6;14.714285714285714;0;0;6;6;6;15.833333333333334;0;12.4;0.5;1.79;Graduate;0.2507;Prioritas;0.0354;Aman;validasi silang
MHS2539;1;15;1;9670;1;1;130.0;26;42;1;2;7;130.0;0;1;1;1;0;0;20;1;0;6;6;6;13.5;0;0;6;9;5;13.0;0;8.9;1.4;3.51;Graduate;0.2698;Prioritas;0.2272;Aman;validasi silang
MHS2540;1;18;1;9130;1;1;135.0;1;38;19;9;5;121.7;1;0;0;1;0;1;18;0;0;5;7;4;11.5;0;0;5;5;5;12.4;0;10.8;1.4;1.74;Graduate;0.1919;Aman;0.0323;Aman;validasi silang
MHS2541;1;7;1;9147;1;3;120.0;1;1;39;4;7;120.0;0;0;0;1;0;0;33;0;2;5;9;2;14.0;0;0;5;5;0;0.0;0;12.4;0.5;1.79;Dropout;0.6843;Kritis;0.9793;Kritis;validasi silang
MHS2542;1;1;1;9853;1;1;148.0;1;19;19;4;5;143.5;0;0;0;1;0;1;19;0;0;7;8;6;12.833333333333334;0;0;6;6;0;0.0;0;13.9;-0.3;0.79;Dropout;0.1528;Aman;0.966;Kritis;validasi silang
MHS2543;1;17;2;9556;1;1;136.0;1;1;1;9;9;128.3;0;0;0;1;0;1;18;0;0;7;7;7;13.428571428571429;0;0;8;8;8;14.75;0;15.5;2.8;-4.06;Graduate;0.139;Aman;0.057;Aman;validasi silang
MHS2544;1;17;1;9070;1;1;108.0;1;19;1;4;3;111.9;0;0;0;1;0;0;19;0;0;6;0;0;0.0;0;0;6;0;0;0.0;0;8.9;1.4;3.51;Dropout;0.1851;Aman;0.9792;Kritis;validasi silang
MHS2545;1;44;1;9003;1;39;140.0;1;38;38;6;3;140.0;0;0;0;1;0;0;19;0;0;6;18;3;11.666666666666666;0;0;6;14;4;11.5;0;15.5;2.8;-4.06;Enrolled;0.1856;Aman;0.956;Kritis;mahasiswa aktif
MHS2546;1;1;3;9773;1;1;153.0;1;3;1;2;8;137.6;1;0;0;1;0;0;18;0;0;6;6;6;16.0;0;0;6;7;6;14.333333333333334;0;12.4;0.5;1.79;Graduate;0.2466;Prioritas;0.0745;Aman;validasi silang
MHS2547;1;1;1;9238;1;1;135.0;1;19;19;9;5;135.0;1;0;0;1;0;0;20;0;0;6;6;6;13.833333333333334;0;0;6;6;6;11.833333333333334;0;10.8;1.4;1.74;Graduate;0.1031;Aman;0.035;Aman;validasi silang
MHS2548;1;1;5;9500;1;1;146.0;1;19;37;7;7;133.8;1;0;0;1;0;0;19;0;0;8;9;8;13.2325;1;0;8;9;8;13.2325;1;9.4;-0.8;-3.12;Graduate;0.1546;Aman;0.038;Aman;validasi silang
MHS2549;1;1;2;9773;1;1;130.0;1;19;19;9;9;126.9;1;0;0;1;1;1;18;0;0;6;6;6;14.0;0;0;6;6;6;14.166666666666666;0;9.4;-0.8;-3.12;Graduate;0.1113;Aman;0.0661;Aman;validasi silang
MHS2550;1;17;2;9254;1;1;113.0;1;1;2;5;3;106.7;1;0;1;1;1;1;19;0;0;6;14;2;10.0;0;0;6;6;0;0.0;0;13.9;-0.3;0.79;Dropout;0.7887;Kritis;0.9794;Kritis;validasi silang
MHS2551;1;43;1;8014;0;1;145.7;22;37;37;9;9;145.7;1;0;0;1;0;0;25;1;8;16;16;15;13.333333333333334;0;11;13;13;11;12.272727272727272;0;13.9;-0.3;0.79;Graduate;0.0738;Aman;0.1159;Aman;data uji
MHS2552;1;17;3;9070;1;1;145.0;1;3;3;4;4;153.1;1;0;0;1;0;1;20;0;0;6;6;6;12.5;0;0;6;6;6;14.333333333333334;0;12.7;3.7;-1.7;Enrolled;0.0691;Aman;0.0551;Aman;mahasiswa aktif
MHS2553;1;1;1;8014;0;1;126.0;1;38;37;5;5;118.7;0;0;0;1;0;0;19;0;0;6;6;6;12.5;0;0;6;6;6;11.5;0;12.7;3.7;-1.7;Graduate;0.1262;Aman;0.0289;Aman;data uji
MHS2554;1;17;1;9991;0;1;160.0;1;34;34;0;0;161.8;1;0;1;1;1;0;33;0;0;5;8;2;10.5;0;0;5;5;0;0.0;0;7.6;2.6;0.32;Dropout;0.9141;Kritis;0.9795;Kritis;validasi silang
MHS2555;1;18;4;9119;1;1;134.0;1;19;38;194;175;124.9;1;0;1;1;1;0;18;0;0;5;11;3;10.666666666666666;0;0;5;9;3;11.333333333333334;0;8.9;1.4;3.51;Enrolled;0.862;Kritis;0.9553;Kritis;mahasiswa aktif
MHS2556;1;1;1;9119;1;1;163.0;1;19;37;5;8;150.8;1;0;0;1;1;0;18;0;0;5;9;4;10.5;0;0;5;11;2;10.5;3;7.6;2.6;0.32;Enrolled;0.5711;Prioritas;0.9652;Kritis;mahasiswa aktif
MHS2557;1;15;1;9147;1;1;130.0;26;1;1;2;3;130.0;0;0;0;1;0;0;19;1;0;5;10;4;12.0;0;0;5;6;5;11.4;0;11.1;0.6;2.02;Graduate;0.1344;Aman;0.0558;Aman;validasi silang
MHS2558;1;1;2;171;1;1;165.0;1;3;3;2;2;163.6;1;0;0;1;0;0;18;0;0;0;0;0;0.0;0;0;0;0;0;0.0;0;12.4;0.5;1.79;Enrolled;0.2071;Aman;0.2262;Aman;mahasiswa aktif
MHS2559;1;43;1;9147;1;1;142.0;1;38;19;141;171;115.0;0;0;0;1;0;0;19;0;0;5;11;5;11.5;0;0;5;9;2;10.666666666666666;0;13.9;-0.3;0.79;Enrolled;0.2688;Prioritas;0.786;Kritis;mahasiswa aktif
MHS2560;1;1;1;9773;1;1;156.0;1;19;1;5;10;136.8;1;0;0;1;0;0;18;0;0;6;6;6;14.0;0;0;6;6;6;13.5;0;11.1;0.6;2.02;Dropout;0.2086;Aman;0.0373;Aman;validasi silang
MHS2561;1;17;5;9853;1;1;141.0;1;3;19;2;7;130.9;1;0;0;1;0;0;18;0;0;6;7;6;13.5;0;0;6;8;5;12.6;0;7.6;2.6;0.32;Graduate;0.5345;Prioritas;0.0878;Aman;validasi silang
MHS2562;1;1;3;9500;1;1;143.0;1;19;37;7;7;127.0;1;0;0;1;0;0;18;0;0;8;8;8;13.07375;0;0;8;8;8;13.07375;0;9.4;-0.8;-3.12;Graduate;0.2044;Aman;0.0357;Aman;validasi silang
MHS2563;2;39;1;9500;1;19;133.1;1;38;38;2;10;120.0;0;0;0;1;0;0;37;0;0;7;9;2;10.75;0;0;7;9;0;0.0;0;16.2;0.3;-0.92;Dropout;0.3241;Prioritas;0.9796;Kritis;validasi silang
MHS2564;1;1;1;9238;1;1;133.0;1;38;1;2;4;126.0;0;0;0;1;0;0;20;0;0;6;11;1;12.0;0;0;5;10;0;0.0;0;9.4;-0.8;-3.12;Enrolled;0.1564;Aman;0.9799;Kritis;mahasiswa aktif
MHS2565;1;1;1;9254;1;1;172.0;41;37;37;5;5;153.8;1;0;0;1;0;1;20;1;0;6;6;6;14.0;0;0;6;6;6;13.333333333333334;0;10.8;1.4;1.74;Graduate;0.0618;Aman;0.042;Aman;validasi silang
MHS2566;1;15;1;9238;1;1;140.0;26;19;19;9;6;140.0;0;0;0;1;1;0;21;1;0;6;7;6;12.333333333333334;0;0;6;7;6;13.428571428571429;0;11.1;0.6;2.02;Graduate;0.035;Aman;0.0379;Aman;data uji
MHS2567;1;17;1;9500;1;1;142.0;1;38;1;5;4;136.6;0;0;0;1;0;1;18;0;0;7;7;7;13.464285714285714;0;0;8;9;8;14.788888888888888;0;12.4;0.5;1.79;Graduate;0.0712;Aman;0.0321;Aman;data uji
MHS2568;1;39;1;8014;0;1;140.0;1;19;1;9;8;105.0;0;0;0;1;0;0;26;0;0;6;14;3;10.666666666666666;1;0;6;9;5;11.2;0;15.5;2.8;-4.06;Enrolled;0.4482;Prioritas;0.5715;Prioritas;mahasiswa aktif
MHS2569;1;39;1;9147;1;12;133.1;1;37;37;9;7;139.4;0;0;1;1;0;0;41;0;0;5;6;5;11.6;0;0;5;8;5;12.2;0;7.6;2.6;0.32;Enrolled;0.7898;Kritis;0.1536;Aman;mahasiswa aktif
MHS2570;1;1;2;9773;1;1;148.0;1;19;1;3;9;140.0;1;0;0;1;0;1;18;0;0;6;6;6;13.666666666666666;0;0;6;6;6;14.666666666666666;0;16.2;0.3;-0.92;Graduate;0.0812;Aman;0.0636;Aman;validasi silang
MHS2571;1;1;4;9500;1;1;137.0;1;19;37;9;7;130.8;0;0;1;1;0;0;18;0;0;8;9;8;14.4025;1;0;8;9;8;14.4025;1;9.4;-0.8;-3.12;Graduate;0.2519;Prioritas;0.0632;Aman;validasi silang
MHS2572;1;1;1;9500;1;1;143.0;1;38;38;9;9;138.8;1;0;0;1;0;0;31;0;0;7;9;7;15.46875;0;0;8;8;8;16.3875;0;11.1;0.6;2.02;Graduate;0.0955;Aman;0.0391;Aman;validasi silang
MHS2573;1;1;1;9238;1;1;133.1;1;1;1;4;10;110.0;0;0;1;1;0;0;23;0;0;6;8;6;12.625;0;0;6;6;6;14.166666666666666;0;12.7;3.7;-1.7;Graduate;0.3219;Prioritas;0.0962;Aman;validasi silang
MHS2574;1;1;4;9500;1;1;138.0;1;37;19;9;9;127.8;1;0;0;1;0;0;19;0;0;7;7;6;14.983333333333334;0;0;7;7;6;14.983333333333334;0;7.6;2.6;0.32;Graduate;0.1104;Aman;0.0276;Aman;validasi silang
MHS2575;1;16;3;9773;1;1;138.0;1;37;38;4;9;134.2;1;0;0;1;0;1;20;0;0;6;6;6;15.0;0;0;6;6;6;13.0;0;11.1;0.6;2.02;Graduate;0.0617;Aman;0.0666;Aman;data uji
MHS2576;2;39;1;8014;0;1;150.0;1;37;37;7;5;143.0;0;0;0;1;0;0;40;0;5;9;9;9;15.88888888888889;0;3;7;7;7;14.142857142857142;0;12.7;3.7;-1.7;Graduate;0.2575;Prioritas;0.0387;Aman;data uji
MHS2577;1;44;1;9085;1;39;120.0;1;37;37;9;9;120.0;1;0;1;1;0;0;32;0;0;6;14;4;11.5;0;0;6;14;3;11.0;0;16.2;0.3;-0.92;Dropout;0.6566;Kritis;0.9626;Kritis;validasi silang
MHS2578;1;1;4;9254;1;1;110.0;1;37;37;9;7;113.2;1;0;0;1;0;0;24;0;0;6;14;2;10.5;0;0;6;11;1;10.0;0;10.8;1.4;1.74;Dropout;0.3389;Prioritas;0.9779;Kritis;validasi silang
MHS2579;1;17;4;9500;1;1;146.0;1;19;37;5;8;135.8;1;0;0;1;0;0;18;0;0;7;7;6;13.983333333333334;0;0;7;7;6;13.983333333333334;0;7.6;2.6;0.32;Graduate;0.1738;Aman;0.0424;Aman;validasi silang
MHS2580;1;1;1;9238;1;1;148.0;1;37;37;9;9;143.5;0;0;0;1;0;0;18;0;0;6;6;6;13.0;0;0;6;6;6;12.833333333333334;0;10.8;1.4;1.74;Graduate;0.101;Aman;0.0355;Aman;validasi silang
MHS2581;1;1;1;9238;1;1;145.0;1;19;37;4;7;148.9;1;0;0;1;0;1;18;0;0;6;6;6;13.666666666666666;0;0;6;6;6;13.0;0;10.8;1.4;1.74;Graduate;0.0232;Aman;0.0414;Aman;validasi silang
MHS2582;1;39;1;9003;1;1;133.1;1;38;38;4;7;115.6;1;0;0;0;0;0;27;0;0;6;8;0;0.0;0;0;6;8;0;0.0;0;15.5;2.8;-4.06;Dropout;0.9037;Kritis;0.9801;Kritis;data uji
MHS2583;1;1;1;9147;1;1;160.0;1;38;37;9;5;159.3;0;0;0;1;0;0;18;0;0;5;5;5;14.4;0;0;5;5;5;15.4;0;7.6;2.6;0.32;Graduate;0.195;Aman;0.0354;Aman;validasi silang
MHS2584;1;39;1;9991;0;1;150.0;1;19;37;9;8;138.5;0;0;0;1;0;0;26;0;0;5;10;4;12.0;0;0;5;9;4;11.25;0;12.7;3.7;-1.7;Enrolled;0.5028;Prioritas;0.4828;Prioritas;mahasiswa aktif
MHS2585;1;1;1;9853;1;1;130.0;1;19;12;9;4;133.2;1;0;0;1;0;0;19;0;0;6;6;6;14.166666666666666;0;0;6;7;6;13.666666666666666;0;7.6;2.6;0.32;Graduate;0.3897;Prioritas;0.0356;Aman;data uji
MHS2586;1;17;2;8014;0;1;120.0;1;37;34;0;0;117.6;1;0;0;1;0;0;19;0;0;6;8;5;12.2;0;0;6;7;6;12.0;0;7.6;2.6;0.32;Graduate;0.2828;Prioritas;0.0589;Aman;validasi silang
MHS2587;1;18;2;9147;1;1;115.0;1;1;37;5;5;108.7;1;0;0;1;0;0;21;0;0;5;8;3;12.0;1;0;5;9;3;12.666666666666666;0;9.4;-0.8;-3.12;Enrolled;0.4992;Prioritas;0.7599;Kritis;mahasiswa aktif
MHS2588;1;1;4;9147;1;1;133.1;1;1;19;4;6;106.0;1;0;0;1;0;0;24;0;0;5;11;2;10.5;0;0;5;14;1;11.0;0;12.7;3.7;-1.7;Enrolled;0.3194;Prioritas;0.9749;Kritis;mahasiswa aktif
MHS2589;1;17;1;9853;1;1;120.0;1;37;37;9;10;122.6;0;0;0;1;0;0;20;0;0;6;8;3;12.333333333333334;0;0;6;11;2;10.5;0;12.7;3.7;-1.7;Dropout;0.5189;Prioritas;0.9757;Kritis;validasi silang
MHS2590;1;1;4;9853;1;1;134.0;1;19;1;5;9;127.4;1;0;0;1;0;0;18;0;0;6;7;5;12.2;0;0;6;7;5;12.2;0;10.8;1.4;1.74;Enrolled;0.5521;Prioritas;0.2944;Aman;mahasiswa aktif
MHS2591;1;39;1;9003;1;1;133.1;1;19;19;9;9;100.0;0;0;0;1;0;0;30;0;0;6;6;0;0.0;0;0;6;6;0;0.0;0;11.1;0.6;2.02;Dropout;0.3999;Prioritas;0.9801;Kritis;data uji
MHS2592;1;1;1;9853;1;1;133.1;1;19;37;9;9;95.0;1;0;1;0;0;0;22;0;0;7;10;6;11.5;0;0;7;8;6;13.166666666666666;0;11.1;0.6;2.02;Enrolled;0.9829;Kritis;0.8024;Kritis;mahasiswa aktif
MHS2593;1;7;1;9147;1;3;130.0;1;37;19;9;8;130.0;0;0;0;1;0;0;21;0;4;9;9;9;10.88888888888889;0;3;10;18;10;11.615384615384617;0;10.8;1.4;1.74;Graduate;0.5899;Prioritas;0.0454;Aman;validasi silang
MHS2594;1;39;1;9556;1;1;120.0;1;19;19;4;5;122.8;0;0;0;1;0;0;26;0;0;7;12;6;12.166666666666666;0;0;8;8;8;11.675;0;13.9;-0.3;0.79;Dropout;0.5235;Prioritas;0.0425;Aman;validasi silang
MHS2595;1;17;1;9147;1;1;115.0;1;19;19;7;7;115.0;1;0;0;1;0;0;23;0;0;5;7;2;10.0;1;0;5;9;1;12.0;0;9.4;-0.8;-3.12;Enrolled;0.5027;Prioritas;0.9771;Kritis;mahasiswa aktif
MHS2596;1;17;1;9070;1;1;135.0;1;19;37;5;9;145.9;0;0;0;1;0;1;18;0;0;6;6;6;12.666666666666666;0;0;6;6;6;12.166666666666666;0;16.2;0.3;-0.92;Graduate;0.0728;Aman;0.0288;Aman;validasi silang
MHS2597;1;1;1;9070;1;1;133.1;1;1;37;5;9;143.0;1;0;1;1;0;0;21;0;0;6;9;5;11.4;0;0;6;8;5;12.2;0;12.7;3.7;-1.7;Dropout;0.3052;Prioritas;0.3706;Aman;validasi silang
MHS2598;1;43;1;171;1;1;145.0;1;19;38;9;9;100.0;0;0;0;1;0;1;18;0;0;0;0;0;0.0;0;0;0;0;0;0.0;0;13.9;-0.3;0.79;Dropout;0.1862;Aman;0.2991;Aman;validasi silang
MHS2599;1;17;3;9085;1;1;130.0;1;19;37;5;5;121.3;1;0;0;1;0;0;21;0;0;5;14;2;13.0;2;0;5;8;4;12.0;1;9.4;-0.8;-3.12;Enrolled;0.3446;Prioritas;0.5835;Prioritas;mahasiswa aktif
MHS2600;1;17;3;9853;1;1;118.0;1;38;38;7;7;121.2;1;0;0;1;0;0;18;0;0;6;8;5;13.4;0;0;6;7;5;12.0;0;7.6;2.6;0.32;Enrolled;0.5362;Prioritas;0.2108;Aman;mahasiswa aktif
MHS2601;1;17;3;9853;1;1;138.0;1;37;37;5;9;125.1;1;1;0;1;0;1;19;0;0;6;6;6;13.5;0;0;6;8;5;12.8;0;12.7;3.7;-1.7;Dropout;0.2755;Prioritas;0.1716;Aman;validasi silang
MHS2602;1;17;1;9254;1;1;122.0;1;1;1;4;9;112.9;1;0;0;1;0;0;22;0;0;6;14;4;12.25;0;0;6;11;3;11.333333333333334;0;7.6;2.6;0.32;Enrolled;0.4181;Prioritas;0.9659;Kritis;mahasiswa aktif
MHS2603;1;1;3;9238;1;1;126.0;1;38;19;5;8;120.8;1;0;0;1;0;0;19;0;0;6;7;6;12.285714285714286;0;0;6;7;6;12.833333333333334;0;12.4;0.5;1.79;Graduate;0.1335;Aman;0.036;Aman;data uji
MHS2604;1;1;5;9085;1;1;121.0;1;38;37;9;8;114.0;1;0;0;0;0;0;19;0;0;5;12;0;0.0;4;0;5;8;0;0.0;1;9.4;-0.8;-3.12;Dropout;0.7335;Kritis;0.9786;Kritis;validasi silang
MHS2605;1;17;1;9238;1;1;152.0;1;37;37;7;5;132.1;1;0;0;1;0;0;19;0;0;6;10;2;10.5;0;0;6;11;1;13.0;0;9.4;-0.8;-3.12;Dropout;0.234;Prioritas;0.9777;Kritis;validasi silang
MHS2606;2;44;1;9085;1;39;160.0;1;37;37;192;192;160.0;0;0;0;1;0;0;27;0;0;5;12;3;14.0;2;0;5;8;5;12.0;1;9.4;-0.8;-3.12;Graduate;0.1302;Aman;0.285;Aman;validasi silang
MHS2607;1;10;1;9085;1;1;134.0;1;37;37;5;5;134.0;1;0;0;1;0;0;22;0;2;5;7;5;14.2;0;0;5;10;5;12.2;0;12.7;3.7;-1.7;Graduate;0.3451;Prioritas;0.0525;Aman;validasi silang
MHS2608;1;1;1;9773;1;1;128.0;1;37;1;9;7;124.2;1;0;0;1;0;0;18;0;0;6;8;5;13.0;0;0;6;7;6;13.142857142857142;0;15.5;2.8;-4.06;Dropout;0.2723;Prioritas;0.0532;Aman;validasi silang
MHS2609;1;17;4;9254;1;1;125.0;1;38;38;5;5;115.6;1;0;0;1;0;0;20;0;0;6;6;6;11.0;0;0;6;8;4;12.75;0;9.4;-0.8;-3.12;Graduate;0.4432;Prioritas;0.1024;Aman;data uji
MHS2610;2;43;1;9991;0;1;130.0;1;37;37;9;9;128.2;0;0;0;1;0;0;34;0;3;8;9;3;11.0;0;2;7;7;2;10.0;0;9.4;-0.8;-3.12;Dropout;0.2622;Prioritas;0.9752;Kritis;data uji
MHS2611;1;17;2;9500;1;1;138.0;1;1;38;5;8;132.8;1;0;0;1;0;0;18;0;0;7;9;6;12.385714285714286;0;0;8;9;8;13.755555555555556;0;13.9;-0.3;0.79;Graduate;0.1758;Aman;0.0886;Aman;validasi silang
MHS2612;1;17;2;9773;1;1;121.0;1;1;1;5;5;123.1;1;0;0;1;1;0;20;0;0;6;12;4;14.75;0;0;6;7;4;12.25;0;9.4;-0.8;-3.12;Graduate;0.5399;Prioritas;0.6746;Kritis;validasi silang
MHS2613;1;1;1;9130;1;1;134.0;41;1;19;5;5;125.6;1;0;0;1;0;0;20;1;0;5;6;5;16.166666666666668;0;0;5;6;5;15.833333333333334;0;12.7;3.7;-1.7;Graduate;0.3449;Prioritas;0.0536;Aman;validasi silang
MHS2614;1;39;1;9991;0;1;130.0;1;1;38;4;9;115.0;0;0;0;1;1;0;25;0;0;5;7;0;0.0;0;0;5;8;0;0.0;0;16.2;0.3;-0.92;Dropout;0.7379;Kritis;0.9801;Kritis;data uji
MHS2615;1;1;4;9119;1;1;126.0;1;3;19;2;9;123.6;1;0;0;1;1;0;18;0;0;5;6;5;12.4;0;0;5;9;3;13.0;0;8.9;1.4;3.51;Dropout;0.6283;Prioritas;0.4331;Prioritas;validasi silang
MHS2616;1;1;1;9130;1;1;148.0;1;1;1;9;9;141.7;0;0;0;0;1;0;18;0;0;6;8;5;11.6;0;0;6;11;4;13.0;0;8.9;1.4;3.51;Dropout;0.9136;Kritis;0.9357;Kritis;data uji
MHS2617;1;17;1;9853;1;1;160.0;1;19;38;5;7;139.0;1;0;0;1;0;1;18;0;0;6;8;5;12.2;0;0;6;13;0;0.0;0;9.4;-0.8;-3.12;Dropout;0.2848;Prioritas;0.9741;Kritis;validasi silang
MHS2618;1;17;1;9254;1;1;118.0;1;1;19;5;4;118.0;0;0;0;1;0;1;19;0;0;6;7;5;11.0;0;0;6;7;5;12.8;0;12.4;0.5;1.79;Graduate;0.214;Aman;0.0403;Aman;validasi silang
MHS2619;1;17;2;9853;1;1;150.0;1;38;19;5;5;142.0;1;0;0;1;0;1;19;0;0;6;8;6;12.333333333333334;0;0;6;7;5;12.4;0;10.8;1.4;1.74;Dropout;0.2432;Prioritas;0.2351;Aman;validasi silang
MHS2620;1;44;1;9238;1;1;140.0;1;1;1;5;5;143.4;0;0;0;1;0;1;21;0;3;6;6;6;14.833333333333334;0;2;6;7;6;12.571428571428571;0;13.9;-0.3;0.79;Graduate;0.0599;Aman;0.0303;Aman;validasi silang
MHS2621;1;42;1;9070;1;1;100.0;1;3;2;2;2;115.9;0;0;0;1;0;0;29;0;9;10;15;9;11.555555555555555;0;7;11;17;10;11.9;0;9.4;-0.8;-3.12;Enrolled;0.4202;Prioritas;0.1575;Aman;mahasiswa aktif
MHS2622;1;1;1;9070;1;1;110.0;1;1;37;9;9;105.1;1;0;0;1;0;1;20;0;0;6;6;6;12.0;0;0;6;6;6;11.833333333333334;0;12.4;0.5;1.79;Graduate;0.0678;Aman;0.0333;Aman;validasi silang
MHS2623;1;51;1;8014;0;42;140.0;1;19;37;134;193;138.0;1;0;1;1;0;1;21;0;13;13;13;11;12.727272727272728;0;9;11;11;10;12.6;0;8.9;1.4;3.51;Graduate;0.0468;Aman;0.0778;Aman;validasi silang
MHS2624;1;43;1;9991;0;1;133.1;41;37;37;9;8;114.7;0;0;0;1;0;0;34;1;2;2;2;2;10.5;0;1;1;1;1;11.0;0;10.8;1.4;1.74;Dropout;0.2727;Prioritas;0.1854;Aman;validasi silang
MHS2625;1;1;4;9773;1;1;140.0;22;1;37;3;9;130.5;1;0;0;1;0;0;20;1;0;6;6;6;12.333333333333334;0;0;6;6;6;12.0;0;12.7;3.7;-1.7;Graduate;0.1081;Aman;0.0547;Aman;validasi silang
MHS2626;1;39;1;9991;0;1;110.0;1;37;37;9;9;134.3;0;0;0;1;1;0;24;0;0;5;10;0;0.0;0;0;5;7;1;12.0;0;10.8;1.4;1.74;Dropout;0.5491;Prioritas;0.9777;Kritis;validasi silang
MHS2627;1;1;1;9500;1;1;148.0;1;1;1;4;3;137.5;0;0;0;1;1;0;18;0;0;7;7;7;14.842857142857143;0;0;8;9;8;14.38888888888889;0;16.2;0.3;-0.92;Graduate;0.2447;Prioritas;0.0318;Aman;validasi silang
MHS2628;1;1;1;9500;1;1;137.0;1;1;19;4;4;125.3;0;0;0;1;1;0;19;0;0;7;7;7;12.2;0;0;7;7;7;12.2;0;7.6;2.6;0.32;Enrolled;0.1927;Aman;0.0343;Aman;mahasiswa aktif
MHS2629;1;1;1;9147;1;1;120.0;1;1;19;7;7;111.3;0;0;0;1;1;1;18;0;0;5;10;4;10.8;0;0;5;10;4;11.75;0;15.5;2.8;-4.06;Enrolled;0.2914;Prioritas;0.2043;Aman;mahasiswa aktif
MHS2630;1;39;9;9991;0;1;120.0;1;38;38;9;5;144.8;0;0;0;1;1;0;28;0;0;5;7;4;12.75;0;0;5;7;5;14.333333333333334;0;10.8;1.4;1.74;Enrolled;0.5921;Prioritas;0.1276;Aman;mahasiswa aktif
MHS2631;1;39;1;9991;0;1;130.0;1;1;1;9;7;152.1;0;0;0;1;1;0;28;0;0;5;13;2;11.0;0;0;5;12;1;12.0;0;11.1;0.6;2.02;Dropout;0.5643;Prioritas;0.9748;Kritis;validasi silang
MHS2632;1;17;1;9254;1;1;132.0;1;38;38;0;5;126.1;0;0;0;1;1;0;20;0;0;6;9;4;10.75;0;0;6;12;0;0.0;0;7.6;2.6;0.32;Dropout;0.5725;Prioritas;0.9787;Kritis;validasi silang
MHS2633;1;43;1;9500;1;1;130.0;1;1;1;7;4;136.0;1;0;0;1;1;0;22;0;0;8;9;8;12.55375;1;0;8;9;8;12.55375;1;9.4;-0.8;-3.12;Graduate;0.4177;Prioritas;0.0521;Aman;validasi silang
MHS2634;1;1;4;9500;1;1;128.0;1;19;1;4;4;124.3;1;0;0;1;1;0;19;0;0;8;8;7;12.665714285714284;0;0;8;8;7;12.665714285714284;0;10.8;1.4;1.74;Graduate;0.2988;Prioritas;0.0304;Aman;validasi silang
MHS2635;1;1;1;9670;1;1;132.0;1;1;19;7;5;129.9;1;0;0;1;1;0;20;0;0;6;10;6;12.714285714285714;0;0;6;8;4;13.0;0;12.4;0.5;1.79;Enrolled;0.321;Prioritas;0.0806;Aman;mahasiswa aktif
MHS2636;1;39;2;9556;1;1;133.1;1;3;1;2;4;136.1;0;0;0;1;1;0;26;0;0;7;7;2;11.75;0;0;5;10;0;0.0;0;12.4;0.5;1.79;Dropout;0.7128;Kritis;0.9783;Kritis;validasi silang
MHS2637;1;1;2;9254;1;1;120.0;1;37;37;9;9;115.1;1;0;0;0;1;0;21;0;0;6;11;3;11.0;0;0;6;14;0;0.0;0;9.4;-0.8;-3.12;Dropout;0.9309;Kritis;0.9799;Kritis;data uji
MHS2638;1;16;2;171;1;1;145.0;1;3;3;2;2;143.6;1;0;0;1;1;0;18;0;0;0;0;0;0.0;0;0;0;0;0;0.0;0;12.4;0.5;1.79;Graduate;0.4158;Prioritas;0.3339;Aman;validasi silang
MHS2639;1;17;1;9147;1;1;127.0;1;37;38;9;7;115.8;1;0;0;1;1;0;18;0;0;5;5;5;13.4;0;0;5;6;5;12.2;0;11.1;0.6;2.02;Graduate;0.537;Prioritas;0.0385;Aman;validasi silang
MHS2640;1;1;2;171;1;1;135.0;1;19;19;4;7;149.0;1;0;0;1;1;0;22;0;14;17;21;17;12.578947368421051;0;15;17;20;17;12.117647058823527;0;11.1;0.6;2.02;Graduate;0.3595;Prioritas;0.0439;Aman;data uji
MHS2641;2;39;1;9119;1;19;133.1;1;37;37;9;9;100.0;0;0;0;1;1;0;36;0;0;5;0;0;0.0;0;0;5;0;0;0.0;0;16.2;0.3;-0.92;Dropout;0.9121;Kritis;0.9801;Kritis;data uji
MHS2642;1;1;1;9773;1;1;125.0;1;38;38;9;9;133.4;1;0;0;1;1;1;20;0;0;6;8;6;12.0;0;0;6;8;6;11.5;0;13.9;-0.3;0.79;Graduate;0.0873;Aman;0.0696;Aman;validasi silang
MHS2643;1;17;5;9670;1;1;127.0;1;3;4;2;2;122.8;0;0;0;1;1;0;20;0;0;6;6;3;12.333333333333334;0;0;6;9;0;0.0;0;10.8;1.4;1.74;Dropout;0.3714;Prioritas;0.9794;Kritis;validasi silang
MHS2644;1;39;1;9991;0;1;133.1;1;37;1;5;4;151.2;0;0;0;1;1;0;25;0;0;5;11;4;11.5;0;0;5;11;3;13.5;0;12.4;0.5;1.79;Dropout;0.7178;Kritis;0.9196;Kritis;data uji
MHS2645;1;39;1;9003;1;1;150.0;1;37;19;6;4;137.0;0;0;0;1;1;0;35;0;1;6;7;5;12.8;0;1;6;11;5;13.833333333333334;0;15.5;2.8;-4.06;Graduate;0.6113;Prioritas;0.2147;Aman;validasi silang
MHS2646;1;1;1;171;1;1;133.1;1;1;37;7;7;118.0;0;0;0;1;1;0;22;0;0;0;0;0;0.0;0;0;0;0;0;0.0;0;11.1;0.6;2.02;Dropout;0.5516;Prioritas;0.7542;Kritis;validasi silang
MHS2647;1;43;1;9070;1;1;150.0;1;3;39;3;7;126.4;0;0;0;1;1;0;26;0;5;7;8;7;13.285714285714286;0;3;8;11;7;12.142857142857142;0;12.4;0.5;1.79;Enrolled;0.4035;Prioritas;0.1044;Aman;mahasiswa aktif
MHS2648;1;44;1;9003;1;39;130.0;1;38;38;9;5;130.0;0;0;1;0;1;0;20;0;0;6;16;4;11.8;0;0;6;15;2;12.0;0;16.2;0.3;-0.92;Dropout;0.9589;Kritis;0.9795;Kritis;data uji
MHS2649;1;43;1;8014;0;12;133.1;1;37;1;9;10;112.5;0;0;0;1;1;0;50;0;6;13;13;6;11.333333333333334;0;2;11;11;2;13.5;0;16.2;0.3;-0.92;Dropout;0.5281;Prioritas;0.95;Kritis;validasi silang
MHS2650;1;1;1;9500;1;1;125.0;1;19;38;9;8;118.3;0;0;0;1;1;0;20;0;0;8;12;5;12.002;1;0;8;12;5;12.002;1;10.8;1.4;1.74;Dropout;0.2095;Aman;0.8765;Kritis;validasi silang
MHS2651;1;1;1;9500;1;1;127.0;1;3;1;2;8;121.4;0;0;0;1;1;0;20;0;0;7;10;5;13.976666666666668;0;0;8;9;8;13.22222222222222;0;12.4;0.5;1.79;Enrolled;0.2395;Prioritas;0.0804;Aman;mahasiswa aktif
MHS2652;1;7;1;9003;1;3;140.0;1;3;19;2;10;140.0;0;0;0;0;1;0;35;0;0;6;10;5;15.2;0;1;6;9;1;11.0;0;15.5;2.8;-4.06;Dropout;0.9411;Kritis;0.9737;Kritis;validasi silang
MHS2653;1;1;1;9670;1;1;110.0;1;3;19;4;5;109.0;0;0;0;1;1;1;19;0;0;6;7;6;13.142857142857142;0;0;6;8;6;14.166666666666666;0;15.5;2.8;-4.06;Graduate;0.1588;Aman;0.0317;Aman;validasi silang
MHS2654;2;39;2;9147;1;1;133.1;1;37;37;5;7;110.0;0;0;0;1;1;0;43;0;0;5;14;0;0.0;1;0;5;5;0;0.0;0;9.4;-0.8;-3.12;Dropout;0.8216;Kritis;0.9787;Kritis;validasi silang
MHS2655;1;17;5;9500;1;1;124.0;1;3;38;2;1;119.8;0;0;0;1;1;0;19;0;0;8;11;7;13.867142857142856;0;0;8;11;7;13.867142857142856;0;10.8;1.4;1.74;Graduate;0.2842;Prioritas;0.0553;Aman;validasi silang
MHS2656;1;39;1;9500;1;1;114.0;1;37;37;9;9;130.0;0;0;0;1;1;0;25;0;0;8;11;6;12.675;0;0;8;11;6;12.675;0;12.7;3.7;-1.7;Graduate;0.4002;Prioritas;0.5591;Prioritas;validasi silang
MHS2657;1;16;1;171;1;1;155.0;1;1;3;5;10;167.3;1;0;0;1;1;0;19;0;0;0;0;0;0.0;0;0;0;0;0;0.0;0;13.9;-0.3;0.79;Graduate;0.3398;Prioritas;0.5779;Prioritas;data uji
MHS2658;1;17;2;9853;1;1;114.0;1;1;19;9;9;111.9;1;0;0;1;1;1;20;0;0;6;6;6;12.0;0;0;6;7;6;12.5;0;7.6;2.6;0.32;Enrolled;0.3682;Prioritas;0.0628;Aman;mahasiswa aktif
MHS2659;1;1;1;171;1;1;133.1;1;38;37;5;5;136.0;1;0;0;1;1;0;22;0;0;0;0;0;0.0;0;0;0;0;0;0.0;0;12.7;3.7;-1.7;Dropout;0.4424;Prioritas;0.5087;Prioritas;data uji
MHS2660;1;1;1;9254;1;1;125.0;1;37;37;3;3;124.0;0;0;0;1;1;1;19;0;0;6;7;6;11.0;0;0;6;6;5;12.2;0;11.1;0.6;2.02;Dropout;0.1449;Aman;0.0422;Aman;validasi silang
MHS2661;2;39;1;9991;0;1;120.0;1;19;37;3;9;132.9;0;0;0;1;1;0;32;0;0;5;11;4;10.75;0;0;5;11;4;11.333333333333334;0;13.9;-0.3;0.79;Dropout;0.5663;Prioritas;0.5235;Prioritas;validasi silang
MHS2662;2;39;1;9773;1;38;100.0;1;37;37;9;7;154.0;1;0;0;1;1;0;57;0;0;6;7;5;14.2;0;0;6;6;6;14.166666666666666;0;9.4;-0.8;-3.12;Graduate;0.6523;Kritis;0.0986;Aman;validasi silang
MHS2663;1;1;1;9500;1;1;133.1;1;1;19;3;5;115.0;0;0;0;0;1;0;20;0;0;7;11;4;12.6;0;0;7;7;4;11.575;0;16.2;0.3;-0.92;Dropout;0.8167;Kritis;0.9673;Kritis;validasi silang
MHS2664;1;39;1;9991;0;1;120.0;1;1;1;5;5;96.0;1;0;0;0;1;0;38;0;0;5;5;0;0.0;0;0;5;5;0;0.0;0;8.9;1.4;3.51;Dropout;0.9753;Kritis;0.9788;Kritis;validasi silang
MHS2665;2;39;1;9991;0;1;120.0;1;37;3;9;3;168.2;0;0;0;1;1;0;45;0;0;5;6;5;14.0;0;0;5;6;5;14.166666666666666;0;12.4;0.5;1.79;Graduate;0.4004;Prioritas;0.0505;Aman;validasi silang
MHS2666;2;39;1;9773;1;1;110.0;1;37;37;9;10;140.0;0;0;1;0;1;0;43;0;0;6;16;2;10.0;0;0;6;12;4;12.25;0;10.8;1.4;1.74;Dropout;0.9681;Kritis;0.9757;Kritis;validasi silang
MHS2667;1;17;4;9070;1;1;144.0;1;38;1;9;9;137.4;1;0;0;1;1;0;19;0;0;6;6;6;13.833333333333334;0;0;6;8;6;13.125;0;10.8;1.4;1.74;Graduate;0.4036;Prioritas;0.0517;Aman;validasi silang
MHS2668;2;39;1;9991;0;19;133.1;1;19;19;4;4;150.0;0;0;0;0;1;0;49;0;0;5;8;2;11.0;0;0;5;5;1;11.0;0;15.5;2.8;-4.06;Dropout;0.9729;Kritis;0.9761;Kritis;validasi silang
MHS2669;2;39;1;9500;1;19;133.1;1;37;38;9;7;100.5;1;0;0;1;1;0;43;0;0;8;8;7;11.635714285714286;0;0;8;8;7;11.635714285714286;0;10.8;1.4;1.74;Enrolled;0.5045;Prioritas;0.085;Aman;mahasiswa aktif
MHS2670;1;39;1;8014;0;1;133.1;1;37;38;9;9;148.5;0;0;0;1;1;0;34;0;0;6;6;4;12.25;0;0;5;5;0;0.0;0;11.1;0.6;2.02;Dropout;0.2869;Prioritas;0.9777;Kritis;validasi silang
MHS2671;1;17;5;9119;1;1;138.0;1;19;19;5;5;123.3;1;0;1;1;1;0;18;0;0;5;9;4;12.5;0;0;5;11;5;11.285714285714286;0;12.4;0.5;1.79;Enrolled;0.9219;Kritis;0.5463;Prioritas;mahasiswa aktif
MHS2672;2;39;1;9991;0;1;120.0;1;38;38;1;4;138.7;0;0;0;1;1;0;43;0;0;5;5;5;13.8;0;0;5;6;5;13.666666666666666;0;10.8;1.4;1.74;Graduate;0.6563;Kritis;0.0403;Aman;validasi silang
MHS2673;1;1;2;9254;1;1;120.0;1;19;1;9;8;117.2;0;0;0;1;1;0;21;0;0;6;8;3;12.0;0;0;6;9;1;11.0;0;15.5;2.8;-4.06;Dropout;0.5108;Prioritas;0.9773;Kritis;validasi silang
MHS2674;2;39;1;9991;0;1;160.0;1;34;34;99;99;114.3;0;0;0;1;1;0;40;0;0;5;9;3;11.0;0;0;5;8;4;12.5;1;7.6;2.6;0.32;Enrolled;0.9229;Kritis;0.8259;Kritis;mahasiswa aktif
MHS2675;1;17;1;9670;1;1;134.0;1;19;37;5;5;125.3;1;0;0;1;1;1;19;0;0;6;7;4;13.75;0;0;6;10;6;11.555555555555555;0;10.8;1.4;1.74;Graduate;0.1755;Aman;0.1072;Aman;data uji
MHS2676;1;1;1;9254;1;1;133.1;1;37;37;1;1;97.0;0;0;0;1;1;0;27;0;0;6;6;6;10.666666666666666;0;0;6;8;4;11.25;0;10.8;1.4;1.74;Enrolled;0.5715;Prioritas;0.182;Aman;mahasiswa aktif
MHS2677;2;42;1;9556;1;1;110.0;1;37;37;9;6;140.0;0;0;0;1;1;0;43;0;0;7;7;0;0.0;0;0;8;13;2;13.15;0;16.2;0.3;-0.92;Dropout;0.3334;Prioritas;0.9767;Kritis;validasi silang
MHS2678;1;43;1;9991;0;1;130.0;1;37;37;9;9;124.0;0;0;0;1;1;0;31;0;1;5;6;5;13.833333333333334;0;0;5;7;5;15.4;0;9.4;-0.8;-3.12;Graduate;0.452;Prioritas;0.0848;Aman;validasi silang
MHS2679;1;44;1;9003;1;39;140.0;1;38;1;134;134;140.0;1;0;1;1;1;0;26;0;0;6;6;0;0.0;0;0;6;7;0;0.0;0;8.9;1.4;3.51;Enrolled;0.5484;Prioritas;0.9789;Kritis;mahasiswa aktif
MHS2680;1;39;1;9991;0;1;150.0;1;37;38;175;103;127.0;0;0;0;1;1;0;34;0;0;5;5;5;15.8;0;0;5;5;5;16.8;0;8.9;1.4;3.51;Graduate;0.4843;Prioritas;0.0654;Aman;data uji
MHS2681;4;43;1;9500;1;19;100.0;1;34;34;0;0;110.0;0;0;0;1;1;0;30;0;11;14;26;12;12.52608695652174;1;11;14;26;12;12.52608695652174;1;7.6;2.6;0.32;Graduate;0.6456;Prioritas;0.2712;Aman;validasi silang
MHS2682;2;39;1;9500;1;19;133.1;1;38;38;7;8;170.0;0;0;0;1;1;0;36;0;0;7;9;6;12.783333333333331;0;0;8;11;0;0.0;0;16.2;0.3;-0.92;Dropout;0.2816;Prioritas;0.9753;Kritis;validasi silang
MHS2683;1;7;1;9991;0;3;120.0;1;37;37;6;7;120.0;0;0;1;0;1;0;46;0;0;5;5;0;0.0;0;0;5;5;1;10.0;0;11.1;0.6;2.02;Dropout;0.9884;Kritis;0.9788;Kritis;validasi silang
MHS2684;1;17;1;9085;1;1;133.1;1;1;19;5;9;130.0;0;0;0;1;1;0;22;0;0;5;8;3;13.0;0;0;5;8;3;10.666666666666666;0;7.6;2.6;0.32;Graduate;0.3654;Prioritas;0.9602;Kritis;data uji
MHS2685;1;7;1;9003;1;3;130.0;1;1;19;5;9;130.0;0;0;0;1;1;0;27;0;0;6;8;0;0.0;0;0;6;10;0;0.0;0;16.2;0.3;-0.92;Dropout;0.5827;Prioritas;0.9801;Kritis;data uji
MHS2686;1;1;2;9119;1;1;126.0;1;1;38;141;192;122.5;1;0;0;1;1;0;20;0;0;5;7;5;10.8;0;0;5;9;3;12.0;0;8.9;1.4;3.51;Enrolled;0.4006;Prioritas;0.6491;Prioritas;mahasiswa aktif
MHS2687;1;51;1;9147;1;1;130.0;1;19;38;9;8;115.7;0;0;0;1;1;0;20;0;0;5;7;5;11.0;0;0;5;7;3;10.0;0;8.9;1.4;3.51;Enrolled;0.4892;Prioritas;0.6952;Kritis;mahasiswa aktif
MHS2688;1;42;1;9119;1;1;140.0;1;19;19;90;90;120.0;0;0;1;0;1;0;31;0;0;4;4;0;0.0;0;0;5;5;0;0.0;0;12.7;3.7;-1.7;Dropout;0.9952;Kritis;0.9783;Kritis;validasi silang
MHS2689;1;1;1;9119;1;1;140.0;1;37;19;9;9;166.0;1;0;1;1;1;0;20;0;0;5;7;0;0.0;0;0;5;5;0;0.0;0;9.4;-0.8;-3.12;Enrolled;0.7128;Kritis;0.9793;Kritis;mahasiswa aktif
MHS2690;1;17;1;9773;1;1;145.0;1;1;38;90;8;132.8;1;0;0;0;1;0;21;0;0;6;10;2;12.0;0;0;6;0;0;0.0;0;10.8;1.4;1.74;Dropout;0.9537;Kritis;0.9796;Kritis;validasi silang
MHS2691;1;17;1;9147;1;1;133.1;1;19;19;9;7;100.0;0;0;0;1;1;0;21;0;0;5;7;4;10.75;0;0;5;10;2;11.0;3;16.2;0.3;-0.92;Dropout;0.7617;Kritis;0.9598;Kritis;validasi silang
MHS2692;1;1;1;9147;1;1;127.0;1;1;4;9;10;121.8;0;0;0;1;1;0;19;0;0;5;8;5;11.6;0;0;5;10;4;13.5;3;16.2;0.3;-0.92;Graduate;0.5503;Prioritas;0.1212;Aman;data uji
MHS2693;1;17;4;9147;1;1;114.0;1;19;19;4;4;109.5;1;0;0;1;1;1;20;0;0;5;6;5;11.8;0;0;5;8;4;11.6;0;8.9;1.4;3.51;Graduate;0.3348;Prioritas;0.1038;Aman;data uji
MHS2694;1;1;1;9003;1;1;140.0;1;38;1;9;4;138.3;0;0;0;1;1;0;18;0;0;6;7;6;16.0;0;0;6;6;6;15.166666666666666;0;12.4;0.5;1.79;Graduate;0.2359;Prioritas;0.0472;Aman;data uji
MHS2695;1;1;2;9773;1;1;140.0;1;1;1;4;3;131.6;0;0;0;1;1;1;18;0;0;6;6;6;12.666666666666666;0;0;6;6;6;11.5;0;16.2;0.3;-0.92;Graduate;0.1644;Aman;0.0741;Aman;data uji
MHS2696;1;39;1;9500;1;1;120.0;1;1;2;144;123;125.3;0;0;1;1;1;0;30;0;0;7;12;4;14.4;0;0;7;9;6;13.5;0;12.4;0.5;1.79;Enrolled;0.782;Kritis;0.7251;Kritis;mahasiswa aktif
MHS2697;1;39;1;9254;1;19;133.1;1;19;19;3;1;101.5;0;0;1;0;1;0;34;0;0;6;6;0;0.0;0;0;6;6;0;0.0;0;15.5;2.8;-4.06;Dropout;0.9947;Kritis;0.9801;Kritis;data uji
MHS2698;1;17;1;9670;1;1;115.0;1;19;19;191;171;109.1;0;0;1;0;1;0;21;0;0;6;11;4;12.25;0;0;6;9;4;13.4;0;11.1;0.6;2.02;Enrolled;0.9247;Kritis;0.9528;Kritis;mahasiswa aktif
MHS2699;1;44;1;9070;1;39;123.9;1;37;1;9;7;123.9;0;0;0;1;1;0;20;0;2;7;9;5;12.6;0;5;9;10;8;12.75;1;16.2;0.3;-0.92;Dropout;0.5764;Prioritas;0.4794;Prioritas;validasi silang
MHS2700;1;1;1;9500;1;1;157.0;1;37;37;9;9;143.0;0;0;0;1;1;0;18;0;0;8;8;7;13.4;0;0;8;8;7;13.4;0;12.7;3.7;-1.7;Graduate;0.2054;Aman;0.0311;Aman;validasi silang
MHS2701;1;1;1;171;1;1;127.0;1;1;1;4;3;126.3;1;0;1;1;1;0;21;0;0;0;0;0;0.0;0;0;0;0;0;0.0;0;16.2;0.3;-0.92;Dropout;0.773;Kritis;0.7888;Kritis;validasi silang
MHS2702;2;42;1;9003;1;1;120.0;1;3;1;2;2;113.3;0;0;0;1;1;0;26;0;0;6;9;1;10.0;0;0;6;6;0;0.0;0;12.4;0.5;1.79;Dropout;0.2567;Prioritas;0.9795;Kritis;validasi silang
MHS2703;1;17;1;9119;1;1;130.0;1;38;19;7;3;119.9;1;0;1;1;1;0;20;0;0;5;5;0;0.0;0;0;5;5;0;0.0;5;9.4;-0.8;-3.12;Dropout;0.8643;Kritis;0.9794;Kritis;validasi silang
MHS2704;1;44;1;9003;1;39;140.0;1;1;38;1;9;140.0;0;0;0;1;1;0;25;0;0;6;16;3;11.25;0;0;6;14;4;11.2;0;15.5;2.8;-4.06;Dropout;0.384;Prioritas;0.9647;Kritis;validasi silang
MHS2705;1;17;1;9670;1;1;109.0;1;1;1;4;4;108.0;0;0;0;1;1;0;19;0;0;5;10;0;0.0;0;0;5;5;0;0.0;0;7.6;2.6;0.32;Enrolled;0.4666;Prioritas;0.9801;Kritis;mahasiswa aktif
MHS2706;1;39;2;9147;1;1;143.0;1;19;5;4;1;100.0;1;0;0;1;1;0;24;0;0;5;8;3;10.666666666666666;1;0;5;5;1;14.0;0;9.4;-0.8;-3.12;Dropout;0.8295;Kritis;0.9711;Kritis;validasi silang
MHS2707;1;1;1;9130;1;1;125.0;1;3;3;2;2;132.4;0;0;0;1;1;0;20;0;0;5;7;4;11.75;0;0;5;5;5;13.4;0;7.6;2.6;0.32;Graduate;0.4784;Prioritas;0.0486;Aman;validasi silang
MHS2708;1;1;1;9147;1;1;136.0;1;1;3;9;5;137.1;0;0;0;1;1;0;20;0;0;5;5;0;0.0;0;0;5;5;0;0.0;0;12.7;3.7;-1.7;Dropout;0.2421;Prioritas;0.9796;Kritis;validasi silang
MHS2709;1;5;3;9070;1;1;157.0;1;3;1;9;6;138.1;1;0;0;1;0;0;18;0;0;6;6;6;12.666666666666666;0;0;6;8;6;14.125;0;10.8;1.4;1.74;Graduate;0.1463;Aman;0.0504;Aman;data uji
MHS2710;4;39;1;9556;1;1;160.0;1;19;3;9;2;130.0;0;0;0;1;0;0;25;0;0;7;14;7;11.95;0;0;8;15;7;12.042857142857144;0;12.7;3.7;-1.7;Enrolled;0.552;Prioritas;0.0879;Aman;mahasiswa aktif
MHS2711;1;17;1;9254;1;1;116.0;1;38;37;9;6;109.7;1;0;0;1;0;0;22;0;0;6;7;5;14.0;0;0;6;6;6;15.666666666666666;0;11.1;0.6;2.02;Graduate;0.3171;Prioritas;0.0316;Aman;validasi silang
MHS2712;1;43;1;8014;0;1;113.0;1;37;37;0;6;128.2;0;0;0;0;0;0;41;0;0;6;6;0;0.0;6;0;6;12;0;0.0;0;9.4;-0.8;-3.12;Dropout;0.7985;Kritis;0.9801;Kritis;data uji
MHS2713;1;1;2;9147;1;1;130.0;1;37;38;7;9;117.8;0;0;1;1;0;1;19;0;0;5;11;2;11.5;0;0;5;10;0;0.0;0;12.7;3.7;-1.7;Dropout;0.278;Prioritas;0.9761;Kritis;validasi silang
MHS2714;1;43;1;9130;1;1;150.0;1;3;3;3;4;150.0;1;0;0;1;0;0;21;0;0;6;10;6;12.0;0;0;6;12;5;12.8;0;13.9;-0.3;0.79;Graduate;0.3486;Prioritas;0.0915;Aman;validasi silang
MHS2715;1;39;1;9085;1;1;110.0;1;1;1;5;5;160.0;1;0;1;1;0;0;30;0;0;6;7;6;16.428571428571427;0;0;6;7;6;16.666666666666668;0;13.9;-0.3;0.79;Dropout;0.6847;Kritis;0.0841;Aman;validasi silang
MHS2716;1;1;5;9500;1;1;101.0;1;38;38;9;9;104.5;1;0;0;1;0;1;21;0;0;7;9;5;13.336000000000002;0;0;8;9;7;13.207142857142856;0;11.1;0.6;2.02;Graduate;0.035;Aman;0.0637;Aman;validasi silang
MHS2717;2;39;2;9556;1;1;110.0;1;19;38;9;9;112.8;0;0;0;1;0;1;26;0;0;7;7;0;0.0;0;0;8;8;0;0.0;6;10.8;1.4;1.74;Enrolled;0.1523;Aman;0.9786;Kritis;mahasiswa aktif
MHS2718;1;15;1;9670;1;1;133.1;41;1;1;9;4;100.0;0;0;0;1;0;0;21;1;2;7;9;7;14.666666666666666;0;1;6;8;6;14.0;0;11.1;0.6;2.02;Graduate;0.1406;Aman;0.0479;Aman;validasi silang
MHS2719;1;1;1;9500;1;1;138.0;1;1;1;3;4;132.5;1;0;0;1;0;0;18;0;0;8;8;7;14.115714285714288;0;0;8;8;7;14.115714285714288;0;10.8;1.4;1.74;Graduate;0.1268;Aman;0.0301;Aman;validasi silang
MHS2720;1;1;4;9085;1;1;138.0;1;3;1;1;4;123.3;1;0;0;1;0;1;19;0;0;6;7;6;14.857142857142858;0;0;6;10;6;13.11111111111111;0;12.4;0.5;1.79;Graduate;0.1579;Aman;0.0978;Aman;validasi silang
MHS2721;1;1;2;9085;1;1;141.0;1;1;38;9;8;128.9;1;0;0;1;0;1;18;0;0;6;7;6;13.833333333333334;0;0;6;10;6;13.714285714285714;0;8.9;1.4;3.51;Graduate;0.0355;Aman;0.0415;Aman;validasi silang
MHS2722;1;17;2;9147;1;1;129.0;1;2;3;2;2;128.3;1;0;0;1;0;0;19;0;0;5;10;3;11.0;0;0;5;9;4;11.75;0;12.7;3.7;-1.7;Enrolled;0.3567;Prioritas;0.3112;Aman;mahasiswa aktif
MHS2723;1;43;1;9085;1;1;127.0;1;3;3;2;5;100.0;0;0;0;1;0;0;21;0;0;6;11;4;11.75;0;0;6;12;3;13.666666666666666;0;13.9;-0.3;0.79;Enrolled;0.3399;Prioritas;0.949;Kritis;mahasiswa aktif
MHS2724;1;17;2;9147;1;1;133.0;1;19;1;9;3;120.1;1;0;0;1;0;1;18;0;0;5;15;2;10.0;0;0;5;14;2;12.0;0;13.9;-0.3;0.79;Dropout;0.1891;Aman;0.9059;Kritis;validasi silang
MHS2725;1;39;1;9500;1;1;100.0;1;37;37;7;7;160.0;1;0;0;1;0;1;24;0;0;8;15;6;12.415;0;0;8;15;6;12.415;0;10.8;1.4;1.74;Graduate;0.0547;Aman;0.1262;Aman;validasi silang
MHS2726;1;1;1;9130;1;1;138.0;1;4;5;2;2;123.0;1;0;0;1;0;0;21;0;0;5;12;1;11.0;0;0;5;9;2;10.5;0;12.7;3.7;-1.7;Enrolled;0.4377;Prioritas;0.9774;Kritis;mahasiswa aktif
MHS2727;1;44;1;9085;1;39;150.0;1;19;19;9;9;150.0;1;0;0;1;0;0;23;0;1;6;14;5;14.428571428571429;0;1;6;7;6;13.428571428571429;0;16.2;0.3;-0.92;Graduate;0.3174;Prioritas;0.0607;Aman;validasi silang
MHS2728;1;17;2;9500;1;1;129.0;1;38;19;5;7;124.0;1;0;0;1;0;1;18;0;0;8;8;7;14.312857142857142;0;0;8;8;7;14.312857142857142;0;10.8;1.4;1.74;Graduate;0.0595;Aman;0.0282;Aman;validasi silang
MHS2729;1;39;1;9085;1;1;130.0;1;4;1;2;9;120.0;0;0;0;0;0;0;26;0;0;6;8;6;15.428571428571429;0;0;6;7;5;14.5;0;11.1;0.6;2.02;Enrolled;0.9061;Kritis;0.8028;Kritis;mahasiswa aktif
MHS2730;1;1;1;9130;1;1;133.0;1;38;38;5;8;120.4;1;0;0;1;0;0;20;0;0;5;9;4;12.0;1;0;5;6;5;13.4;0;9.4;-0.8;-3.12;Graduate;0.4017;Prioritas;0.0738;Aman;validasi silang
MHS2731;1;1;1;9238;1;1;133.0;1;4;1;5;5;131.6;0;0;0;1;0;0;18;0;0;6;7;6;13.833333333333334;0;0;6;7;6;13.714285714285714;0;11.1;0.6;2.02;Graduate;0.097;Aman;0.0272;Aman;validasi silang
MHS2732;1;1;1;9238;1;1;107.0;1;2;12;3;10;104.2;1;0;0;1;0;0;20;0;0;6;6;6;12.166666666666666;0;0;6;7;6;12.142857142857142;0;11.1;0.6;2.02;Graduate;0.0779;Aman;0.0334;Aman;validasi silang
MHS2733;1;1;1;9500;1;1;131.0;1;19;19;4;4;122.0;1;0;0;1;0;0;20;0;0;8;8;7;14.014285714285714;0;0;8;8;7;14.014285714285714;0;12.7;3.7;-1.7;Enrolled;0.1631;Aman;0.0276;Aman;mahasiswa aktif
MHS2734;1;17;2;9238;1;1;118.0;1;1;19;4;10;110.7;1;1;0;1;0;0;18;0;0;6;15;2;10.333333333333334;3;0;6;13;3;13.333333333333334;0;12.7;3.7;-1.7;Enrolled;0.2018;Aman;0.9525;Kritis;mahasiswa aktif
MHS2735;1;1;4;9773;1;1;136.0;1;1;12;9;10;121.7;1;0;0;1;0;1;22;0;0;6;7;5;13.2;0;0;6;7;5;13.6;0;12.4;0.5;1.79;Graduate;0.0611;Aman;0.0882;Aman;data uji
MHS2736;1;1;1;9500;1;1;125.0;1;37;37;9;9;126.0;1;0;1;1;0;0;20;0;0;7;7;6;15.4;0;0;7;7;6;15.4;0;7.6;2.6;0.32;Graduate;0.2285;Prioritas;0.1274;Aman;validasi silang
MHS2737;1;17;4;9500;1;1;137.0;1;1;37;9;9;128.4;1;0;0;1;0;1;19;0;0;7;7;7;13.385714285714286;0;0;8;8;8;15.925;0;13.9;-0.3;0.79;Graduate;0.0631;Aman;0.0322;Aman;validasi silang
MHS2738;1;1;1;9130;1;1;144.0;1;3;1;2;4;134.9;1;0;1;1;0;0;18;0;0;6;13;6;10.857142857142858;0;0;6;10;4;11.0;0;15.5;2.8;-4.06;Dropout;0.7359;Kritis;0.4971;Prioritas;validasi silang
MHS2739;1;17;2;9147;1;1;146.0;1;38;37;6;6;143.9;0;0;0;1;0;0;18;0;0;5;11;5;11.333333333333334;0;0;5;8;5;12.0;0;13.9;-0.3;0.79;Graduate;0.242;Prioritas;0.0441;Aman;validasi silang
MHS2740;1;1;4;9085;1;1;145.0;1;37;1;9;9;145.0;1;0;0;1;0;1;19;0;0;5;7;4;14.5;0;0;5;5;5;13.6;0;10.8;1.4;1.74;Graduate;0.0535;Aman;0.0428;Aman;validasi silang
MHS2741;1;1;2;9070;1;1;126.0;1;19;38;9;9;132.0;1;0;0;1;0;1;19;0;0;6;6;6;14.166666666666666;0;0;6;8;6;12.375;0;10.8;1.4;1.74;Graduate;0.0262;Aman;0.0373;Aman;validasi silang
MHS2742;1;17;1;8014;0;1;141.0;1;34;34;0;0;136.1;0;0;0;1;0;0;24;0;0;6;7;6;12.833333333333334;0;0;6;8;6;12.0;0;7.6;2.6;0.32;Graduate;0.4127;Prioritas;0.0356;Aman;data uji
MHS2743;1;1;1;9238;1;1;141.0;1;37;37;4;4;138.9;0;0;0;1;0;0;21;0;0;6;7;6;13.333333333333334;0;0;6;6;6;14.5;0;10.8;1.4;1.74;Graduate;0.1037;Aman;0.0321;Aman;validasi silang
MHS2744;1;1;1;9238;1;1;133.1;1;1;1;3;3;102.0;1;0;0;1;0;1;20;0;0;6;7;6;13.666666666666666;0;0;6;7;6;14.571428571428571;0;11.1;0.6;2.02;Graduate;0.0441;Aman;0.039;Aman;validasi silang
MHS2745;1;39;1;9254;1;1;133.1;1;19;19;4;7;123.0;0;0;1;0;0;1;28;0;0;6;6;6;10.833333333333334;0;0;6;7;5;11.0;0;13.9;-0.3;0.79;Dropout;0.9582;Kritis;0.6941;Kritis;validasi silang
MHS2746;1;1;2;9853;1;1;127.0;1;37;19;9;8;137.5;1;0;0;1;0;0;21;0;0;6;7;6;13.428571428571429;0;0;6;8;6;13.142857142857142;0;7.6;2.6;0.32;Graduate;0.3465;Prioritas;0.0413;Aman;data uji
MHS2747;1;1;1;9500;1;1;106.0;1;37;38;191;163;102.2;1;0;1;1;1;0;20;0;0;7;7;7;12.401428571428571;0;0;8;10;6;11.808333333333332;0;11.1;0.6;2.02;Enrolled;0.2385;Prioritas;0.239;Aman;mahasiswa aktif
MHS2748;1;42;1;9003;1;1;130.0;1;3;2;2;6;105.3;0;0;0;0;1;0;36;0;0;6;8;0;0.0;0;0;6;10;0;0.0;0;16.2;0.3;-0.92;Dropout;0.948;Kritis;0.9796;Kritis;validasi silang
MHS2749;2;39;1;9991;0;1;110.0;1;37;37;9;9;130.0;0;0;0;0;1;0;42;0;0;4;4;0;0.0;0;0;5;0;0;0.0;0;12.7;3.7;-1.7;Dropout;0.9585;Kritis;0.9801;Kritis;data uji
MHS2750;2;39;1;9991;0;1;150.0;1;37;37;9;7;122.5;0;0;0;1;1;0;47;0;0;5;9;4;11.5;0;0;5;6;5;11.6;1;7.6;2.6;0.32;Dropout;0.6712;Kritis;0.1173;Aman;validasi silang
MHS2751;1;39;1;9119;1;1;160.0;1;1;38;4;7;112.0;0;0;0;0;1;0;25;0;0;5;8;0;0.0;0;0;5;5;0;0.0;0;9.4;-0.8;-3.12;Dropout;0.9874;Kritis;0.9795;Kritis;validasi silang
MHS2752;1;39;1;9670;1;12;170.0;1;1;37;3;5;110.0;0;0;0;1;1;1;25;0;0;6;8;6;14.142857142857142;0;0;6;6;6;13.5;0;15.5;2.8;-4.06;Graduate;0.5485;Prioritas;0.0339;Aman;validasi silang
MHS2753;2;39;1;8014;0;19;133.1;1;19;37;6;8;149.5;0;0;0;1;1;0;48;0;0;6;6;0;0.0;0;0;5;6;0;0.0;0;12.4;0.5;1.79;Dropout;0.2367;Prioritas;0.9796;Kritis;validasi silang
MHS2754;1;43;1;9991;0;1;120.0;1;38;38;9;7;141.0;0;0;0;1;1;1;32;0;5;10;12;10;13.8;0;5;10;10;10;12.8;0;10.8;1.4;1.74;Graduate;0.1501;Aman;0.0574;Aman;validasi silang
MHS2755;1;7;1;9991;0;40;130.0;1;38;38;9;7;130.0;0;0;0;1;1;0;38;0;10;10;10;10;13.6;0;5;10;10;5;13.6;0;8.9;1.4;3.51;Dropout;0.4654;Prioritas;0.441;Prioritas;validasi silang
MHS2756;1;7;1;9238;1;40;130.0;1;37;37;5;5;130.0;0;0;0;1;1;0;37;0;11;16;23;15;11.733333333333333;0;6;11;17;9;11.88888888888889;0;15.5;2.8;-4.06;Graduate;0.5962;Prioritas;0.2385;Aman;validasi silang
MHS2757;1;39;2;9147;1;1;120.0;1;37;37;9;9;104.0;0;0;0;0;1;0;26;0;0;5;8;1;10.0;0;0;5;9;1;10.0;0;10.8;1.4;1.74;Dropout;0.9721;Kritis;0.9794;Kritis;validasi silang
MHS2758;1;44;1;9085;1;39;110.0;1;3;5;2;2;110.0;0;0;0;1;1;0;23;0;0;6;19;0;0.0;0;0;6;6;0;0.0;0;13.9;-0.3;0.79;Dropout;0.4833;Prioritas;0.9796;Kritis;validasi silang
MHS2759;1;44;1;9003;1;39;120.0;1;38;19;3;5;120.0;0;0;0;1;1;0;23;0;0;6;6;0;0.0;0;0;6;8;0;0.0;0;15.5;2.8;-4.06;Enrolled;0.3814;Prioritas;0.9801;Kritis;mahasiswa aktif
MHS2760;1;44;1;9003;1;39;130.0;1;2;3;9;6;130.0;0;0;0;1;1;0;20;0;0;6;12;4;10.8;0;0;6;13;4;12.0;0;12.4;0.5;1.79;Enrolled;0.2066;Aman;0.9097;Kritis;mahasiswa aktif
MHS2761;1;39;1;9500;1;4;150.0;1;3;38;3;7;127.0;1;0;0;1;1;0;26;0;2;7;8;6;13.046666666666669;0;2;8;10;7;13.30625;0;11.1;0.6;2.02;Dropout;0.3192;Prioritas;0.1517;Aman;data uji
MHS2762;1;43;1;8014;0;1;120.0;1;37;37;9;5;100.0;0;0;0;1;0;0;45;0;5;9;13;8;11.0;0;3;7;10;6;10.833333333333334;0;12.7;3.7;-1.7;Enrolled;0.2412;Prioritas;0.1195;Aman;mahasiswa aktif
MHS2763;1;39;1;8014;0;19;100.0;1;37;37;5;5;111.0;1;0;0;1;0;1;26;0;0;6;10;3;12.333333333333334;0;0;6;14;3;11.666666666666666;0;7.6;2.6;0.32;Enrolled;0.1121;Aman;0.8745;Kritis;mahasiswa aktif
MHS2764;1;43;1;8014;0;3;133.1;1;9;9;90;90;130.0;0;0;0;1;0;0;26;0;8;11;16;10;11.8;0;3;7;7;7;13.285714285714286;0;7.6;2.6;0.32;Graduate;0.5975;Prioritas;0.0835;Aman;validasi silang
MHS2765;1;39;1;9991;0;1;130.0;1;37;37;9;9;130.1;0;0;0;1;0;0;25;0;0;5;8;3;11.0;0;0;5;8;3;11.25;0;10.8;1.4;1.74;Enrolled;0.4705;Prioritas;0.9475;Kritis;mahasiswa aktif
MHS2766;1;16;4;9500;1;1;145.0;1;1;1;4;4;127.5;1;0;0;1;0;0;18;0;0;8;8;8;13.11;0;0;8;8;8;13.11;0;9.4;-0.8;-3.12;Graduate;0.1829;Aman;0.0379;Aman;data uji
MHS2767;1;7;1;9500;1;3;130.0;1;37;37;7;7;130.0;1;0;0;1;0;0;27;0;0;8;8;7;14.414285714285716;0;0;8;8;7;14.414285714285716;0;12.7;3.7;-1.7;Graduate;0.4801;Prioritas;0.0416;Aman;validasi silang
MHS2768;6;17;3;8014;0;1;115.0;1;19;1;5;90;115.0;0;0;0;0;0;0;24;0;0;5;5;0;0.0;0;0;5;10;0;0.0;0;10.8;1.4;1.74;Dropout;0.8488;Kritis;0.9788;Kritis;validasi silang
MHS2769;1;17;1;9147;1;1;124.0;1;38;19;6;10;126.8;1;0;0;1;0;0;20;0;0;5;8;5;12.333333333333334;0;0;5;7;5;12.2;0;15.5;2.8;-4.06;Graduate;0.3394;Prioritas;0.0352;Aman;validasi silang
MHS2770;1;1;1;9500;1;1;124.0;1;1;19;9;8;116.7;1;0;0;1;0;1;18;0;0;7;9;0;0.0;0;0;7;8;1;10.0;0;15.5;2.8;-4.06;Dropout;0.048;Aman;0.9715;Kritis;validasi silang
MHS2771;1;17;6;9556;1;1;134.0;1;19;38;7;7;128.5;1;0;0;1;0;1;18;0;0;7;9;7;14.1;0;0;8;8;8;13.3125;0;12.7;3.7;-1.7;Graduate;0.1949;Aman;0.0356;Aman;validasi silang
MHS2772;1;1;4;9500;1;1;137.0;1;37;37;9;9;127.5;1;0;0;1;0;0;18;0;0;8;8;8;13.045;0;0;8;8;8;13.045;0;9.4;-0.8;-3.12;Graduate;0.1217;Aman;0.032;Aman;validasi silang
MHS2773;1;1;1;9500;1;1;124.0;1;19;37;3;8;117.5;1;0;0;1;1;0;19;0;0;8;10;5;12.858;3;0;8;10;5;12.858;3;9.4;-0.8;-3.12;Enrolled;0.191;Aman;0.8286;Kritis;mahasiswa aktif
MHS2774;1;42;3;9500;1;1;136.0;1;1;1;4;4;148.8;1;0;0;1;0;1;19;0;0;8;8;8;14.2525;0;0;8;8;8;14.2525;0;9.4;-0.8;-3.12;Graduate;0.0637;Aman;0.0344;Aman;data uji
MHS2775;1;1;4;9500;1;1;126.0;1;12;1;5;10;120.2;0;0;0;1;0;1;19;0;0;7;9;5;14.06;0;0;7;9;7;11.242857142857142;0;12.4;0.5;1.79;Enrolled;0.0679;Aman;0.0948;Aman;mahasiswa aktif
MHS2776;1;1;4;9500;1;1;142.0;1;38;37;9;5;127.3;1;0;0;1;0;0;18;0;0;8;8;7;15.075714285714286;0;0;8;8;7;15.075714285714286;0;10.8;1.4;1.74;Graduate;0.1029;Aman;0.0315;Aman;validasi silang
MHS2777;1;17;2;171;1;1;141.0;1;19;37;9;9;136.1;1;0;0;1;0;1;18;0;0;0;0;0;0.0;0;0;0;0;0;0.0;0;12.7;3.7;-1.7;Enrolled;0.1384;Aman;0.3295;Aman;mahasiswa aktif
MHS2778;1;43;2;9670;1;1;129.0;1;3;3;5;5;122.4;1;0;0;1;0;0;19;0;0;5;5;4;13.75;0;0;6;9;5;12.6;0;12.7;3.7;-1.7;Enrolled;0.2544;Prioritas;0.0991;Aman;mahasiswa aktif
MHS2779;1;7;0;9003;1;3;130.0;1;1;37;4;9;130.0;1;0;0;1;0;0;23;0;10;17;28;17;13.15;2;8;12;22;12;13.214285714285714;0;15.5;2.8;-4.06;Graduate;0.3746;Prioritas;0.0585;Aman;data uji
MHS2780;1;1;2;9238;1;1;136.0;1;19;19;4;7;121.7;1;0;0;1;0;1;21;0;0;6;9;5;12.333333333333334;0;0;6;7;5;11.8;0;13.9;-0.3;0.79;Graduate;0.0511;Aman;0.0936;Aman;validasi silang
MHS2781;1;1;3;9500;1;1;137.0;1;38;38;5;7;122.7;1;0;0;1;0;1;18;0;0;7;8;7;13.778571428571428;0;0;8;10;8;13.122222222222222;0;16.2;0.3;-0.92;Graduate;0.0401;Aman;0.0371;Aman;validasi silang
MHS2782;1;1;1;9853;1;1;125.0;1;34;37;9;9;129.2;1;0;1;0;0;0;20;0;0;6;12;3;10.333333333333334;0;0;6;14;1;11.0;0;10.8;1.4;1.74;Dropout;0.9839;Kritis;0.9793;Kritis;validasi silang
MHS2783;1;43;1;9773;1;1;119.0;1;19;37;5;5;105.0;1;0;0;1;0;0;23;0;0;6;11;3;11.333333333333334;0;0;6;7;2;11.0;0;16.2;0.3;-0.92;Enrolled;0.4659;Prioritas;0.9778;Kritis;mahasiswa aktif
MHS2784;1;1;1;9238;1;1;132.0;1;37;37;9;7;129.9;1;0;0;1;0;0;20;0;0;6;7;5;13.2;0;0;6;6;6;12.666666666666666;0;10.8;1.4;1.74;Enrolled;0.106;Aman;0.0329;Aman;mahasiswa aktif
MHS2785;1;1;1;9070;1;1;152.0;1;37;37;5;7;136.3;0;0;0;1;0;1;18;0;1;6;8;6;13.571428571428571;1;0;6;11;6;12.375;0;13.9;-0.3;0.79;Graduate;0.0612;Aman;0.037;Aman;validasi silang
MHS2786;1;1;1;8014;0;1;125.0;1;37;37;9;7;114.9;0;0;0;1;0;0;29;0;8;11;14;11;12.75;0;3;7;7;7;13.428571428571429;0;9.4;-0.8;-3.12;Graduate;0.1225;Aman;0.0519;Aman;validasi silang
MHS2787;1;39;1;9773;1;9;133.1;1;38;1;5;4;102.0;1;0;0;1;1;0;28;0;0;6;11;3;13.0;0;0;6;15;1;12.0;0;7.6;2.6;0.32;Dropout;0.7468;Kritis;0.9771;Kritis;validasi silang
MHS2788;1;1;3;9670;1;1;120.0;1;37;37;7;7;111.3;1;0;0;1;1;0;19;0;0;5;7;3;11.333333333333334;0;0;5;7;4;11.0;0;9.4;-0.8;-3.12;Enrolled;0.4094;Prioritas;0.6302;Prioritas;mahasiswa aktif
MHS2789;1;39;1;9670;1;1;148.0;1;19;19;7;7;130.9;0;0;1;0;1;0;24;0;0;6;12;0;0.0;0;0;6;9;0;0.0;0;10.8;1.4;1.74;Dropout;0.9836;Kritis;0.9799;Kritis;data uji
MHS2790;1;39;1;171;1;1;133.1;1;37;37;9;7;100.0;0;0;1;1;1;1;33;0;0;0;0;0;0.0;0;0;0;0;0;0.0;0;15.5;2.8;-4.06;Dropout;0.8;Kritis;0.8407;Kritis;data uji
MHS2791;1;17;1;9147;1;1;115.0;1;19;37;5;7;112.9;1;0;0;0;1;0;19;0;0;5;7;2;12.5;0;0;5;13;1;11.0;0;9.4;-0.8;-3.12;Dropout;0.9512;Kritis;0.9794;Kritis;validasi silang
MHS2792;1;1;1;9085;1;1;120.0;1;38;19;9;3;112.7;0;0;0;1;1;0;19;0;0;6;7;6;14.857142857142858;0;0;6;8;6;14.142857142857142;0;11.1;0.6;2.02;Graduate;0.2477;Prioritas;0.0335;Aman;validasi silang
MHS2793;4;39;1;8014;0;1;133.1;1;37;37;7;7;143.0;0;0;0;1;1;0;37;0;3;9;13;8;12.0;0;2;7;8;7;11.571428571428571;0;12.7;3.7;-1.7;Graduate;0.5115;Prioritas;0.0481;Aman;validasi silang
MHS2794;1;1;1;171;1;1;168.0;1;38;37;9;8;155.1;1;0;1;0;1;1;18;0;0;0;0;0;0.0;0;0;0;0;0;0.0;0;12.7;3.7;-1.7;Graduate;0.8738;Kritis;0.912;Kritis;validasi silang
MHS2795;4;39;1;9991;0;1;130.0;1;37;37;9;9;127.6;0;0;0;1;1;0;29;0;0;5;5;0;0.0;0;0;5;5;0;0.0;0;7.6;2.6;0.32;Enrolled;0.6294;Prioritas;0.9801;Kritis;mahasiswa aktif
MHS2796;2;39;1;9500;1;38;133.1;1;37;37;9;3;146.6;0;0;0;1;1;0;37;0;0;7;8;7;12.828571428571427;0;0;8;8;8;12.6875;0;13.9;-0.3;0.79;Graduate;0.2894;Prioritas;0.0366;Aman;data uji
MHS2797;1;39;1;9500;1;1;137.0;1;37;37;9;9;141.0;0;0;0;1;1;0;36;0;0;7;0;0;0.0;0;0;8;0;0;0.0;0;12.4;0.5;1.79;Dropout;0.4104;Prioritas;0.9801;Kritis;data uji
MHS2798;1;1;2;9670;1;1;123.0;1;1;38;7;7;120.6;1;0;0;1;1;0;19;0;0;6;6;6;13.333333333333334;0;0;6;8;5;14.0;0;8.9;1.4;3.51;Graduate;0.276;Prioritas;0.0547;Aman;data uji
MHS2799;1;42;1;9500;1;1;150.0;1;19;1;9;3;110.0;1;0;0;1;1;1;33;0;6;14;20;14;13.072857142857144;6;6;14;20;14;13.072857142857144;6;9.4;-0.8;-3.12;Graduate;0.164;Aman;0.0631;Aman;validasi silang
MHS2800;1;42;1;9119;1;1;120.0;1;1;1;5;7;108.6;0;0;0;0;1;0;34;0;2;7;13;5;12.0;0;2;7;7;3;11.0;0;15.5;2.8;-4.06;Dropout;0.9908;Kritis;0.9777;Kritis;validasi silang
MHS2801;1;1;1;9254;1;1;145.0;1;3;19;3;8;134.9;1;0;0;1;0;0;18;0;0;6;6;6;15.5;0;0;6;6;6;16.0;0;12.4;0.5;1.79;Graduate;0.2306;Prioritas;0.0429;Aman;validasi silang
MHS2802;1;44;1;9130;1;39;120.0;1;3;1;2;4;120.0;1;0;0;1;0;0;20;0;0;6;6;0;0.0;0;0;6;6;0;0.0;0;12.4;0.5;1.79;Dropout;0.6036;Prioritas;0.9795;Kritis;validasi silang
MHS2803;1;1;1;9773;1;1;142.0;1;19;37;4;7;141.3;0;0;0;1;0;1;19;0;0;6;7;6;14.714285714285714;0;0;6;6;6;15.166666666666666;0;13.9;-0.3;0.79;Graduate;0.0702;Aman;0.0289;Aman;data uji
MHS2804;1;1;3;9085;1;1;147.0;1;19;19;9;1;135.6;1;0;0;1;0;0;20;0;0;6;7;6;16.714285714285715;0;0;6;6;6;15.333333333333334;0;13.9;-0.3;0.79;Graduate;0.1574;Aman;0.0543;Aman;validasi silang
MHS2805;1;1;1;9238;1;1;125.0;1;19;19;9;9;121.5;1;0;0;1;0;1;19;0;0;6;9;6;10.857142857142858;0;0;6;7;6;11.666666666666666;0;12.4;0.5;1.79;Graduate;0.0295;Aman;0.035;Aman;validasi silang
MHS2806;1;1;4;9500;1;1;126.0;1;19;19;9;9;125.0;1;0;0;1;0;0;19;0;0;7;8;6;11.658333333333331;0;0;8;11;6;12.416666666666666;0;12.4;0.5;1.79;Graduate;0.1222;Aman;0.2247;Aman;validasi silang
MHS2807;1;18;2;9773;1;1;132.0;24;37;19;9;7;119.1;1;0;0;1;0;1;22;1;0;6;8;5;11.6;0;0;6;7;6;12.0;0;9.4;-0.8;-3.12;Graduate;0.06;Aman;0.0823;Aman;validasi silang
MHS2808;1;1;1;9670;1;1;122.0;1;12;12;5;7;126.6;1;0;0;1;0;0;18;0;0;6;8;6;14.625;0;0;6;9;6;14.142857142857142;0;11.1;0.6;2.02;Enrolled;0.2223;Prioritas;0.0486;Aman;mahasiswa aktif
MHS2809;1;1;1;9773;1;1;123.0;1;1;38;9;9;116.7;0;0;0;1;0;1;18;0;0;6;6;6;12.166666666666666;0;0;6;8;6;12.666666666666666;0;12.4;0.5;1.79;Graduate;0.0551;Aman;0.0324;Aman;validasi silang
MHS2810;1;1;3;9500;1;1;126.0;1;1;19;131;181;120.1;1;0;0;1;0;0;19;0;0;7;12;4;13.375;0;0;7;8;6;12.116666666666667;0;12.4;0.5;1.79;Enrolled;0.0801;Aman;0.2262;Aman;mahasiswa aktif
MHS2811;1;1;1;9853;1;1;128.0;1;38;37;9;9;124.9;0;0;0;1;0;1;19;0;0;6;6;6;12.5;0;0;6;6;6;12.833333333333334;0;12.7;3.7;-1.7;Graduate;0.1421;Aman;0.0367;Aman;validasi silang
MHS2812;1;39;1;9500;1;1;100.0;1;19;1;1;90;114.0;1;0;1;0;0;0;31;0;0;7;8;5;12.56;0;0;7;8;5;12.56;0;7.6;2.6;0.32;Dropout;0.9638;Kritis;0.964;Kritis;validasi silang
MHS2813;1;17;5;9500;1;1;140.0;1;1;1;4;3;131.1;1;0;0;1;0;0;18;0;0;7;7;7;13.19;0;0;8;8;8;14.23125;0;11.1;0.6;2.02;Graduate;0.2109;Aman;0.1627;Aman;validasi silang
MHS2814;1;1;1;9238;1;1;145.0;1;1;19;9;9;129.3;0;0;1;1;0;1;19;0;0;6;11;3;11.0;0;0;6;9;4;11.25;0;10.8;1.4;1.74;Graduate;0.0563;Aman;0.7896;Kritis;validasi silang
MHS2815;1;1;1;171;1;1;143.0;1;3;38;2;10;129.7;1;0;0;1;0;0;18;0;0;0;0;0;0.0;0;0;0;0;0;0.0;0;13.9;-0.3;0.79;Graduate;0.2665;Prioritas;0.5833;Prioritas;data uji
MHS2816;1;17;1;9238;1;1;132.0;1;37;38;9;5;120.8;0;0;0;1;0;1;19;0;0;6;11;5;11.6;0;0;6;10;6;11.714285714285714;0;15.5;2.8;-4.06;Graduate;0.0745;Aman;0.0366;Aman;validasi silang
MHS2817;1;1;1;9500;1;1;130.0;1;19;19;9;6;135.0;0;0;0;1;0;0;19;0;0;7;7;6;14.266666666666666;0;0;7;7;6;14.266666666666666;0;7.6;2.6;0.32;Graduate;0.0695;Aman;0.028;Aman;validasi silang
MHS2818;1;1;1;9147;1;1;129.0;1;37;37;9;7;117.8;0;0;0;1;0;1;19;0;0;5;6;4;11.0;0;0;5;9;4;13.857142857142858;0;10.8;1.4;1.74;Enrolled;0.1067;Aman;0.0431;Aman;mahasiswa aktif
MHS2819;2;7;1;8014;0;3;124.4;1;37;34;0;0;130.0;0;0;0;1;0;0;30;0;8;10;11;9;12.666666666666666;0;3;7;7;7;12.428571428571429;1;7.6;2.6;0.32;Graduate;0.3792;Prioritas;0.0779;Aman;validasi silang
MHS2820;1;43;1;9773;1;1;127.0;1;19;1;5;5;117.6;1;0;0;1;0;0;18;0;0;6;6;0;0.0;0;0;6;10;3;11.0;0;16.2;0.3;-0.92;Enrolled;0.4446;Prioritas;0.9683;Kritis;mahasiswa aktif
MHS2821;1;18;6;9500;1;1;144.0;1;1;1;3;6;130.8;1;0;0;1;0;0;18;0;0;8;11;7;12.771428571428572;0;0;8;11;7;12.771428571428572;0;12.7;3.7;-1.7;Graduate;0.0858;Aman;0.042;Aman;validasi silang
MHS2822;1;18;5;9085;1;1;121.0;1;5;3;2;3;111.9;1;0;0;1;0;0;21;0;0;5;12;0;0.0;3;0;5;5;0;0.0;0;12.7;3.7;-1.7;Dropout;0.4066;Prioritas;0.9791;Kritis;data uji
MHS2823;1;44;1;9238;1;1;150.0;1;1;38;4;9;145.9;0;0;0;1;0;1;19;0;3;6;6;6;15.5;0;2;6;7;6;13.571428571428571;0;13.9;-0.3;0.79;Graduate;0.0476;Aman;0.0283;Aman;validasi silang
MHS2824;1;17;1;9670;1;1;115.0;1;1;1;4;4;109.1;1;0;0;1;0;1;19;0;0;6;7;6;13.285714285714286;0;0;6;9;5;14.6;0;12.4;0.5;1.79;Enrolled;0.1439;Aman;0.0428;Aman;mahasiswa aktif
MHS2825;1;1;5;9500;1;1;125.0;1;3;19;4;8;120.3;1;0;0;1;0;0;19;0;0;7;11;5;11.716666666666669;0;0;7;8;5;13.7;0;13.9;-0.3;0.79;Enrolled;0.1458;Aman;0.322;Aman;mahasiswa aktif
MHS2826;1;17;1;9130;1;1;117.0;1;19;19;4;4;113.5;1;0;0;1;0;0;19;0;0;6;8;6;11.333333333333334;0;0;6;12;4;13.75;0;8.9;1.4;3.51;Dropout;0.5093;Prioritas;0.083;Aman;data uji
MHS2827;1;1;2;9670;1;1;121.0;1;1;19;4;7;135.4;1;0;0;1;0;1;19;0;0;6;6;6;13.333333333333334;0;0;6;10;5;13.4;0;8.9;1.4;3.51;Graduate;0.0348;Aman;0.0819;Aman;validasi silang
MHS2828;2;39;1;9991;0;1;140.0;1;37;37;9;6;130.2;0;0;0;1;0;1;39;0;0;5;13;4;12.333333333333334;0;0;5;14;2;10.0;4;16.2;0.3;-0.92;Graduate;0.1712;Aman;0.8571;Kritis;data uji
MHS2829;1;1;2;9070;1;1;129.0;1;3;4;2;2;136.4;1;0;0;1;0;0;18;0;0;6;6;6;12.333333333333334;0;0;6;6;6;12.833333333333334;0;7.6;2.6;0.32;Enrolled;0.1489;Aman;0.0775;Aman;mahasiswa aktif
MHS2830;1;17;1;171;1;1;130.0;1;3;1;9;9;126.9;1;0;0;1;0;0;20;0;0;0;0;0;0.0;0;0;0;0;0;0.0;0;12.7;3.7;-1.7;Dropout;0.4116;Prioritas;0.8661;Kritis;data uji
MHS2831;1;17;5;9147;1;1;131.0;1;19;38;3;10;119.8;1;0;0;1;0;0;19;0;0;5;8;5;12.6;0;0;5;9;4;11.6;0;8.9;1.4;3.51;Graduate;0.3544;Prioritas;0.0689;Aman;validasi silang
MHS2832;1;17;3;9147;1;1;137.0;1;1;1;4;7;124.4;1;0;0;1;0;0;18;0;0;5;5;5;12.6;0;0;5;5;4;11.0;0;11.1;0.6;2.02;Enrolled;0.4534;Prioritas;0.0674;Aman;mahasiswa aktif
MHS2833;2;39;1;9003;1;1;150.0;1;3;3;2;2;120.0;0;0;1;0;0;0;34;0;1;6;10;6;14.333333333333334;0;0;6;9;6;12.833333333333334;0;11.1;0.6;2.02;Enrolled;0.9436;Kritis;0.516;Prioritas;mahasiswa aktif
MHS2834;1;1;2;9670;1;1;117.0;1;37;37;9;9;111.8;0;0;0;1;0;0;22;0;0;5;8;3;12.0;0;0;5;9;2;11.0;1;7.6;2.6;0.32;Enrolled;0.1617;Aman;0.9605;Kritis;mahasiswa aktif
MHS2835;1;39;1;9085;1;1;133.1;1;19;19;7;7;130.0;1;0;0;1;0;0;24;0;0;6;7;6;14.857142857142858;0;0;6;10;5;13.6;0;13.9;-0.3;0.79;Graduate;0.5058;Prioritas;0.0557;Aman;validasi silang
MHS2836;2;43;1;9147;1;1;130.0;1;19;37;7;10;138.0;0;0;0;1;0;0;34;0;12;15;17;12;11.916666666666666;0;11;13;13;11;13.181818181818182;0;7.6;2.6;0.32;Graduate;0.3151;Prioritas;0.3322;Aman;validasi silang
MHS2837;2;39;1;9991;0;1;110.0;1;34;34;0;0;114.6;1;0;0;1;0;0;46;0;0;5;5;0;0.0;0;0;5;5;0;0.0;0;7.6;2.6;0.32;Dropout;0.7971;Kritis;0.9795;Kritis;validasi silang
MHS2838;2;39;2;9147;1;1;140.0;1;37;37;9;8;108.0;0;0;0;1;0;0;50;0;0;5;12;3;13.333333333333334;1;0;5;8;5;12.2;0;9.4;-0.8;-3.12;Enrolled;0.6257;Prioritas;0.1105;Aman;mahasiswa aktif
MHS2839;1;39;1;9991;0;1;140.0;1;37;37;9;5;140.0;0;0;0;0;0;0;37;0;0;5;5;0;0.0;0;0;5;5;0;0.0;0;15.5;2.8;-4.06;Dropout;0.9513;Kritis;0.9795;Kritis;validasi silang
MHS2840;1;1;2;9085;1;1;148.0;1;38;19;4;9;134.7;1;0;0;1;0;0;18;0;0;6;6;6;17.0;0;0;6;6;6;15.5;0;8.9;1.4;3.51;Graduate;0.13;Aman;0.0699;Aman;data uji
MHS2841;1;39;1;9085;1;1;130.0;1;37;37;6;6;110.0;0;0;0;1;0;1;25;0;0;6;13;3;11.666666666666666;0;0;6;14;2;11.333333333333334;0;11.1;0.6;2.02;Enrolled;0.1216;Aman;0.9341;Kritis;mahasiswa aktif
MHS2842;2;39;1;9003;1;1;140.0;1;37;37;9;6;104.8;0;0;0;1;0;0;46;0;14;19;24;19;12.210526315789474;0;11;13;13;13;11.384615384615383;0;15.5;2.8;-4.06;Graduate;0.3094;Prioritas;0.0433;Aman;validasi silang
MHS2843;2;39;1;9070;1;1;160.0;1;3;1;2;5;126.5;0;0;0;1;0;1;30;0;1;6;8;6;13.0;1;0;6;9;5;12.857142857142858;0;13.9;-0.3;0.79;Graduate;0.1454;Aman;0.0553;Aman;validasi silang
MHS2844;4;1;1;9991;0;1;130.0;1;37;37;9;9;118.1;0;0;1;0;0;0;37;0;0;5;0;0;0.0;0;0;5;0;0;0.0;0;12.7;3.7;-1.7;Dropout;0.9518;Kritis;0.9793;Kritis;validasi silang
MHS2845;2;39;1;9991;0;1;120.0;1;37;37;9;9;119.9;0;0;0;1;0;0;50;0;0;5;9;2;10.5;0;0;5;7;3;11.0;0;12.7;3.7;-1.7;Enrolled;0.5224;Prioritas;0.9659;Kritis;mahasiswa aktif
MHS2846;1;44;1;9003;1;39;160.0;1;38;38;9;6;160.0;1;0;0;1;0;0;20;0;0;6;7;6;13.571428571428571;0;0;6;9;6;12.714285714285714;0;12.4;0.5;1.79;Graduate;0.0885;Aman;0.0306;Aman;validasi silang
MHS2847;2;39;2;9556;1;12;133.1;1;34;34;99;99;100.5;0;0;0;1;0;0;39;0;0;3;7;1;14.0;0;0;2;4;0;0.0;0;11.1;0.6;2.02;Dropout;0.9051;Kritis;0.9772;Kritis;validasi silang
MHS2848;2;39;1;9773;1;19;133.1;1;37;37;9;6;110.0;0;0;0;0;0;0;53;0;0;5;5;0;0.0;0;0;4;5;0;0.0;0;15.5;2.8;-4.06;Dropout;0.9413;Kritis;0.9794;Kritis;validasi silang
MHS2849;2;42;1;9147;1;1;100.0;1;37;37;9;9;100.0;1;0;0;1;0;0;54;0;13;15;20;13;12.461538461538462;1;10;13;13;10;11.1;1;15.5;2.8;-4.06;Dropout;0.5601;Prioritas;0.322;Aman;validasi silang
MHS2850;1;44;1;9085;1;39;140.0;1;3;3;4;2;140.0;1;0;0;1;0;0;19;0;0;6;8;4;14.4;0;0;6;6;5;13.0;0;13.9;-0.3;0.79;Graduate;0.3078;Prioritas;0.1204;Aman;data uji
MHS2851;1;18;2;9773;1;1;109.0;1;1;1;4;4;109.0;1;0;0;0;0;0;20;0;0;6;6;0;0.0;0;0;6;0;0;0.0;0;8.9;1.4;3.51;Dropout;0.9058;Kritis;0.9795;Kritis;validasi silang
MHS2852;1;1;3;9773;1;1;130.0;1;1;37;4;5;120.9;1;0;1;1;0;0;18;0;0;6;6;6;14.333333333333334;0;0;6;6;6;14.166666666666666;0;8.9;1.4;3.51;Graduate;0.3838;Prioritas;0.0471;Aman;validasi silang
MHS2853;1;53;1;9003;1;42;130.0;1;1;1;144;144;125.8;0;0;1;1;0;0;21;0;7;13;21;11;11.909090909090908;0;5;11;14;11;10.727272727272728;0;8.9;1.4;3.51;Graduate;0.1788;Aman;0.1292;Aman;validasi silang
MHS2854;1;18;3;9070;1;1;164.0;1;1;1;5;3;161.2;1;0;0;1;0;0;18;0;1;6;8;6;13.714285714285714;1;0;6;8;6;14.375;0;13.9;-0.3;0.79;Graduate;0.2296;Prioritas;0.0953;Aman;validasi silang
MHS2855;1;1;1;9500;1;1;125.0;1;19;19;9;10;122.0;1;0;1;1;0;0;19;0;0;7;0;0;0.0;0;0;8;0;0;0.0;0;11.1;0.6;2.02;Dropout;0.2395;Prioritas;0.9786;Kritis;validasi silang
MHS2856;1;17;1;9500;1;1;137.0;1;1;1;9;9;127.9;1;0;0;1;0;1;18;0;0;7;10;5;13.46;0;0;7;8;7;12.2375;0;11.1;0.6;2.02;Dropout;0.0566;Aman;0.0475;Aman;validasi silang
MHS2857;1;1;1;9773;1;1;133.0;1;1;3;3;3;135.8;1;0;0;1;0;0;19;0;0;6;6;6;15.0;0;0;6;6;6;13.333333333333334;0;11.1;0.6;2.02;Graduate;0.1275;Aman;0.0341;Aman;validasi silang
MHS2858;1;1;1;171;1;1;163.0;1;1;1;4;3;149.7;1;0;0;1;0;1;18;0;0;0;0;0;0.0;0;0;0;0;0;0.0;0;13.9;-0.3;0.79;Dropout;0.0749;Aman;0.1451;Aman;validasi silang
MHS2859;1;1;2;9670;1;1;160.0;1;2;1;4;4;137.3;1;0;0;1;0;0;19;0;0;6;7;5;13.4;0;0;6;6;5;12.8;0;12.7;3.7;-1.7;Graduate;0.2134;Aman;0.0592;Aman;validasi silang
MHS2860;4;43;1;8014;0;12;133.1;1;34;34;0;0;106.0;1;0;0;1;0;0;48;0;0;6;9;5;13.0;0;0;6;10;4;12.5;0;7.6;2.6;0.32;Enrolled;0.6509;Kritis;0.439;Prioritas;mahasiswa aktif
MHS2861;4;43;1;9238;1;1;120.0;1;37;37;9;9;110.0;0;0;1;1;0;0;34;0;0;6;13;4;11.25;0;0;6;8;4;13.75;0;13.9;-0.3;0.79;Graduate;0.4023;Prioritas;0.9035;Kritis;validasi silang
MHS2862;1;1;1;9085;1;1;140.0;1;3;3;2;2;146.4;0;0;0;1;0;0;18;0;0;5;5;5;12.6;0;0;5;7;5;11.6;0;7.6;2.6;0.32;Graduate;0.0839;Aman;0.0327;Aman;validasi silang
MHS2863;2;39;1;8014;0;1;140.0;1;37;37;9;9;121.0;0;0;0;1;0;0;50;0;0;6;8;6;12.666666666666666;0;0;6;6;6;11.833333333333334;0;10.8;1.4;1.74;Graduate;0.273;Prioritas;0.0282;Aman;validasi silang
MHS2864;1;43;1;9853;1;1;140.0;1;37;37;6;6;125.2;0;0;1;1;0;0;41;0;20;21;23;21;12.333333333333334;0;19;19;19;19;12.105263157894736;0;12.4;0.5;1.79;Graduate;0.8026;Kritis;0.0889;Aman;validasi silang
MHS2865;1;17;2;9773;1;1;115.0;1;1;1;5;5;119.6;1;0;0;1;0;1;22;0;0;6;11;5;12.0;0;0;6;11;5;11.0;0;7.6;2.6;0.32;Dropout;0.1187;Aman;0.1791;Aman;validasi silang
MHS2866;4;39;1;9147;1;1;140.0;1;37;37;9;9;142.8;0;0;0;1;0;0;43;0;0;5;5;5;16.4;0;0;5;5;5;16.6;0;7.6;2.6;0.32;Graduate;0.4308;Prioritas;0.0583;Aman;validasi silang
MHS2867;2;39;1;8014;0;19;133.1;1;3;19;90;90;123.5;0;0;0;1;0;0;50;0;0;1;1;0;0.0;1;0;6;0;0;0.0;0;10.8;1.4;1.74;Dropout;0.4339;Prioritas;0.9779;Kritis;data uji
MHS2868;1;39;1;9003;1;19;133.1;1;37;37;9;9;100.0;0;0;0;1;0;0;60;0;0;6;10;6;12.75;0;0;6;6;4;14.75;0;13.9;-0.3;0.79;Graduate;0.5829;Prioritas;0.1607;Aman;data uji
MHS2869;2;39;1;9147;1;1;110.0;1;37;37;9;10;140.0;0;0;0;1;0;0;41;0;0;5;14;4;14.5;1;0;5;12;5;13.0;0;9.4;-0.8;-3.12;Enrolled;0.4042;Prioritas;0.1982;Aman;mahasiswa aktif
MHS2870;2;39;1;9991;0;19;133.1;1;37;37;9;9;150.3;0;0;0;1;0;0;47;0;0;5;5;5;14.8;0;0;5;5;5;14.4;0;7.6;2.6;0.32;Graduate;0.3842;Prioritas;0.0346;Aman;validasi silang
MHS2871;1;1;1;171;1;3;116.0;1;3;3;2;2;128.2;0;0;0;1;0;0;22;0;12;17;22;17;10.36842105263158;0;14;17;18;17;11.5;0;11.1;0.6;2.02;Graduate;0.3175;Prioritas;0.0731;Aman;validasi silang
MHS2872;2;39;1;9500;1;1;110.0;1;37;37;9;6;114.3;0;0;0;1;0;0;41;0;0;7;0;0;0.0;0;0;8;0;0;0.0;0;10.8;1.4;1.74;Dropout;0.1707;Aman;0.9799;Kritis;validasi silang
MHS2873;2;43;1;9991;0;1;140.0;1;38;37;5;6;117.3;0;0;0;1;0;0;28;0;6;10;15;6;10.666666666666666;0;5;10;17;9;11.333333333333334;1;7.6;2.6;0.32;Enrolled;0.1932;Aman;0.4474;Prioritas;mahasiswa aktif
MHS2874;5;42;1;9254;1;2;120.0;1;37;37;4;9;120.0;0;0;0;1;0;0;32;0;9;15;21;13;12.692307692307692;0;12;15;22;13;12.384615384615383;0;10.8;1.4;1.74;Graduate;0.5793;Prioritas;0.2305;Aman;data uji
MHS2875;2;39;1;9991;0;12;133.1;1;37;34;90;90;110.7;1;0;0;1;0;0;50;0;0;5;0;0;0.0;0;0;5;0;0;0.0;0;7.6;2.6;0.32;Dropout;0.8363;Kritis;0.9794;Kritis;validasi silang
MHS2876;1;51;1;9147;1;1;160.0;1;1;37;9;10;118.0;0;0;0;1;0;0;53;0;14;15;15;15;11.8;0;12;13;13;12;11.666666666666666;1;8.9;1.4;3.51;Enrolled;0.4297;Prioritas;0.1257;Aman;mahasiswa aktif
MHS2877;1;39;1;9556;1;1;133.1;6;3;3;4;4;169.2;0;0;1;0;0;0;54;1;0;7;7;0;0.0;0;0;5;10;0;0.0;0;12.4;0.5;1.79;Dropout;0.9487;Kritis;0.9797;Kritis;data uji
MHS2878;1;39;1;8014;0;1;120.0;1;37;37;9;7;106.8;0;0;0;1;0;0;49;0;0;6;9;5;12.333333333333334;0;0;6;12;4;11.5;0;13.9;-0.3;0.79;Enrolled;0.4193;Prioritas;0.323;Aman;mahasiswa aktif
MHS2879;2;42;1;9853;1;1;133.1;1;37;37;4;7;100.0;0;0;0;1;0;0;34;0;6;12;18;11;13.0;0;4;13;22;8;11.875;0;12.7;3.7;-1.7;Dropout;0.6976;Kritis;0.3303;Aman;data uji
MHS2880;4;39;1;8014;0;1;133.1;1;38;37;5;7;144.5;0;0;0;1;0;0;45;0;0;6;13;4;12.5;0;0;6;8;3;11.666666666666666;0;16.2;0.3;-0.92;Dropout;0.3197;Prioritas;0.9354;Kritis;validasi silang
MHS2881;4;39;1;8014;0;19;133.1;1;37;37;9;7;134.5;0;0;0;1;0;1;47;0;0;6;8;5;12.2;0;0;6;10;4;11.25;0;12.4;0.5;1.79;Graduate;0.1184;Aman;0.3601;Aman;validasi silang
MHS2882;1;43;1;9238;1;1;122.0;1;19;19;5;5;114.3;1;0;0;1;0;0;22;0;5;10;15;8;11.0;0;2;7;16;5;11.2;0;9.4;-0.8;-3.12;Enrolled;0.2005;Aman;0.4697;Prioritas;mahasiswa aktif
MHS2883;2;39;1;9991;0;1;133.1;1;37;37;9;9;113.4;0;0;0;1;0;0;33;0;0;5;14;1;10.0;0;0;5;13;2;12.0;0;12.4;0.5;1.79;Dropout;0.5038;Prioritas;0.9781;Kritis;validasi silang
MHS2884;2;39;1;8014;0;1;140.0;1;37;37;9;9;128.0;0;0;0;1;0;1;43;0;0;6;7;6;12.333333333333334;0;0;6;8;6;11.5;0;8.9;1.4;3.51;Graduate;0.0621;Aman;0.0278;Aman;validasi silang
MHS2885;1;7;1;9003;1;3;120.0;1;37;37;6;6;120.0;0;0;0;1;0;0;54;0;9;13;13;13;14.307692307692308;0;5;12;15;12;15.23076923076923;0;15.5;2.8;-4.06;Graduate;0.3448;Prioritas;0.0463;Aman;validasi silang
MHS2886;1;39;1;8014;0;2;130.0;1;37;37;5;7;147.5;0;0;0;1;0;0;39;0;7;11;13;11;14.454545454545457;0;6;8;8;8;13.5;0;12.7;3.7;-1.7;Graduate;0.4689;Prioritas;0.0581;Aman;validasi silang
MHS2887;2;39;1;9991;0;1;120.0;1;37;37;9;9;120.7;0;0;0;1;0;0;39;0;0;5;6;5;11.0;0;0;5;5;5;13.2;0;7.6;2.6;0.32;Graduate;0.4252;Prioritas;0.0517;Aman;validasi silang
MHS2888;1;1;1;9853;1;1;153.0;1;19;37;9;9;153.7;0;0;0;1;0;1;18;0;0;6;8;6;13.142857142857142;0;0;6;6;6;12.833333333333334;0;15.5;2.8;-4.06;Graduate;0.1656;Aman;0.0324;Aman;validasi silang
MHS2889;1;17;1;9238;1;1;131.0;1;37;37;9;7;121.9;0;0;0;1;0;1;19;0;0;6;8;6;13.75;0;0;6;7;6;11.857142857142858;0;16.2;0.3;-0.92;Graduate;0.0596;Aman;0.029;Aman;validasi silang
MHS2890;1;17;4;9670;1;1;126.0;1;38;19;9;6;119.4;1;0;0;1;0;1;18;0;0;6;6;6;14.0;0;0;6;9;5;13.8;0;8.9;1.4;3.51;Graduate;0.0444;Aman;0.076;Aman;validasi silang
MHS2891;2;39;1;8014;0;12;110.0;1;34;34;0;0;157.8;0;0;0;1;0;0;44;0;5;8;13;8;13.75;0;2;6;9;6;12.5;0;7.6;2.6;0.32;Graduate;0.4864;Prioritas;0.0526;Aman;data uji
MHS2892;1;39;1;9991;0;1;150.0;1;3;1;3;9;154.0;0;0;0;1;0;0;27;0;0;5;5;0;0.0;0;0;5;6;0;0.0;0;12.4;0.5;1.79;Dropout;0.412;Prioritas;0.9795;Kritis;validasi silang
MHS2893;1;1;2;9670;1;1;131.0;1;1;19;4;7;135.9;1;0;0;1;0;1;18;0;0;6;6;6;13.166666666666666;0;0;6;8;6;12.428571428571429;0;8.9;1.4;3.51;Graduate;0.035;Aman;0.0545;Aman;validasi silang
MHS2894;2;43;1;8014;0;1;130.0;1;34;34;0;0;130.0;0;0;0;1;0;0;45;0;10;12;12;9;12.444444444444445;3;4;7;8;6;12.0;0;9.4;-0.8;-3.12;Dropout;0.4389;Prioritas;0.3153;Aman;validasi silang
MHS2895;1;17;4;9853;1;1;122.0;1;38;37;9;9;118.9;1;0;0;1;0;0;20;0;0;6;7;6;12.666666666666666;0;0;6;7;5;13.0;0;7.6;2.6;0.32;Graduate;0.5542;Prioritas;0.0852;Aman;validasi silang
MHS2896;2;1;1;8014;0;1;151.0;1;37;37;9;9;152.4;0;0;0;1;0;0;40;0;0;6;7;6;11.333333333333334;0;0;6;7;6;10.5;0;10.8;1.4;1.74;Graduate;0.0629;Aman;0.0501;Aman;validasi silang
MHS2897;1;39;1;9991;0;1;120.0;1;37;37;6;6;147.8;0;0;0;1;0;0;40;0;0;5;9;4;11.25;0;0;5;6;5;12.0;0;13.9;-0.3;0.79;Enrolled;0.3662;Prioritas;0.1516;Aman;mahasiswa aktif
MHS2898;1;43;1;9500;1;1;136.0;1;3;3;2;2;100.0;0;0;0;1;0;0;18;0;0;7;8;7;13.6125;0;0;8;8;8;14.575;0;13.9;-0.3;0.79;Graduate;0.2384;Prioritas;0.0304;Aman;validasi silang
MHS2899;1;18;6;9500;1;1;140.0;1;3;19;3;8;129.0;1;0;0;1;0;0;21;0;0;8;8;7;12.414285714285716;0;0;8;8;7;12.414285714285716;0;12.7;3.7;-1.7;Graduate;0.1656;Aman;0.0384;Aman;validasi silang
MHS2900;1;17;2;171;1;1;131.0;1;2;1;3;3;148.9;1;0;0;1;0;0;20;0;0;0;0;0;0.0;0;0;0;0;0;0.0;0;9.4;-0.8;-3.12;Graduate;0.2456;Prioritas;0.516;Prioritas;validasi silang
MHS2901;2;43;1;9991;0;2;120.0;1;37;37;9;8;120.0;0;0;0;1;0;0;36;0;8;12;21;11;11.5;0;7;12;22;12;11.4375;0;9.4;-0.8;-3.12;Enrolled;0.4579;Prioritas;0.0925;Aman;mahasiswa aktif
MHS2902;2;7;1;8014;0;3;170.0;1;19;19;4;4;170.0;0;0;0;1;0;0;27;0;0;5;5;0;0.0;0;0;6;0;0;0.0;0;9.4;-0.8;-3.12;Dropout;0.1666;Aman;0.9788;Kritis;validasi silang
MHS2903;2;39;1;9556;1;1;100.0;6;38;38;9;9;130.0;0;0;0;1;0;0;32;1;0;7;10;7;11.0;0;0;8;8;8;13.125;0;12.7;3.7;-1.7;Graduate;0.2132;Aman;0.0594;Aman;validasi silang
MHS2904;1;17;1;9238;1;1;116.0;1;1;1;3;3;119.2;1;0;0;1;0;1;18;0;0;6;6;6;14.0;0;0;6;6;6;13.5;0;8.9;1.4;3.51;Graduate;0.0405;Aman;0.048;Aman;validasi silang
MHS2905;1;39;1;8014;0;1;133.1;1;37;37;9;7;129.0;0;0;0;1;0;0;37;0;0;6;13;4;12.0;0;0;6;10;3;12.0;0;16.2;0.3;-0.92;Dropout;0.3134;Prioritas;0.9552;Kritis;validasi silang
MHS2906;1;17;1;9773;1;1;136.0;1;3;1;2;3;132.5;1;0;0;1;0;0;19;0;0;6;7;6;12.5;0;0;6;7;6;12.5;0;10.8;1.4;1.74;Graduate;0.3027;Prioritas;0.0594;Aman;data uji
MHS2907;4;39;2;8014;0;1;160.0;1;37;38;7;5;115.0;0;0;0;1;0;1;41;0;0;6;8;6;11.333333333333334;0;0;6;9;6;11.333333333333334;0;10.8;1.4;1.74;Graduate;0.1639;Aman;0.0371;Aman;validasi silang
MHS2908;2;1;4;9500;1;1;140.0;1;1;37;4;9;128.0;0;0;0;1;0;1;18;0;0;7;7;6;14.066666666666668;0;0;7;7;6;14.066666666666668;0;7.6;2.6;0.32;Graduate;0.022;Aman;0.0288;Aman;validasi silang
MHS2909;1;43;1;9085;1;1;130.0;1;37;37;90;90;125.1;0;0;0;1;0;0;21;0;2;9;14;8;13.555555555555555;0;2;7;10;7;13.571428571428571;0;7.6;2.6;0.32;Graduate;0.3642;Prioritas;0.0545;Aman;validasi silang
MHS2910;1;44;1;9003;1;1;140.0;1;1;19;3;9;140.0;1;0;1;0;0;0;23;0;0;6;13;5;11.6;0;0;6;11;4;12.25;0;12.4;0.5;1.79;Dropout;0.8651;Kritis;0.9702;Kritis;validasi silang
MHS2911;1;17;2;9773;1;1;123.0;1;1;1;3;3;120.9;1;0;0;1;0;0;18;0;0;6;0;0;0.0;0;0;6;0;0;0.0;0;13.9;-0.3;0.79;Dropout;0.3137;Prioritas;0.9795;Kritis;validasi silang
MHS2912;1;1;6;9500;1;1;143.0;1;19;19;4;4;135.3;1;0;0;1;0;0;18;0;0;8;8;8;13.27625;0;0;8;8;8;13.27625;0;9.4;-0.8;-3.12;Graduate;0.1861;Aman;0.036;Aman;validasi silang
MHS2913;1;43;4;9085;1;1;133.1;1;34;34;99;99;125.2;0;0;0;1;0;0;21;0;0;6;0;0;0.0;0;0;6;0;0;0.0;0;7.6;2.6;0.32;Dropout;0.2806;Prioritas;0.9795;Kritis;validasi silang
MHS2914;1;1;2;9238;1;1;136.0;1;22;30;0;8;135.7;1;0;0;1;0;0;19;0;0;6;8;6;14.375;0;0;6;8;6;14.75;0;7.6;2.6;0.32;Graduate;0.232;Prioritas;0.0424;Aman;validasi silang
MHS2915;6;39;2;9147;1;1;133.1;1;37;37;9;9;110.0;0;0;0;1;0;0;47;0;0;5;0;0;0.0;0;0;5;0;0;0.0;0;9.4;-0.8;-3.12;Dropout;0.6791;Kritis;0.9798;Kritis;validasi silang
MHS2916;6;39;1;8014;0;1;133.1;1;37;37;9;9;119.0;0;0;0;1;0;1;48;0;0;6;7;6;10.666666666666666;0;0;6;9;5;11.8;0;10.8;1.4;1.74;Enrolled;0.1547;Aman;0.0538;Aman;mahasiswa aktif
MHS2917;2;7;1;8014;0;3;110.0;1;37;37;9;9;110.0;0;0;0;1;0;0;39;0;9;13;19;12;13.416666666666666;0;4;10;10;10;14.5;0;16.2;0.3;-0.92;Graduate;0.3181;Prioritas;0.0459;Aman;validasi silang
MHS2918;1;1;1;9500;1;1;118.0;1;38;38;7;7;115.2;1;0;0;1;0;0;19;0;0;7;9;6;12.97166666666667;0;0;8;9;7;12.321428571428571;0;11.1;0.6;2.02;Graduate;0.1228;Aman;0.0561;Aman;data uji
MHS2919;1;43;1;9991;0;2;110.0;1;37;37;9;9;112.9;0;0;0;1;0;0;38;0;14;15;16;14;10.928571428571429;0;12;14;16;12;11.833333333333334;0;9.4;-0.8;-3.12;Dropout;0.4829;Prioritas;0.537;Prioritas;validasi silang
MHS2920;5;39;1;9003;1;19;133.1;1;19;1;9;9;119.4;0;0;1;0;0;0;27;0;0;6;6;0;0.0;0;0;6;7;0;0.0;0;8.9;1.4;3.51;Dropout;0.945;Kritis;0.9788;Kritis;validasi silang
MHS2921;1;1;1;171;1;1;162.0;1;19;19;4;7;152.9;1;0;0;1;0;1;18;0;0;0;0;0;0.0;0;0;0;0;0;0.0;0;12.4;0.5;1.79;Graduate;0.0832;Aman;0.3475;Aman;validasi silang
MHS2922;1;39;1;8014;0;1;155.0;1;19;37;4;5;117.5;0;0;0;1;0;0;34;0;0;6;6;4;13.25;0;0;6;6;0;0.0;0;12.7;3.7;-1.7;Enrolled;0.3688;Prioritas;0.9787;Kritis;mahasiswa aktif
MHS2923;2;39;1;9238;1;19;133.1;1;37;37;4;4;98.5;0;0;0;1;0;0;48;0;0;6;14;6;11.333333333333334;0;0;6;11;5;12.4;0;15.5;2.8;-4.06;Dropout;0.5517;Prioritas;0.1142;Aman;data uji
MHS2924;1;39;1;9670;1;1;150.0;1;34;34;0;0;108.0;0;0;0;1;0;0;25;0;0;5;6;1;11.0;0;0;5;5;0;0.0;0;7.6;2.6;0.32;Dropout;0.7951;Kritis;0.9801;Kritis;data uji
MHS2925;2;39;1;9500;1;1;133.1;1;19;37;6;6;120.0;0;0;0;1;0;1;32;0;0;8;9;7;12.757142857142856;0;0;8;9;7;12.757142857142856;0;12.7;3.7;-1.7;Graduate;0.0554;Aman;0.0301;Aman;data uji
MHS2926;1;1;1;9773;1;1;154.0;1;37;37;9;7;150.2;0;0;0;1;0;1;18;0;0;6;6;6;14.5;0;0;6;6;6;14.666666666666666;0;16.2;0.3;-0.92;Graduate;0.0689;Aman;0.0323;Aman;data uji
MHS2927;1;44;1;8014;0;39;140.0;1;1;3;4;6;139.2;0;0;1;1;0;0;20;0;3;6;6;6;13.833333333333334;0;2;6;7;6;14.571428571428571;0;12.4;0.5;1.79;Graduate;0.2637;Prioritas;0.0593;Aman;data uji
MHS2928;1;1;1;9147;1;1;158.0;1;19;37;9;7;130.0;1;0;0;1;0;0;20;0;0;5;8;4;11.25;0;0;5;7;5;10.4;0;7.6;2.6;0.32;Graduate;0.3052;Prioritas;0.0603;Aman;validasi silang
MHS2929;1;1;1;171;1;1;122.0;1;37;37;9;3;115.7;1;0;0;1;0;0;20;0;0;0;0;0;0.0;0;0;0;0;0;0.0;0;9.4;-0.8;-3.12;Dropout;0.2912;Prioritas;0.7147;Kritis;validasi silang
MHS2930;1;1;3;9500;1;1;136.0;1;1;1;4;4;127.0;1;0;0;1;0;0;19;0;0;8;10;1;13.67;7;0;8;10;1;13.67;7;9.4;-0.8;-3.12;Enrolled;0.1649;Aman;0.963;Kritis;mahasiswa aktif
MHS2931;1;39;1;9991;0;9;133.1;1;37;34;90;90;118.1;1;0;0;1;0;0;39;0;0;5;9;0;0.0;0;0;5;5;2;12.5;0;7.6;2.6;0.32;Dropout;0.8449;Kritis;0.9747;Kritis;validasi silang
MHS2932;1;1;1;9130;1;1;132.0;1;6;6;0;4;119.1;1;0;1;1;0;0;29;0;0;5;10;1;13.0;4;0;5;14;0;0.0;8;10.8;1.4;1.74;Dropout;0.9383;Kritis;0.9792;Kritis;validasi silang
MHS2933;1;39;1;9991;0;1;130.0;1;37;37;6;6;111.9;0;0;1;1;0;0;36;0;0;5;5;0;0.0;0;0;5;5;0;0.0;0;12.7;3.7;-1.7;Dropout;0.6813;Kritis;0.9783;Kritis;validasi silang
MHS2934;1;1;6;9500;1;1;144.0;1;19;19;9;9;130.5;1;0;0;1;0;0;18;0;0;8;12;7;11.971428571428572;0;0;8;12;7;11.971428571428572;0;12.7;3.7;-1.7;Graduate;0.1226;Aman;0.0584;Aman;validasi silang
MHS2935;2;39;1;8014;0;12;133.1;1;34;34;0;0;135.0;0;0;0;1;0;0;51;0;0;6;12;0;0.0;0;1;6;11;0;0.0;1;7.6;2.6;0.32;Dropout;0.4831;Prioritas;0.9797;Kritis;validasi silang
MHS2936;1;43;1;9773;1;1;133.1;22;34;34;90;90;130.0;0;0;1;1;0;0;23;1;0;6;11;1;16.0;0;0;6;8;4;12.25;0;7.6;2.6;0.32;Dropout;0.7295;Kritis;0.9409;Kritis;validasi silang
MHS2937;1;44;1;9085;1;1;150.0;1;29;10;6;6;150.0;1;0;0;1;0;0;21;0;0;6;0;0;0.0;0;0;6;0;0;0.0;0;10.8;1.4;1.74;Dropout;0.1194;Aman;0.9793;Kritis;validasi silang
MHS2938;1;43;5;9853;1;1;150.0;1;34;34;0;0;150.2;1;0;0;0;0;0;28;0;0;6;9;4;12.75;1;0;5;5;0;0.0;5;9.4;-0.8;-3.12;Dropout;0.9847;Kritis;0.976;Kritis;validasi silang
MHS2939;2;39;1;9991;0;1;110.0;1;37;37;9;3;127.1;0;0;0;1;0;0;34;0;0;5;9;4;11.0;0;0;5;10;4;10.75;1;7.6;2.6;0.32;Enrolled;0.3564;Prioritas;0.6873;Kritis;mahasiswa aktif
MHS2940;1;39;1;8014;0;1;100.0;1;37;37;6;5;107.5;0;0;0;1;0;0;41;0;0;2;2;0;0.0;0;0;6;0;0;0.0;0;12.7;3.7;-1.7;Dropout;0.3257;Prioritas;0.9792;Kritis;data uji
MHS2941;4;39;1;8014;0;3;100.0;1;37;37;9;9;130.0;0;0;0;1;0;1;43;0;0;6;7;5;12.2;0;0;6;6;6;12.333333333333334;0;9.4;-0.8;-3.12;Graduate;0.1194;Aman;0.0338;Aman;data uji
MHS2942;2;39;2;9556;1;1;133.1;105;1;3;9;2;152.8;1;0;0;1;0;0;28;1;0;7;9;7;12.428571428571429;0;0;8;8;8;12.3;0;12.4;0.5;1.79;Enrolled;0.2006;Aman;0.0532;Aman;mahasiswa aktif
MHS2943;1;1;1;171;1;1;145.0;1;40;1;2;4;160.1;0;0;0;1;0;1;19;0;6;12;12;12;14.5;0;4;11;15;11;13.583333333333334;0;8.9;1.4;3.51;Graduate;0.0788;Aman;0.0299;Aman;validasi silang
MHS2944;1;39;1;9003;1;1;130.0;1;19;19;9;1;140.0;0;0;0;1;0;0;26;0;6;12;13;6;13.0;0;4;12;14;11;13.833333333333334;0;15.5;2.8;-4.06;Graduate;0.2879;Prioritas;0.5624;Prioritas;validasi silang
MHS2945;1;1;4;9500;1;1;118.0;1;4;3;2;3;110.7;1;0;0;1;0;0;18;0;0;7;7;7;11.714285714285714;0;0;8;8;8;12.75;0;12.4;0.5;1.79;Graduate;0.1428;Aman;0.0386;Aman;validasi silang
MHS2946;2;39;1;9853;1;1;133.1;1;37;19;9;5;138.3;0;0;0;1;0;0;45;0;0;7;12;4;10.25;0;0;7;10;3;13.0;0;11.1;0.6;2.02;Dropout;0.6175;Prioritas;0.9704;Kritis;validasi silang
MHS2947;1;44;1;9853;1;39;150.0;1;3;37;2;7;150.0;0;0;0;1;0;0;19;0;0;6;0;0;0.0;0;0;6;0;0;0.0;0;12.4;0.5;1.79;Dropout;0.5188;Prioritas;0.9795;Kritis;validasi silang
MHS2948;1;17;6;9670;1;1;113.0;1;4;1;3;10;112.3;0;0;0;1;0;0;20;0;0;6;9;6;12.375;0;0;6;7;6;13.142857142857142;0;11.1;0.6;2.02;Graduate;0.22;Aman;0.0532;Aman;validasi silang
MHS2949;1;1;6;9853;1;1;136.0;1;1;19;5;5;122.0;0;0;0;1;0;0;18;0;0;6;6;6;12.666666666666666;0;0;6;6;6;12.0;0;7.6;2.6;0.32;Graduate;0.4558;Prioritas;0.0458;Aman;validasi silang
MHS2950;1;39;1;9085;1;1;140.0;1;3;3;4;2;141.7;1;0;0;1;0;0;27;0;0;6;13;3;10.5;0;0;6;19;1;12.0;0;12.4;0.5;1.79;Dropout;0.3916;Prioritas;0.9757;Kritis;validasi silang
MHS2951;2;1;1;9003;1;1;131.0;1;19;38;5;5;118.4;0;0;0;1;0;0;20;0;0;6;11;6;14.125;0;0;6;10;5;12.6;0;13.9;-0.3;0.79;Graduate;0.1301;Aman;0.0746;Aman;data uji
MHS2952;1;1;3;9085;1;1;138.0;1;1;1;4;8;128.7;1;0;0;1;0;0;18;0;0;6;7;6;14.666666666666666;0;0;6;12;6;13.833333333333334;0;8.9;1.4;3.51;Graduate;0.1741;Aman;0.0456;Aman;validasi silang
MHS2953;2;39;2;9670;1;1;100.0;1;37;37;9;9;100.0;0;0;0;1;0;0;35;0;0;5;8;5;11.4;0;0;5;7;3;12.333333333333334;0;9.4;-0.8;-3.12;Enrolled;0.3957;Prioritas;0.4388;Prioritas;mahasiswa aktif
MHS2954;1;39;1;171;1;1;140.0;1;37;37;9;9;100.8;0;1;0;1;0;0;26;0;0;0;0;0;0.0;0;0;0;0;0;0.0;0;16.2;0.3;-0.92;Dropout;0.7456;Kritis;0.9143;Kritis;data uji
MHS2955;4;39;1;9238;1;1;120.0;1;37;37;9;9;125.5;1;0;0;1;0;1;39;0;0;6;7;6;14.0;0;0;6;7;5;14.8;0;12.7;3.7;-1.7;Graduate;0.1787;Aman;0.091;Aman;validasi silang
MHS2956;1;1;1;171;1;1;139.0;1;37;37;9;9;124.0;1;0;0;1;0;0;18;0;0;0;0;0;0.0;0;0;0;0;0;0.0;0;7.6;2.6;0.32;Graduate;0.2718;Prioritas;0.5575;Prioritas;validasi silang
MHS2957;1;7;1;9500;1;3;130.0;1;37;37;9;5;130.0;0;0;0;1;0;0;36;0;0;7;7;0;0.0;7;0;7;7;0;0.0;7;16.2;0.3;-0.92;Dropout;0.4057;Prioritas;0.9787;Kritis;validasi silang
MHS2958;2;39;1;8014;0;3;110.0;1;37;37;9;9;160.5;0;0;0;1;0;0;38;0;8;11;11;11;12.636363636363637;0;5;8;8;8;11.0;0;13.9;-0.3;0.79;Graduate;0.1687;Aman;0.0468;Aman;validasi silang
MHS2959;2;39;1;9853;1;19;133.1;1;37;19;3;7;100.0;0;0;0;1;0;0;45;0;0;6;11;3;12.333333333333334;0;0;6;13;2;11.0;0;7.6;2.6;0.32;Dropout;0.7345;Kritis;0.9765;Kritis;validasi silang
MHS2960;5;39;1;9254;1;1;133.1;1;2;2;2;2;103.0;0;0;0;1;0;0;62;0;0;6;7;6;15.0;0;0;6;10;6;12.833333333333334;0;10.8;1.4;1.74;Graduate;0.8295;Kritis;0.0805;Aman;validasi silang
MHS2961;1;1;1;9670;1;1;133.1;1;1;1;9;1;103.0;1;0;0;1;0;1;20;0;0;6;8;4;11.75;0;0;6;10;6;12.666666666666666;0;10.8;1.4;1.74;Graduate;0.0695;Aman;0.0807;Aman;validasi silang
MHS2962;1;1;1;9500;1;1;139.0;1;19;37;9;9;131.5;1;0;0;1;0;0;18;0;0;8;8;7;14.13714285714286;0;0;8;8;7;14.13714285714286;0;10.8;1.4;1.74;Graduate;0.1117;Aman;0.0279;Aman;validasi silang
MHS2963;1;18;3;9070;1;1;134.0;1;1;1;3;4;121.4;0;0;0;1;0;0;18;0;0;6;6;2;12.0;0;0;6;6;1;11.0;0;9.4;-0.8;-3.12;Dropout;0.2607;Prioritas;0.9754;Kritis;validasi silang
MHS2964;2;1;1;9991;0;3;160.0;1;1;3;4;9;137.3;0;0;0;1;0;0;23;0;0;5;5;5;10.8;0;0;5;9;4;11.5;0;9.4;-0.8;-3.12;Graduate;0.2473;Prioritas;0.1563;Aman;validasi silang
MHS2965;1;1;1;9070;1;1;124.0;1;19;19;9;9;138.4;1;0;1;1;0;1;19;0;1;6;8;6;13.285714285714286;1;0;6;8;6;12.5;0;13.9;-0.3;0.79;Dropout;0.1089;Aman;0.0451;Aman;data uji
MHS2966;1;17;1;9147;1;1;137.0;1;1;3;7;3;131.1;1;0;1;1;0;1;19;0;0;5;7;5;13.6;0;0;5;5;5;12.6;0;8.9;1.4;3.51;Graduate;0.2957;Prioritas;0.0598;Aman;validasi silang
MHS2967;1;42;1;9500;1;1;157.0;1;3;3;3;3;100.0;0;0;0;1;0;0;18;0;0;7;8;7;13.55;0;0;8;8;8;14.1875;0;13.9;-0.3;0.79;Graduate;0.2586;Prioritas;0.033;Aman;validasi silang
MHS2968;1;17;4;9500;1;1;138.0;1;4;1;2;1;133.0;1;0;0;1;0;0;18;0;0;8;8;0;0.0;5;0;8;8;0;0.0;5;9.4;-0.8;-3.12;Enrolled;0.1399;Aman;0.9796;Kritis;mahasiswa aktif
MHS2969;1;39;2;8014;0;1;100.0;1;35;37;90;90;100.0;0;0;0;1;0;0;41;0;0;6;10;4;13.5;0;1;6;7;6;11.166666666666666;0;7.6;2.6;0.32;Graduate;0.7006;Kritis;0.1754;Aman;validasi silang
MHS2970;1;39;1;9670;1;1;130.0;1;19;3;4;2;159.0;0;0;0;1;0;1;51;0;0;6;8;5;11.6;0;0;6;9;5;14.2;0;12.4;0.5;1.79;Graduate;0.1324;Aman;0.0481;Aman;validasi silang
MHS2971;1;43;2;9238;1;1;133.1;1;19;19;4;5;120.6;1;0;0;1;0;0;24;0;6;10;16;10;12.5;0;2;7;9;4;12.6;0;16.2;0.3;-0.92;Graduate;0.2203;Prioritas;0.3932;Aman;validasi silang
MHS2972;1;39;1;9991;0;3;120.0;1;19;1;9;5;134.0;0;0;0;1;0;0;25;0;0;5;14;1;11.0;0;0;5;11;2;12.666666666666666;4;16.2;0.3;-0.92;Dropout;0.6498;Prioritas;0.973;Kritis;validasi silang
MHS2973;1;5;1;9085;1;1;150.0;1;1;1;4;4;139.4;0;0;0;1;0;0;18;0;0;5;9;3;12.0;1;0;5;6;4;13.0;0;7.6;2.6;0.32;Enrolled;0.2421;Prioritas;0.1651;Aman;mahasiswa aktif
MHS2974;1;16;6;9147;1;1;128.0;1;37;37;9;9;116.5;1;0;0;1;0;0;20;0;0;5;8;4;11.6;0;0;5;10;3;12.333333333333334;0;7.6;2.6;0.32;Graduate;0.3517;Prioritas;0.6291;Prioritas;validasi silang
MHS2975;1;1;1;171;1;1;124.0;1;1;19;123;103;113.9;1;1;0;1;0;0;19;0;0;0;0;0;0.0;0;0;0;0;0;0.0;0;13.9;-0.3;0.79;Dropout;0.2493;Prioritas;0.4823;Prioritas;validasi silang
MHS2976;5;43;1;9991;0;3;130.0;1;3;3;1;1;130.0;0;0;0;1;0;0;41;0;5;10;14;10;14.636363636363637;0;5;10;13;10;14.6;0;16.2;0.3;-0.92;Graduate;0.5466;Prioritas;0.0736;Aman;validasi silang
MHS2977;1;1;2;9254;1;1;132.0;1;1;19;9;9;129.9;1;0;0;1;0;1;19;0;0;6;8;6;13.0;0;0;6;6;6;12.166666666666666;0;8.9;1.4;3.51;Graduate;0.0601;Aman;0.0335;Aman;validasi silang
MHS2978;1;42;1;9853;1;12;133.1;1;1;3;3;2;133.7;0;0;0;1;0;0;28;0;14;18;23;14;12.785714285714286;2;16;17;18;16;13.875;0;16.2;0.3;-0.92;Dropout;0.6619;Kritis;0.2038;Aman;validasi silang
MHS2979;1;1;3;9070;1;1;129.0;1;5;3;5;7;124.8;1;0;0;1;0;0;21;0;0;6;6;6;14.5;0;0;6;7;5;12.0;0;12.4;0.5;1.79;Graduate;0.2693;Prioritas;0.0671;Aman;validasi silang
MHS2980;1;1;1;9085;1;1;135.0;1;3;2;1;1;133.6;1;0;0;0;0;0;22;0;0;5;12;4;14.6;3;0;5;5;4;12.75;1;9.4;-0.8;-3.12;Dropout;0.7722;Kritis;0.8884;Kritis;validasi silang
MHS2981;1;17;4;9773;1;1;138.0;1;37;19;5;7;133.5;1;0;0;0;0;0;18;0;0;6;7;6;12.5;0;0;6;6;6;12.166666666666666;0;10.8;1.4;1.74;Graduate;0.9064;Kritis;0.4107;Prioritas;validasi silang
MHS2982;1;1;1;9070;1;1;135.0;1;19;37;9;9;128.0;1;0;0;1;0;1;19;0;0;6;6;6;14.0;0;0;6;8;6;13.125;0;10.8;1.4;1.74;Graduate;0.0507;Aman;0.0277;Aman;validasi silang
MHS2983;1;17;6;9500;1;1;131.0;1;3;19;5;5;127.2;1;0;0;1;0;1;19;0;0;7;7;7;13.801428571428572;0;0;8;8;8;14.575;0;11.1;0.6;2.02;Graduate;0.0785;Aman;0.037;Aman;validasi silang
MHS2984;1;7;1;9853;1;3;150.0;1;19;19;4;5;150.0;0;0;1;0;0;0;25;0;1;6;7;6;14.428571428571429;0;0;6;7;6;13.666666666666666;0;10.8;1.4;1.74;Graduate;0.9891;Kritis;0.5323;Prioritas;validasi silang
MHS2985;1;42;4;9500;1;6;133.0;1;1;19;2;9;127.8;1;0;0;1;0;1;18;0;0;7;7;6;14.35;0;0;7;7;6;14.35;0;7.6;2.6;0.32;Graduate;0.0657;Aman;0.0332;Aman;validasi silang
MHS2986;1;17;1;9070;1;1;135.0;1;37;19;9;9;125.2;1;0;0;1;0;0;19;0;0;6;6;6;14.333333333333334;0;0;6;6;6;13.5;0;12.7;3.7;-1.7;Graduate;0.2933;Prioritas;0.0284;Aman;validasi silang
MHS2987;1;43;2;9853;1;1;118.0;1;19;1;5;4;110.0;1;0;0;1;0;0;20;0;0;6;10;4;12.25;0;0;6;8;4;11.5;0;10.8;1.4;1.74;Enrolled;0.7085;Kritis;0.5976;Prioritas;mahasiswa aktif
MHS2988;2;39;1;8014;0;19;100.0;1;34;34;0;0;100.0;0;0;0;1;0;0;46;0;0;6;9;6;13.333333333333334;0;0;6;6;6;11.833333333333334;0;7.6;2.6;0.32;Graduate;0.7602;Kritis;0.0363;Aman;validasi silang
MHS2989;1;17;1;171;1;1;158.0;1;3;3;3;3;151.4;1;0;0;0;0;0;19;0;6;12;12;12;13.0;0;4;11;14;11;13.25;0;8.9;1.4;3.51;Graduate;0.8236;Kritis;0.1897;Aman;validasi silang
MHS2990;1;1;2;9254;1;1;137.0;1;38;19;9;7;125.1;1;0;0;1;0;0;18;0;0;6;10;4;11.75;0;0;6;9;5;11.2;0;7.6;2.6;0.32;Enrolled;0.222;Prioritas;0.13;Aman;mahasiswa aktif
MHS2991;1;1;1;9130;1;1;172.0;1;19;19;9;9;163.3;1;0;0;1;0;1;18;0;0;6;8;6;14.5;0;0;6;11;4;13.0;0;13.9;-0.3;0.79;Graduate;0.1025;Aman;0.1133;Aman;validasi silang
MHS2992;1;18;1;9500;1;1;123.0;1;37;37;3;3;118.0;1;0;0;1;0;1;19;0;0;8;8;7;11.82;0;0;8;8;7;11.82;0;10.8;1.4;1.74;Graduate;0.0453;Aman;0.0341;Aman;data uji
MHS2993;1;1;2;9773;1;1;144.0;1;3;3;3;2;140.2;1;0;0;1;0;0;20;0;0;6;0;0;0.0;0;0;6;0;0;0.0;0;16.2;0.3;-0.92;Dropout;0.1742;Aman;0.9781;Kritis;validasi silang
MHS2994;2;39;1;8014;0;1;140.0;1;37;37;5;6;128.5;0;0;0;1;0;1;38;0;0;6;6;5;12.4;0;0;6;7;6;12.666666666666666;0;9.4;-0.8;-3.12;Graduate;0.0543;Aman;0.032;Aman;validasi silang
MHS2995;1;17;1;9773;1;1;136.0;1;1;38;9;8;131.5;1;0;0;1;0;0;18;0;0;6;7;6;12.571428571428571;0;0;6;8;6;11.857142857142858;0;13.9;-0.3;0.79;Graduate;0.2758;Prioritas;0.0438;Aman;data uji
MHS2996;1;17;5;9500;1;1;137.0;1;1;1;5;5;132.6;1;0;0;1;0;1;18;0;0;7;7;7;13.857142857142858;0;0;8;8;8;14.9;0;13.9;-0.3;0.79;Graduate;0.094;Aman;0.0488;Aman;validasi silang
MHS2997;1;17;1;9238;1;1;128.0;1;19;1;0;5;122.1;1;0;0;1;0;0;18;0;0;6;9;5;11.833333333333334;0;0;6;7;5;13.8;0;13.9;-0.3;0.79;Graduate;0.3438;Prioritas;0.0695;Aman;validasi silang
MHS2998;1;17;1;9147;1;1;120.0;1;3;3;2;2;112.0;0;0;0;1;0;0;20;0;0;5;10;4;11.0;0;0;5;7;4;11.5;0;15.5;2.8;-4.06;Enrolled;0.5157;Prioritas;0.0906;Aman;mahasiswa aktif
MHS2999;1;1;1;9130;1;1;130.0;1;3;19;4;8;133.0;1;0;0;1;0;0;19;0;0;6;6;6;14.666666666666666;0;0;6;8;6;13.666666666666666;0;12.4;0.5;1.79;Graduate;0.3814;Prioritas;0.0311;Aman;validasi silang
MHS3000;4;39;1;8014;0;1;138.0;1;19;19;90;90;127.0;0;0;0;0;0;0;37;0;0;4;4;0;0.0;0;0;5;10;0;0.0;0;10.8;1.4;1.74;Dropout;0.8518;Kritis;0.978;Kritis;validasi silang
MHS3001;1;39;1;9500;1;1;148.0;1;3;19;2;5;130.0;0;0;0;1;0;0;24;0;0;8;12;7;12.714285714285714;0;0;8;12;7;12.714285714285714;0;12.7;3.7;-1.7;Enrolled;0.2929;Prioritas;0.0483;Aman;mahasiswa aktif
MHS3002;1;1;2;9500;1;1;139.0;1;4;1;2;10;136.4;1;0;0;1;0;0;19;0;0;7;9;7;13.422222222222224;0;0;8;11;7;12.18888888888889;0;15.5;2.8;-4.06;Graduate;0.1175;Aman;0.0726;Aman;validasi silang
MHS3003;1;1;3;9773;1;1;136.0;1;3;1;5;3;129.0;1;0;0;1;0;1;19;0;0;6;7;6;14.0;0;0;6;8;5;12.2;0;13.9;-0.3;0.79;Dropout;0.0851;Aman;0.1153;Aman;validasi silang
MHS3004;1;17;3;9556;1;1;126.0;1;19;19;9;4;119.0;1;0;0;1;0;1;19;0;0;7;8;7;12.142857142857142;0;0;8;8;8;13.375;0;16.2;0.3;-0.92;Dropout;0.1972;Aman;0.0337;Aman;validasi silang
MHS3005;1;17;1;9147;1;1;135.0;1;37;38;9;9;128.0;1;0;1;1;0;1;18;0;0;5;5;5;12.8;0;0;5;5;5;13.0;0;11.1;0.6;2.02;Graduate;0.3123;Prioritas;0.0562;Aman;validasi silang
MHS3006;1;1;4;9500;1;1;122.0;1;19;38;7;7;117.1;1;0;0;1;0;1;18;0;0;7;7;7;14.572857142857142;0;0;8;9;8;14.955555555555556;0;12.4;0.5;1.79;Graduate;0.0354;Aman;0.028;Aman;validasi silang
MHS3007;1;1;4;9147;1;1;137.0;1;1;19;4;5;136.3;0;0;0;1;0;0;18;0;0;5;9;4;11.25;0;0;5;6;4;11.0;0;8.9;1.4;3.51;Graduate;0.2289;Prioritas;0.0604;Aman;data uji
MHS3008;1;17;5;9147;1;1;127.0;1;1;38;4;5;124.6;1;0;0;1;0;1;19;0;0;5;12;2;10.0;0;0;5;11;4;11.75;0;11.1;0.6;2.02;Enrolled;0.15;Aman;0.4498;Prioritas;mahasiswa aktif
MHS3009;1;1;1;9130;1;1;137.0;1;40;19;2;9;130.7;1;0;0;1;0;0;18;0;0;6;8;5;14.4;0;0;6;11;4;14.6;0;8.9;1.4;3.51;Dropout;0.3435;Prioritas;0.1362;Aman;validasi silang
MHS3010;1;1;4;9500;1;1;125.0;1;1;12;3;6;115.2;1;0;0;1;0;0;20;0;0;7;7;7;12.982857142857142;0;0;8;8;8;14.4625;0;12.4;0.5;1.79;Graduate;0.0755;Aman;0.0291;Aman;validasi silang
MHS3011;1;17;1;9085;1;1;141.0;1;3;2;2;3;130.2;1;0;0;1;0;0;20;0;0;6;14;6;15.75;0;0;6;8;6;13.0;0;15.5;2.8;-4.06;Graduate;0.466;Prioritas;0.0423;Aman;data uji
MHS3012;1;1;1;9085;1;1;132.0;1;2;2;6;6;128.5;0;0;0;1;0;0;18;0;0;6;11;5;12.285714285714286;0;0;6;19;3;14.0;1;12.4;0.5;1.79;Dropout;0.1012;Aman;0.7641;Kritis;validasi silang
MHS3013;1;16;1;9500;1;1;133.1;1;37;37;9;9;95.0;1;0;0;1;0;0;20;0;0;7;7;6;13.755;0;0;8;9;7;13.571428571428571;0;12.4;0.5;1.79;Graduate;0.2215;Prioritas;0.0591;Aman;validasi silang
MHS3014;1;17;1;9670;1;1;132.0;1;1;1;3;3;119.4;1;0;0;1;0;1;18;0;0;6;7;6;13.833333333333334;0;0;6;11;6;13.5;0;8.9;1.4;3.51;Graduate;0.072;Aman;0.0657;Aman;validasi silang
MHS3015;1;1;6;9500;1;1;142.0;1;1;37;7;7;123.5;1;0;0;1;0;0;19;0;0;7;0;0;0.0;0;0;8;0;0;0.0;0;12.7;3.7;-1.7;Dropout;0.1898;Aman;0.9796;Kritis;validasi silang
MHS3016;1;1;4;9500;1;1;136.0;1;38;1;5;6;133.9;1;0;0;1;0;0;18;0;0;7;9;7;14.711111111111112;0;0;8;9;8;14.627777777777778;0;15.5;2.8;-4.06;Graduate;0.1189;Aman;0.0512;Aman;validasi silang
MHS3017;1;53;1;9085;1;42;150.0;1;1;19;4;8;145.2;1;0;0;1;0;0;20;0;7;11;13;11;14.615384615384617;0;4;9;11;9;13.7;0;8.9;1.4;3.51;Graduate;0.147;Aman;0.0344;Aman;data uji
MHS3018;1;1;1;9500;1;1;130.0;1;3;3;1;5;118.8;0;0;0;1;0;0;18;0;0;7;7;7;13.677142857142858;0;0;8;9;8;14.533333333333331;0;11.1;0.6;2.02;Graduate;0.0871;Aman;0.0337;Aman;validasi silang
MHS3019;1;16;2;9085;1;1;136.0;1;37;37;9;9;123.4;1;0;0;1;0;1;19;0;0;5;8;5;13.166666666666666;2;0;5;5;5;12.8;0;9.4;-0.8;-3.12;Graduate;0.0686;Aman;0.0404;Aman;validasi silang
MHS3020;1;17;6;9238;1;1;138.0;1;3;3;1;2;123.0;1;0;0;1;0;0;19;0;0;6;11;5;10.8;0;0;6;12;5;11.333333333333334;0;15.5;2.8;-4.06;Graduate;0.2918;Prioritas;0.1371;Aman;validasi silang
MHS3021;1;17;1;9130;1;1;131.0;1;19;9;5;3;118.4;0;0;0;1;0;0;19;0;0;5;8;3;12.0;0;0;5;7;5;12.833333333333334;0;7.6;2.6;0.32;Graduate;0.4238;Prioritas;0.0425;Aman;validasi silang
MHS3022;1;1;1;9500;1;1;147.0;1;3;1;2;3;131.6;0;0;0;1;0;0;18;0;0;7;8;6;13.958333333333334;0;0;8;8;8;14.71875;0;11.1;0.6;2.02;Graduate;0.113;Aman;0.0377;Aman;validasi silang
MHS3023;1;17;1;9853;1;1;140.0;1;38;19;4;10;122.3;1;0;0;1;0;0;19;0;0;6;9;4;13.0;0;0;6;9;4;12.25;0;12.7;3.7;-1.7;Dropout;0.5991;Prioritas;0.496;Prioritas;validasi silang
MHS3024;1;1;2;171;1;1;152.0;1;38;19;9;9;151.7;1;0;0;1;0;1;24;0;0;0;0;0;0.0;0;0;0;0;0;0.0;0;11.1;0.6;2.02;Graduate;0.0608;Aman;0.2836;Aman;data uji
MHS3025;1;1;1;171;1;1;169.0;1;19;37;9;7;176.0;1;0;0;1;0;1;18;0;0;0;0;0;0.0;0;0;0;0;0;0.0;0;12.4;0.5;1.79;Graduate;0.0617;Aman;0.4651;Prioritas;validasi silang
MHS3026;1;1;6;9500;1;1;149.0;1;1;1;4;9;133.0;1;0;0;1;0;1;18;0;0;8;8;7;14.0;0;0;8;8;7;14.0;0;12.7;3.7;-1.7;Graduate;0.033;Aman;0.0299;Aman;validasi silang
MHS3027;1;1;4;9773;1;1;137.0;1;3;19;2;3;139.8;1;1;0;1;0;0;18;0;0;6;10;6;12.571428571428571;0;0;6;11;6;12.571428571428571;0;10.8;1.4;1.74;Enrolled;0.2016;Aman;0.0679;Aman;mahasiswa aktif
MHS3028;1;1;4;9773;1;1;122.0;1;41;1;4;3;119.6;1;0;0;1;0;0;19;0;0;6;6;4;12.0;0;0;6;11;3;11.333333333333334;0;11.1;0.6;2.02;Dropout;0.3048;Prioritas;0.875;Kritis;validasi silang
MHS3029;1;39;1;8014;0;1;130.0;1;37;37;9;6;134.0;0;0;0;1;0;1;35;0;2;8;8;8;13.625;0;1;7;7;7;14.0;0;8.9;1.4;3.51;Graduate;0.0435;Aman;0.0287;Aman;validasi silang
MHS3030;1;17;6;9147;1;1;145.0;1;37;37;9;9;132.0;1;0;0;1;0;0;19;0;0;5;7;4;12.5;0;0;5;8;4;10.0;1;7.6;2.6;0.32;Graduate;0.3524;Prioritas;0.152;Aman;validasi silang
MHS3031;1;7;1;9853;1;3;130.0;1;37;37;9;9;130.0;0;0;0;1;0;0;28;0;14;15;25;14;12.428571428571429;1;8;14;22;11;11.909090909090908;0;7.6;2.6;0.32;Dropout;0.7265;Kritis;0.5351;Prioritas;validasi silang
MHS3032;1;43;1;9500;1;1;157.0;1;38;3;5;2;141.4;0;0;0;1;0;0;21;0;3;7;8;7;13.3875;0;2;8;8;8;15.9;0;13.9;-0.3;0.79;Graduate;0.1544;Aman;0.0395;Aman;data uji
MHS3033;1;18;2;9500;1;1;135.0;1;19;1;5;5;128.9;1;0;0;1;0;1;19;0;0;7;8;6;12.648333333333332;0;0;8;9;8;12.205555555555556;0;11.1;0.6;2.02;Graduate;0.0713;Aman;0.166;Aman;validasi silang
MHS3034;1;5;2;9238;1;1;123.0;1;40;38;2;9;118.1;1;0;0;1;0;0;19;0;0;6;6;6;14.0;0;0;6;6;6;13.333333333333334;0;8.9;1.4;3.51;Graduate;0.2263;Prioritas;0.0438;Aman;validasi silang
MHS3035;1;1;1;9085;1;1;139.0;1;3;4;2;2;130.6;0;0;0;1;0;0;18;0;0;5;12;5;12.8;2;0;5;10;5;11.857142857142858;1;9.4;-0.8;-3.12;Graduate;0.2612;Prioritas;0.0639;Aman;validasi silang
MHS3036;1;1;1;9254;1;1;136.0;1;12;1;4;4;122.0;1;0;0;1;0;0;18;0;0;6;8;6;11.333333333333334;0;0;6;11;6;10.833333333333334;0;7.6;2.6;0.32;Graduate;0.4476;Prioritas;0.0871;Aman;validasi silang
MHS3037;1;1;2;9500;1;1;135.0;1;3;3;2;2;123.0;1;0;0;0;0;0;19;0;0;7;0;0;0.0;0;0;8;0;0;0.0;0;12.7;3.7;-1.7;Dropout;0.6848;Kritis;0.9796;Kritis;validasi silang
MHS3038;1;1;1;9670;1;1;126.0;1;1;1;9;10;126.7;1;0;0;1;0;1;20;0;0;6;6;6;14.166666666666666;0;0;6;9;6;13.0;0;8.9;1.4;3.51;Graduate;0.0406;Aman;0.0455;Aman;data uji
MHS3039;1;1;1;9773;1;1;122.0;1;38;19;9;9;126.6;1;0;0;1;0;0;18;0;0;6;6;6;12.833333333333334;0;0;6;6;6;13.833333333333334;0;8.9;1.4;3.51;Graduate;0.1647;Aman;0.0402;Aman;validasi silang
MHS3040;1;1;1;9853;1;1;125.0;1;38;38;9;9;125.4;0;0;1;0;0;0;19;0;0;7;11;4;12.0;0;0;7;9;6;11.833333333333334;0;16.2;0.3;-0.92;Dropout;0.9626;Kritis;0.9355;Kritis;validasi silang
MHS3041;1;1;3;9773;1;1;134.0;1;1;19;9;9;136.1;1;0;0;1;0;1;20;0;0;6;6;6;13.0;0;0;6;7;6;13.142857142857142;0;12.4;0.5;1.79;Dropout;0.0516;Aman;0.039;Aman;validasi silang
MHS3042;1;17;5;9500;1;1;130.0;1;19;1;9;4;128.8;1;0;0;1;0;0;18;0;0;7;8;6;13.39;0;0;8;10;7;12.757142857142856;0;11.1;0.6;2.02;Enrolled;0.2388;Prioritas;0.0716;Aman;mahasiswa aktif
MHS3043;1;17;4;9670;1;1;110.0;1;1;37;7;7;111.1;1;0;0;0;0;0;18;0;0;6;6;6;12.333333333333334;0;0;6;8;5;13.6;0;8.9;1.4;3.51;Graduate;0.8971;Kritis;0.7023;Kritis;validasi silang
MHS3044;1;1;1;9070;1;1;131.0;1;3;3;3;3;135.9;0;0;0;1;0;1;21;0;1;6;8;6;12.571428571428571;1;0;6;8;6;11.625;0;13.9;-0.3;0.79;Graduate;0.0344;Aman;0.0375;Aman;data uji
MHS3045;1;5;5;9254;1;1;122.0;1;1;37;9;7;119.6;1;0;0;1;0;1;19;0;0;6;6;6;12.333333333333334;0;0;6;6;6;12.833333333333334;0;12.4;0.5;1.79;Graduate;0.0987;Aman;0.0331;Aman;validasi silang
MHS3046;1;17;2;9853;1;1;123.0;1;1;1;3;9;116.7;1;0;0;1;0;0;19;0;0;6;8;5;13.0;0;0;6;8;4;10.75;0;9.4;-0.8;-3.12;Graduate;0.5285;Prioritas;0.277;Aman;validasi silang
MHS3047;1;1;1;9085;1;1;146.0;1;1;1;9;7;126.0;0;0;0;1;0;0;19;0;0;5;7;3;12.333333333333334;0;0;5;7;4;10.25;0;7.6;2.6;0.32;Enrolled;0.1705;Aman;0.2798;Aman;mahasiswa aktif
MHS3048;1;1;4;9773;1;1;137.0;1;37;37;0;90;134.2;1;0;0;1;0;0;18;0;0;6;6;6;13.166666666666666;0;0;6;8;5;14.2;0;10.8;1.4;1.74;Dropout;0.4824;Prioritas;0.07;Aman;validasi silang
MHS3049;1;1;1;9147;1;1;130.0;1;1;19;3;3;123.0;0;0;0;1;0;1;18;0;0;5;7;5;13.333333333333334;0;0;5;6;5;13.6;0;12.7;3.7;-1.7;Graduate;0.0998;Aman;0.0323;Aman;validasi silang
MHS3050;1;1;2;9085;1;1;127.0;1;38;37;5;7;123.9;1;0;0;1;0;0;18;0;0;5;9;4;13.0;0;0;5;8;5;13.142857142857142;0;10.8;1.4;1.74;Graduate;0.2083;Aman;0.0468;Aman;validasi silang
MHS3051;2;39;1;9556;1;1;160.0;1;37;37;9;6;120.0;0;0;0;1;0;0;31;0;0;7;21;5;10.9;3;0;8;21;3;11.7;1;12.7;3.7;-1.7;Dropout;0.4094;Prioritas;0.9617;Kritis;validasi silang
MHS3052;1;42;1;9147;1;1;139.0;1;3;38;2;5;112.3;1;0;0;1;0;0;19;0;0;5;8;2;11.5;0;0;5;10;3;10.857142857142858;0;10.8;1.4;1.74;Enrolled;0.4603;Prioritas;0.9583;Kritis;mahasiswa aktif
MHS3053;1;16;1;9085;1;1;138.0;1;37;37;9;9;123.0;1;0;0;1;0;1;20;0;0;6;7;6;15.857142857142858;0;0;6;6;6;16.0;0;13.9;-0.3;0.79;Graduate;0.0928;Aman;0.0306;Aman;validasi silang
MHS3054;1;17;1;9085;1;1;137.0;1;38;19;0;90;122.3;0;0;0;1;0;1;19;0;0;5;5;5;12.6;0;0;5;9;3;13.0;0;7.6;2.6;0.32;Dropout;0.1716;Aman;0.3581;Aman;data uji
MHS3055;1;17;1;9238;1;1;127.0;1;38;38;9;6;122.8;0;0;0;1;0;1;19;0;0;6;8;6;14.0;0;0;6;7;6;14.571428571428571;0;16.2;0.3;-0.92;Graduate;0.0356;Aman;0.0271;Aman;validasi silang
MHS3056;5;7;1;9130;1;3;160.0;1;19;38;9;6;160.0;0;0;0;0;0;0;27;0;1;5;8;3;14.666666666666666;2;0;5;7;2;13.0;2;10.8;1.4;1.74;Dropout;0.8826;Kritis;0.9668;Kritis;data uji
MHS3057;1;17;2;9773;1;1;132.0;1;19;19;9;6;120.1;1;0;0;1;0;1;18;0;0;6;6;6;13.666666666666666;0;0;6;6;6;14.0;0;8.9;1.4;3.51;Graduate;0.0623;Aman;0.0359;Aman;data uji
MHS3058;1;1;1;8014;0;1;126.0;1;34;34;0;0;142.4;0;0;0;1;0;0;32;0;0;6;0;0;0.0;0;0;6;0;0;0.0;0;7.6;2.6;0.32;Dropout;0.2284;Prioritas;0.979;Kritis;validasi silang
MHS3059;1;1;4;9500;1;1;133.0;1;38;19;8;7;127.3;1;0;0;1;0;0;18;0;0;8;8;7;12.628571428571428;0;0;8;8;7;12.628571428571428;0;12.7;3.7;-1.7;Graduate;0.2113;Aman;0.0283;Aman;validasi silang
MHS3060;1;1;3;9500;1;1;140.0;1;19;37;9;9;125.5;1;0;0;1;0;1;19;0;0;8;8;7;14.232857142857142;0;0;8;8;7;14.232857142857142;0;10.8;1.4;1.74;Graduate;0.0399;Aman;0.0277;Aman;validasi silang
MHS3061;1;1;2;9773;1;1;130.0;1;19;19;5;6;137.4;0;0;0;1;0;0;19;0;0;6;6;6;15.0;0;0;6;7;6;14.0;0;15.5;2.8;-4.06;Enrolled;0.1887;Aman;0.0335;Aman;mahasiswa aktif
MHS3062;1;17;2;9254;1;1;129.0;1;12;37;9;9;122.0;1;0;0;1;0;0;18;0;0;6;15;2;10.0;0;0;6;12;0;0.0;0;10.8;1.4;1.74;Dropout;0.4424;Prioritas;0.9795;Kritis;validasi silang
MHS3063;1;17;3;9670;1;1;110.0;1;19;1;4;4;107.5;1;0;0;1;0;1;18;0;0;6;11;4;12.25;0;0;6;10;4;11.0;0;12.7;3.7;-1.7;Dropout;0.1638;Aman;0.2608;Aman;data uji
MHS3064;1;39;1;9773;1;19;133.1;1;19;19;171;163;104.0;0;0;1;0;0;1;24;0;0;6;6;6;13.5;0;0;6;6;6;13.0;0;11.1;0.6;2.02;Graduate;0.9177;Kritis;0.3218;Aman;validasi silang
MHS3065;1;17;2;9238;1;1;132.0;1;38;1;7;7;133.1;1;0;0;1;0;1;19;0;0;6;8;5;12.2;0;0;6;7;6;11.5;0;9.4;-0.8;-3.12;Graduate;0.0882;Aman;0.0567;Aman;validasi silang
MHS3066;1;17;2;9254;1;1;115.0;1;19;19;9;7;113.3;1;0;1;1;0;0;21;0;0;6;0;0;0.0;0;0;6;0;0;0.0;0;11.1;0.6;2.02;Dropout;0.661;Kritis;0.9795;Kritis;validasi silang
MHS3067;1;44;1;9070;1;39;130.0;1;1;1;4;10;130.0;1;0;0;1;0;0;19;0;2;7;11;6;12.0;0;5;9;9;8;12.75;0;16.2;0.3;-0.92;Graduate;0.3364;Prioritas;0.1352;Aman;data uji
MHS3068;1;1;3;9500;1;1;140.0;6;2;3;5;2;124.3;1;0;0;1;0;0;19;1;0;7;9;5;12.32;0;0;7;9;5;11.9;0;12.4;0.5;1.79;Enrolled;0.0655;Aman;0.4874;Prioritas;mahasiswa aktif
MHS3069;1;39;1;9556;1;1;140.0;1;37;37;9;8;105.0;1;0;0;1;0;1;36;0;0;7;11;6;12.35;0;0;7;12;5;12.5;0;8.9;1.4;3.51;Graduate;0.2534;Prioritas;0.2523;Aman;validasi silang
MHS3070;1;39;1;9085;1;12;133.1;1;37;37;10;9;144.0;0;0;0;1;1;0;51;0;0;6;0;0;0.0;0;0;6;0;0;0.0;0;12.4;0.5;1.79;Dropout;0.7056;Kritis;0.9785;Kritis;validasi silang
MHS3071;1;1;3;9670;1;1;121.0;1;1;19;5;5;111.9;1;0;0;1;1;1;20;0;0;6;7;6;11.333333333333334;0;0;6;10;4;10.571428571428571;0;10.8;1.4;1.74;Enrolled;0.1279;Aman;0.2226;Aman;mahasiswa aktif
MHS3072;1;39;1;8014;0;38;133.1;1;1;1;4;4;107.5;0;0;1;0;1;0;29;0;0;6;6;0;0.0;0;0;5;5;0;0.0;0;8.9;1.4;3.51;Dropout;0.9811;Kritis;0.9789;Kritis;validasi silang
MHS3073;1;44;1;9238;1;39;130.0;1;1;19;4;5;127.4;0;0;1;0;1;0;27;0;3;6;8;5;11.6;0;2;6;9;5;12.0;0;13.9;-0.3;0.79;Dropout;0.9685;Kritis;0.9446;Kritis;validasi silang
MHS3074;1;39;1;9119;1;1;130.0;1;19;37;9;4;149.0;1;0;0;1;1;0;33;0;0;5;10;4;12.0;0;0;5;8;3;13.666666666666666;1;7.6;2.6;0.32;Enrolled;0.8066;Kritis;0.8455;Kritis;mahasiswa aktif
MHS3075;2;2;1;9147;1;2;120.0;1;37;37;9;9;120.0;0;0;0;0;1;0;57;0;12;15;17;12;11.75;0;9;14;16;9;12.22222222222222;0;9.4;-0.8;-3.12;Dropout;0.9747;Kritis;0.92;Kritis;validasi silang
MHS3076;1;1;1;9670;1;1;132.0;1;4;2;123;112;143.6;1;0;0;1;1;0;20;0;0;6;8;5;12.8;0;0;6;10;5;11.6;0;13.9;-0.3;0.79;Enrolled;0.1992;Aman;0.1696;Aman;mahasiswa aktif
MHS3077;1;39;1;9670;1;1;100.0;1;1;1;4;4;120.0;0;0;0;1;1;0;26;0;0;5;7;3;11.333333333333334;0;0;5;7;3;13.666666666666666;0;9.4;-0.8;-3.12;Dropout;0.6329;Prioritas;0.9409;Kritis;data uji
MHS3078;1;43;1;9119;1;1;130.0;1;1;1;9;2;128.0;0;0;1;0;1;0;27;0;0;5;5;0;0.0;0;0;5;7;0;0.0;0;13.9;-0.3;0.79;Enrolled;0.9921;Kritis;0.9801;Kritis;mahasiswa aktif
MHS3079;1;1;1;9670;1;1;129.0;1;1;37;4;9;118.2;0;0;0;1;1;0;19;0;0;5;5;5;10.8;0;0;5;5;4;12.25;0;9.4;-0.8;-3.12;Graduate;0.3208;Prioritas;0.0962;Aman;validasi silang
MHS3080;1;44;1;9085;1;39;160.0;1;12;38;4;8;160.0;1;0;0;1;1;0;23;0;1;6;10;5;12.5;0;1;6;8;2;13.5;0;12.4;0.5;1.79;Dropout;0.3911;Prioritas;0.9254;Kritis;validasi silang
MHS3081;1;39;1;9991;0;1;120.0;1;19;38;5;5;152.4;0;0;0;1;1;0;27;0;0;5;5;5;15.2;0;0;5;6;5;14.166666666666666;0;10.8;1.4;1.74;Graduate;0.6061;Prioritas;0.0434;Aman;validasi silang
MHS3082;1;1;6;9500;1;1;122.0;1;19;37;3;5;116.6;1;0;1;1;1;1;20;0;0;7;7;7;13.314285714285717;0;0;8;8;8;12.575;0;12.4;0.5;1.79;Graduate;0.2308;Prioritas;0.0456;Aman;validasi silang
MHS3083;1;18;1;9070;1;1;143.0;1;38;38;7;5;141.6;0;0;0;1;0;1;19;0;6;12;12;11;13.090909090909092;0;5;11;12;11;12.083333333333334;0;10.8;1.4;1.74;Graduate;0.0432;Aman;0.0323;Aman;validasi silang
MHS3084;1;1;1;9130;1;1;110.0;1;3;19;2;9;105.5;1;0;1;0;0;0;19;0;0;6;0;0;0.0;0;0;6;0;0;0.0;0;11.1;0.6;2.02;Dropout;0.9534;Kritis;0.9792;Kritis;validasi silang
MHS3085;1;1;1;9070;1;1;124.0;1;37;19;9;3;116.3;1;0;0;1;0;0;20;0;0;6;8;5;12.2;0;0;6;6;6;11.5;0;16.2;0.3;-0.92;Graduate;0.1959;Aman;0.0483;Aman;validasi silang
MHS3086;2;7;1;9147;1;3;110.0;1;19;1;9;9;110.0;0;0;0;1;0;0;33;0;5;8;10;6;12.833333333333334;0;2;5;8;4;12.0;0;11.1;0.6;2.02;Enrolled;0.5903;Prioritas;0.4623;Prioritas;mahasiswa aktif
MHS3087;1;43;1;9991;0;1;130.0;1;37;37;9;9;119.5;1;0;0;1;0;0;22;0;9;15;17;15;11.2;0;9;14;15;14;12.428571428571429;0;7.6;2.6;0.32;Graduate;0.2788;Prioritas;0.085;Aman;validasi silang
MHS3088;1;1;6;9147;1;1;139.0;1;19;12;4;4;125.0;1;0;0;1;0;0;18;0;0;5;8;3;12.333333333333334;0;0;5;7;4;12.0;0;7.6;2.6;0.32;Graduate;0.3193;Prioritas;0.1879;Aman;validasi silang
MHS3089;5;39;1;9500;1;3;140.0;1;37;38;9;9;160.0;0;0;0;1;0;0;27;0;0;8;8;7;15.94285714285714;0;0;8;8;7;15.94285714285714;0;12.7;3.7;-1.7;Graduate;0.1831;Aman;0.0733;Aman;data uji
MHS3090;1;39;1;9991;0;1;150.0;1;37;37;9;7;150.0;0;0;0;1;0;0;27;0;0;5;0;0;0.0;0;0;5;0;0;0.0;0;15.5;2.8;-4.06;Dropout;0.4693;Prioritas;0.9799;Kritis;validasi silang
MHS3091;1;1;1;9238;1;1;123.0;1;37;37;9;9;115.0;1;0;0;1;0;0;19;0;0;6;10;4;10.25;0;0;6;8;6;10.714285714285714;0;11.1;0.6;2.02;Graduate;0.1116;Aman;0.067;Aman;validasi silang
MHS3092;1;17;1;9853;1;1;128.0;1;38;38;9;7;128.4;1;0;0;1;0;1;20;0;0;6;10;5;13.2;0;0;6;12;5;12.833333333333334;0;9.4;-0.8;-3.12;Enrolled;0.2159;Aman;0.1069;Aman;mahasiswa aktif
MHS3093;1;1;1;8014;0;1;100.0;1;38;19;6;10;112.8;0;0;0;1;0;1;23;0;0;6;6;6;14.166666666666666;0;0;6;6;6;12.5;0;12.7;3.7;-1.7;Graduate;0.0232;Aman;0.032;Aman;validasi silang
MHS3094;1;43;1;9500;1;1;148.0;1;29;38;90;3;131.0;1;0;0;1;0;1;22;0;18;23;23;20;14.575;3;18;23;23;20;14.575;3;7.6;2.6;0.32;Graduate;0.0737;Aman;0.0881;Aman;data uji
MHS3095;1;17;2;9254;1;1;130.0;1;19;19;7;7;121.6;1;0;0;1;0;1;18;0;0;6;9;1;10.0;1;0;6;6;0;0.0;0;12.7;3.7;-1.7;Dropout;0.1784;Aman;0.9769;Kritis;validasi silang
MHS3096;1;1;4;9238;1;1;118.0;1;19;38;9;9;110.0;0;0;0;1;0;1;18;0;0;6;7;6;12.285714285714286;0;0;6;8;6;11.428571428571429;0;12.4;0.5;1.79;Graduate;0.0472;Aman;0.0281;Aman;validasi silang
MHS3097;1;39;1;8014;0;1;120.0;1;38;38;9;9;148.5;0;0;0;1;0;1;31;0;0;6;6;6;14.0;0;0;6;6;6;12.333333333333334;0;10.8;1.4;1.74;Graduate;0.0509;Aman;0.0309;Aman;validasi silang
MHS3098;1;17;4;9773;1;1;119.0;1;38;19;9;9;118.3;0;0;0;1;0;0;19;0;0;6;8;4;11.25;0;0;6;0;0;0.0;0;15.5;2.8;-4.06;Dropout;0.3865;Prioritas;0.976;Kritis;validasi silang
MHS3099;1;1;1;9238;1;1;138.0;1;37;37;9;9;135.9;1;0;0;1;0;0;19;0;0;6;11;5;11.6;0;0;6;11;6;11.666666666666666;0;7.6;2.6;0.32;Enrolled;0.0817;Aman;0.0423;Aman;mahasiswa aktif
MHS3100;1;17;1;8014;0;1;127.0;1;19;37;4;7;115.8;0;0;0;1;0;0;24;0;0;6;12;1;12.0;0;0;6;12;0;0.0;0;10.8;1.4;1.74;Dropout;0.1753;Aman;0.9795;Kritis;validasi silang
MHS3101;1;1;1;9500;1;1;134.0;1;38;19;3;10;121.2;0;0;0;1;0;0;19;0;0;7;10;7;13.47;0;0;8;8;8;13.32625;0;15.5;2.8;-4.06;Graduate;0.0931;Aman;0.0278;Aman;validasi silang
MHS3102;1;17;4;9147;1;1;133.0;1;1;1;4;5;136.2;1;0;0;1;0;0;19;0;0;5;6;5;12.4;0;0;5;5;5;12.8;0;7.6;2.6;0.32;Graduate;0.322;Prioritas;0.067;Aman;validasi silang
MHS3103;1;39;1;9670;1;1;133.1;1;37;37;9;9;100.2;1;0;0;0;0;0;26;0;0;6;9;3;11.75;0;0;6;11;4;11.5;3;16.2;0.3;-0.92;Dropout;0.9445;Kritis;0.9681;Kritis;validasi silang
MHS3104;1;1;1;171;1;1;180.0;41;37;37;9;9;152.7;1;0;1;0;1;0;27;1;0;0;0;0;0.0;0;0;0;0;0;0.0;0;7.6;2.6;0.32;Dropout;0.9333;Kritis;0.8933;Kritis;data uji
MHS3105;1;17;4;9238;1;1;129.0;1;19;19;4;7;123.1;1;0;0;1;0;0;19;0;0;6;7;6;12.0;0;0;6;7;6;12.428571428571429;0;11.1;0.6;2.02;Graduate;0.1932;Aman;0.055;Aman;data uji
MHS3106;2;39;1;9085;1;1;120.0;1;19;19;1;4;130.0;0;0;0;1;0;0;29;0;0;5;8;5;15.333333333333334;2;0;5;6;5;15.4;0;9.4;-0.8;-3.12;Dropout;0.3345;Prioritas;0.0929;Aman;validasi silang
MHS3107;1;1;6;9500;1;1;141.0;1;1;38;4;5;125.0;1;0;0;1;0;1;18;0;0;8;8;8;12.32;0;0;8;8;8;12.32;0;9.4;-0.8;-3.12;Graduate;0.0335;Aman;0.0407;Aman;validasi silang
MHS3108;1;1;1;9500;1;1;118.0;1;1;19;9;10;113.1;1;0;0;1;0;0;19;0;0;7;7;7;13.79857142857143;0;0;8;8;8;14.75625;0;11.1;0.6;2.02;Graduate;0.1078;Aman;0.0294;Aman;validasi silang
MHS3109;1;1;5;9773;1;1;127.0;1;38;1;4;5;121.1;1;0;0;1;0;0;18;0;0;6;6;6;13.166666666666666;0;0;6;6;6;12.5;0;15.5;2.8;-4.06;Enrolled;0.322;Prioritas;0.0457;Aman;mahasiswa aktif
MHS3110;1;1;1;9147;1;1;177.0;1;1;38;3;9;162.3;0;0;0;1;0;1;18;0;0;5;6;5;16.333333333333332;0;0;5;5;5;15.4;0;15.5;2.8;-4.06;Graduate;0.0612;Aman;0.0323;Aman;validasi silang
MHS3111;1;42;1;171;1;1;132.0;1;1;1;1;4;132.0;1;0;0;1;0;0;19;0;0;0;0;0;0.0;0;0;0;0;0;0.0;0;12.7;3.7;-1.7;Dropout;0.5553;Prioritas;0.6236;Prioritas;validasi silang
MHS3112;1;17;4;9500;1;1;133.0;1;4;4;4;4;130.7;1;0;0;1;0;0;19;0;0;7;7;7;14.757142857142856;0;0;8;9;8;15.366666666666667;0;12.4;0.5;1.79;Graduate;0.244;Prioritas;0.1829;Aman;validasi silang
MHS3113;1;17;4;9254;1;1;124.0;1;1;1;4;4;122.3;1;0;0;1;0;0;19;0;0;6;7;6;11.666666666666666;0;0;6;6;6;12.333333333333334;0;13.9;-0.3;0.79;Dropout;0.5094;Prioritas;0.0409;Aman;validasi silang
MHS3114;1;1;1;9670;1;1;143.0;1;3;38;2;9;144.1;1;0;0;1;0;0;19;0;0;6;7;5;12.6;0;0;6;10;5;12.375;0;10.8;1.4;1.74;Enrolled;0.1227;Aman;0.0697;Aman;mahasiswa aktif
MHS3115;1;1;1;9773;1;1;128.0;1;1;19;9;7;118.2;0;0;0;1;0;0;19;0;0;6;6;6;11.666666666666666;0;0;6;6;6;11.5;0;12.7;3.7;-1.7;Graduate;0.2197;Aman;0.0418;Aman;validasi silang
MHS3116;1;1;1;9238;1;1;138.0;1;19;38;5;8;133.5;0;0;0;1;0;1;19;0;0;6;6;6;15.0;0;0;6;6;6;13.333333333333334;0;8.9;1.4;3.51;Graduate;0.0324;Aman;0.0305;Aman;validasi silang
MHS3117;1;1;5;9500;1;1;144.0;1;37;37;7;9;126.8;1;0;1;0;0;0;18;0;0;7;0;0;0.0;0;0;8;0;0;0.0;0;9.4;-0.8;-3.12;Dropout;0.855;Kritis;0.979;Kritis;validasi silang
MHS3118;1;1;4;9773;1;1;122.0;1;19;19;9;7;121.0;1;0;0;1;0;0;20;0;0;6;7;6;13.571428571428571;0;0;6;6;6;13.333333333333334;0;13.9;-0.3;0.79;Graduate;0.3116;Prioritas;0.045;Aman;validasi silang
MHS3119;1;17;1;9254;1;1;111.0;1;19;19;3;10;117.7;0;0;0;1;0;0;20;0;0;6;8;5;10.8;0;0;6;9;4;11.5;0;9.4;-0.8;-3.12;Graduate;0.3295;Prioritas;0.1166;Aman;validasi silang
MHS3120;1;1;1;9085;1;1;133.1;1;38;37;1;1;115.0;1;0;0;1;0;0;21;0;0;5;8;3;11.333333333333334;1;0;5;8;3;13.333333333333334;0;12.7;3.7;-1.7;Enrolled;0.2153;Aman;0.753;Kritis;mahasiswa aktif
MHS3121;2;1;1;9991;0;2;120.0;1;37;37;6;3;129.2;0;0;0;1;0;0;31;0;4;10;16;5;11.4;0;4;10;10;6;12.833333333333334;0;9.4;-0.8;-3.12;Dropout;0.3067;Prioritas;0.884;Kritis;validasi silang
MHS3122;1;1;1;9556;1;1;135.0;1;37;38;7;9;125.8;0;0;0;1;0;1;20;0;0;7;14;7;10.642857142857142;0;0;8;8;8;11.55;0;12.7;3.7;-1.7;Graduate;0.0864;Aman;0.0327;Aman;validasi silang
MHS3123;1;17;5;9670;1;1;125.0;1;19;30;7;7;118.4;1;0;0;1;0;1;19;0;0;5;8;3;10.5;0;0;5;6;4;11.75;1;7.6;2.6;0.32;Enrolled;0.156;Aman;0.2084;Aman;mahasiswa aktif
MHS3124;1;1;1;9500;1;1;147.0;1;38;38;9;9;142.0;1;0;0;1;0;0;18;0;0;7;7;6;14.65;0;0;7;7;6;14.65;0;7.6;2.6;0.32;Graduate;0.0731;Aman;0.0269;Aman;validasi silang
MHS3125;1;17;3;9500;1;1;137.0;1;19;37;7;7;126.7;1;0;0;1;0;1;19;0;0;7;7;7;13.714285714285714;0;0;8;11;8;14.863636363636363;0;16.2;0.3;-0.92;Graduate;0.1213;Aman;0.0623;Aman;validasi silang
MHS3126;1;43;1;9238;1;1;117.0;1;34;34;0;0;109.3;0;0;0;1;0;0;30;0;9;16;19;15;12.266666666666667;0;11;13;14;13;12.071428571428571;0;9.4;-0.8;-3.12;Graduate;0.5972;Prioritas;0.0744;Aman;validasi silang
MHS3127;1;17;1;9238;1;1;126.0;1;37;19;9;8;116.9;1;0;0;1;0;0;21;0;0;6;11;6;10.375;0;0;6;12;3;11.666666666666666;0;12.7;3.7;-1.7;Enrolled;0.1963;Aman;0.3322;Aman;mahasiswa aktif
MHS3128;1;18;1;9147;1;1;128.0;1;19;19;9;5;121.7;1;0;0;1;0;0;19;0;0;5;8;5;11.0;0;0;5;6;5;15.4;0;12.4;0.5;1.79;Graduate;0.3598;Prioritas;0.0576;Aman;validasi silang
MHS3129;1;1;6;9147;1;1;115.0;1;1;37;4;9;117.1;1;0;1;1;0;0;22;0;0;5;5;5;13.8;0;0;5;5;5;13.0;0;7.6;2.6;0.32;Graduate;0.5896;Prioritas;0.1184;Aman;validasi silang
MHS3130;1;1;1;9773;1;1;121.0;1;1;38;4;9;114.4;0;0;0;1;0;1;18;0;0;6;6;6;12.666666666666666;0;0;6;6;6;12.833333333333334;0;11.1;0.6;2.02;Graduate;0.0631;Aman;0.0407;Aman;validasi silang
MHS3131;1;17;1;9238;1;1;134.0;1;3;1;3;4;133.0;1;0;0;1;0;0;18;0;0;6;8;6;11.75;0;0;6;10;5;12.0;0;12.7;3.7;-1.7;Graduate;0.2081;Aman;0.0584;Aman;validasi silang
MHS3132;1;1;3;9500;1;1;126.0;1;38;38;9;8;118.8;1;0;0;1;0;1;19;0;0;8;8;7;12.785714285714286;0;0;8;8;7;12.785714285714286;0;12.7;3.7;-1.7;Graduate;0.0258;Aman;0.0286;Aman;validasi silang
MHS3133;1;1;1;9130;1;1;151.0;1;3;1;2;4;151.0;1;0;0;1;0;0;18;0;0;6;11;6;14.444444444444445;0;0;6;6;6;13.333333333333334;0;16.2;0.3;-0.92;Graduate;0.4697;Prioritas;0.0563;Aman;validasi silang
MHS3134;1;1;6;9500;1;1;122.0;1;1;1;4;4;119.6;1;0;0;1;0;0;21;0;0;7;8;6;13.25;0;0;8;8;8;13.8375;0;13.9;-0.3;0.79;Enrolled;0.2239;Prioritas;0.052;Aman;mahasiswa aktif
MHS3135;1;17;1;9500;1;1;141.0;1;2;38;2;10;135.4;1;0;0;1;0;0;18;0;0;7;9;7;12.50625;0;0;8;15;5;13.2;0;13.9;-0.3;0.79;Enrolled;0.1182;Aman;0.1541;Aman;mahasiswa aktif
MHS3136;1;1;1;171;1;1;138.0;1;1;40;4;3;149.9;1;0;0;1;0;0;20;0;0;0;0;0;0.0;0;0;0;0;0;0.0;0;11.1;0.6;2.02;Graduate;0.331;Prioritas;0.4203;Prioritas;validasi silang
MHS3137;1;1;1;9085;1;1;133.0;1;38;37;9;7;120.1;1;0;0;1;0;0;18;0;0;5;8;4;12.75;1;0;5;10;4;11.75;0;12.7;3.7;-1.7;Graduate;0.1714;Aman;0.0611;Aman;validasi silang
MHS3138;1;39;1;9085;1;3;150.0;1;2;3;4;7;173.3;1;0;0;1;0;0;25;0;1;6;7;6;16.857142857142858;0;1;6;6;6;16.5;0;13.9;-0.3;0.79;Graduate;0.3791;Prioritas;0.0833;Aman;validasi silang
MHS3139;1;1;1;9773;1;1;136.0;1;19;19;4;3;126.2;0;0;0;1;0;0;19;0;0;6;6;6;13.166666666666666;0;0;6;6;6;15.0;0;16.2;0.3;-0.92;Graduate;0.3082;Prioritas;0.0417;Aman;validasi silang
MHS3140;1;1;1;9853;1;1;129.0;1;19;38;2;7;126.9;1;0;0;1;0;1;19;0;0;6;9;5;12.2;0;0;6;10;4;11.5;0;7.6;2.6;0.32;Enrolled;0.1554;Aman;0.2599;Aman;mahasiswa aktif
MHS3141;1;39;1;9085;1;1;128.0;1;19;1;9;10;157.4;1;0;0;1;0;0;26;0;0;6;7;6;16.5;0;0;6;8;6;14.285714285714286;0;8.9;1.4;3.51;Graduate;0.2573;Prioritas;0.0591;Aman;data uji
MHS3142;1;17;2;9147;1;1;131.0;1;1;19;4;5;120.2;1;0;0;1;0;0;21;0;0;5;10;4;11.75;0;0;5;6;5;11.6;0;12.4;0.5;1.79;Graduate;0.4433;Prioritas;0.0489;Aman;validasi silang
MHS3143;1;1;1;9147;1;1;130.0;1;38;38;2;9;124.8;0;0;0;1;0;0;19;0;0;5;14;1;11.0;0;0;5;6;0;0.0;0;13.9;-0.3;0.79;Dropout;0.2963;Prioritas;0.9794;Kritis;validasi silang
MHS3144;1;17;1;9500;1;1;150.0;1;37;37;9;9;130.3;0;0;0;1;0;1;19;0;0;8;8;7;15.114285714285714;0;0;8;8;7;15.114285714285714;0;12.7;3.7;-1.7;Graduate;0.0403;Aman;0.0298;Aman;validasi silang
MHS3145;1;1;1;9238;1;1;165.0;1;37;38;9;8;152.4;1;0;0;1;0;1;18;0;0;6;8;6;15.5;0;0;6;7;6;14.285714285714286;0;16.2;0.3;-0.92;Graduate;0.0305;Aman;0.0309;Aman;data uji
MHS3146;2;43;1;9991;0;1;133.1;1;37;37;9;7;113.5;0;0;0;1;0;1;32;0;3;10;12;7;11.142857142857142;0;4;10;10;8;12.0;0;10.8;1.4;1.74;Graduate;0.0945;Aman;0.1827;Aman;validasi silang
MHS3147;1;1;1;9238;1;1;126.0;1;3;1;5;5;125.7;0;0;0;1;0;1;18;0;0;6;6;6;11.333333333333334;0;0;6;8;6;11.333333333333334;0;15.5;2.8;-4.06;Graduate;0.0538;Aman;0.0462;Aman;validasi silang
MHS3148;1;1;5;9500;1;1;101.0;1;1;1;3;4;102.4;0;0;0;1;0;0;20;0;0;7;9;5;12.04;0;0;7;9;6;11.77142857142857;0;12.4;0.5;1.79;Enrolled;0.1827;Aman;0.1731;Aman;mahasiswa aktif
MHS3149;1;17;3;9147;1;1;125.0;1;38;19;7;7;125.7;0;0;0;1;0;0;20;0;0;5;7;5;11.166666666666666;0;0;5;9;4;10.75;0;15.5;2.8;-4.06;Enrolled;0.5019;Prioritas;0.0971;Aman;mahasiswa aktif
MHS3150;4;39;1;9670;1;1;100.0;1;37;37;4;10;120.0;0;0;1;1;0;1;39;0;0;5;6;5;10.6;0;0;5;7;4;10.75;0;9.4;-0.8;-3.12;Graduate;0.4432;Prioritas;0.2657;Aman;validasi silang
MHS3151;1;1;1;9130;1;1;117.0;1;1;1;9;9;109.3;1;0;0;1;0;0;20;0;0;5;10;4;12.5;0;0;5;12;2;13.0;0;12.7;3.7;-1.7;Enrolled;0.4317;Prioritas;0.9367;Kritis;mahasiswa aktif
MHS3152;1;1;1;171;1;1;159.0;1;3;1;4;4;162.2;1;0;1;0;0;0;18;0;0;0;0;0;0.0;0;0;0;0;0;0.0;0;12.4;0.5;1.79;Dropout;0.935;Kritis;0.7085;Kritis;validasi silang
MHS3153;1;17;1;9773;1;1;177.0;1;2;1;123;135;155.7;0;0;1;1;0;1;18;0;0;6;6;6;15.666666666666666;0;0;6;6;6;13.833333333333334;0;8.9;1.4;3.51;Graduate;0.1203;Aman;0.0505;Aman;validasi silang
MHS3154;1;1;1;171;1;1;156.0;1;3;3;2;2;147.7;1;0;0;1;0;0;21;0;6;12;12;12;15.333333333333334;0;4;11;15;11;15.0;0;8.9;1.4;3.51;Graduate;0.2079;Aman;0.0374;Aman;data uji
MHS3155;1;1;5;9500;1;1;125.0;1;1;1;3;8;115.6;1;0;0;1;0;0;18;0;0;7;9;6;12.183333333333332;0;0;7;9;6;11.783333333333331;0;16.2;0.3;-0.92;Enrolled;0.1734;Aman;0.0926;Aman;mahasiswa aktif
MHS3156;1;1;2;9147;1;1;130.0;1;37;37;9;9;117.8;0;0;0;1;0;0;18;0;0;5;8;2;10.0;0;0;5;9;3;11.333333333333334;0;7.6;2.6;0.32;Enrolled;0.2624;Prioritas;0.9492;Kritis;mahasiswa aktif
MHS3157;1;43;1;9003;1;1;125.0;1;1;38;4;7;125.0;1;0;0;1;0;0;21;0;9;14;23;9;12.0;2;6;12;21;8;11.25;0;15.5;2.8;-4.06;Graduate;0.2047;Aman;0.7221;Kritis;validasi silang
MHS3158;1;1;1;9147;1;1;127.0;1;19;19;5;5;129.8;1;0;0;1;0;0;22;0;0;5;8;3;10.333333333333334;0;0;5;11;2;10.0;0;7.6;2.6;0.32;Dropout;0.3017;Prioritas;0.9714;Kritis;validasi silang
MHS3159;1;17;1;9254;1;1;121.0;1;1;1;4;4;123.1;1;0;0;1;1;0;21;0;0;6;11;6;11.166666666666666;0;0;6;14;3;14.666666666666666;0;7.6;2.6;0.32;Enrolled;0.5996;Prioritas;0.4128;Prioritas;mahasiswa aktif
MHS3160;1;43;1;9070;1;1;135.0;1;19;19;9;9;122.8;1;0;0;1;1;1;20;0;0;6;8;3;11.0;0;0;6;8;2;11.333333333333334;0;10.8;1.4;1.74;Enrolled;0.1131;Aman;0.9353;Kritis;mahasiswa aktif
MHS3161;1;1;2;171;1;1;125.0;1;38;19;9;9;117.3;1;0;0;1;1;1;21;0;0;0;0;0;0.0;0;0;0;0;0;0.0;0;10.8;1.4;1.74;Graduate;0.1476;Aman;0.3375;Aman;validasi silang
MHS3162;1;1;1;9254;1;1;138.0;41;1;1;9;9;126.5;1;0;0;1;0;1;20;1;0;6;7;6;12.857142857142858;0;0;6;8;5;11.8;0;8.9;1.4;3.51;Graduate;0.0734;Aman;0.0908;Aman;validasi silang
MHS3163;1;1;4;9500;1;1;136.0;1;19;38;9;9;123.0;1;0;0;1;0;0;19;0;0;8;8;7;14.328571428571427;0;0;8;8;7;14.328571428571427;0;10.8;1.4;1.74;Graduate;0.0931;Aman;0.0316;Aman;validasi silang
MHS3164;1;1;1;9238;1;1;142.0;1;1;38;5;7;127.7;0;0;0;1;0;1;20;0;0;6;7;6;15.0;0;0;6;6;6;16.333333333333332;0;13.9;-0.3;0.79;Graduate;0.0504;Aman;0.0275;Aman;validasi silang
MHS3165;1;1;1;9085;1;1;129.0;1;19;37;9;9;117.5;1;0;0;1;0;0;19;0;0;5;9;5;13.6;1;0;5;5;5;12.4;0;12.7;3.7;-1.7;Graduate;0.2173;Aman;0.0324;Aman;data uji
MHS3166;1;1;1;9085;1;1;134.0;1;1;1;2;7;128.4;1;0;0;1;0;1;18;0;0;5;12;5;12.857142857142858;2;0;5;8;4;13.25;0;9.4;-0.8;-3.12;Graduate;0.0693;Aman;0.0661;Aman;data uji
MHS3167;1;17;2;9853;1;1;123.0;1;3;1;2;3;124.1;1;0;0;1;0;0;18;0;0;6;7;2;14.5;0;0;6;6;1;10.0;0;15.5;2.8;-4.06;Dropout;0.584;Prioritas;0.9728;Kritis;validasi silang
MHS3168;1;39;1;9991;0;1;150.0;1;19;38;9;8;140.9;0;1;0;1;0;0;24;0;0;5;7;3;10.666666666666666;0;0;5;7;3;10.5;0;10.8;1.4;1.74;Dropout;0.4752;Prioritas;0.8658;Kritis;validasi silang
MHS3169;1;1;1;9254;1;1;129.0;1;1;1;4;2;126.2;0;0;1;0;0;1;21;0;0;6;7;6;13.428571428571429;0;0;6;8;6;11.333333333333334;0;8.9;1.4;3.51;Dropout;0.7105;Kritis;0.3908;Aman;validasi silang
MHS3170;1;1;3;9500;1;1;134.0;1;1;37;8;7;120.5;1;0;0;1;1;1;18;0;0;7;12;7;11.716666666666663;0;0;8;13;4;10.868;0;15.5;2.8;-4.06;Graduate;0.1507;Aman;0.3365;Aman;validasi silang
MHS3171;1;17;1;9147;1;1;127.0;1;1;37;4;8;121.1;1;0;0;1;1;1;20;0;0;5;11;4;12.0;0;0;5;5;5;12.8;0;11.1;0.6;2.02;Graduate;0.2641;Prioritas;0.0572;Aman;data uji
MHS3172;1;18;2;9853;1;1;123.0;1;1;3;9;2;123.7;1;0;1;0;0;0;20;0;0;6;11;5;13.2;0;0;6;8;4;10.75;0;10.8;1.4;1.74;Dropout;0.9796;Kritis;0.969;Kritis;data uji
MHS3173;1;17;3;9254;1;1;127.0;1;12;38;5;7;116.9;1;0;1;1;0;0;18;0;0;6;7;5;12.2;0;0;6;10;4;12.25;0;12.4;0.5;1.79;Dropout;0.7175;Kritis;0.4619;Prioritas;validasi silang
MHS3174;1;39;1;9556;1;1;133.1;1;38;19;9;6;100.0;1;0;0;1;0;1;25;0;0;7;11;5;12.58;0;0;7;9;6;12.157142857142857;0;8.9;1.4;3.51;Graduate;0.1636;Aman;0.117;Aman;data uji
MHS3175;1;17;5;9238;1;1;131.0;1;19;37;5;7;120.2;1;0;0;1;0;1;19;0;0;6;9;5;11.333333333333334;0;0;6;6;6;10.833333333333334;0;13.9;-0.3;0.79;Enrolled;0.0971;Aman;0.0416;Aman;mahasiswa aktif
MHS3176;2;39;1;33;1;1;120.0;1;38;1;9;5;153.8;0;0;1;1;1;0;35;0;0;7;9;0;0.0;0;0;7;8;0;0.0;0;11.1;0.6;2.02;Dropout;0.6339;Prioritas;0.9773;Kritis;validasi silang
MHS3177;1;1;4;9500;1;1;133.0;1;19;19;9;5;120.1;1;0;0;1;0;1;19;0;0;7;9;6;12.428571428571429;0;0;8;8;8;14.0;0;13.9;-0.3;0.79;Graduate;0.0401;Aman;0.0462;Aman;validasi silang
MHS3178;1;1;1;9670;1;1;133.0;1;38;38;9;9;128.1;1;0;0;1;1;1;18;0;0;6;6;6;13.0;0;0;6;6;6;13.0;0;13.9;-0.3;0.79;Dropout;0.0771;Aman;0.0376;Aman;validasi silang
MHS3179;1;1;1;9500;1;1;143.0;1;3;19;3;10;126.8;0;0;0;1;1;0;19;0;0;8;8;7;14.535714285714286;0;0;8;8;7;14.535714285714286;0;10.8;1.4;1.74;Graduate;0.1201;Aman;0.0282;Aman;validasi silang
MHS3180;1;43;1;9500;1;1;140.0;1;19;38;9;7;125.7;1;0;0;1;1;1;19;0;0;7;8;5;11.2;0;0;7;8;5;11.2;0;7.6;2.6;0.32;Enrolled;0.0632;Aman;0.3793;Aman;mahasiswa aktif
MHS3181;1;17;1;9070;1;1;157.0;1;3;3;3;3;146.2;0;0;0;1;1;0;18;0;0;6;6;6;16.0;0;0;6;6;6;13.666666666666666;0;12.4;0.5;1.79;Graduate;0.3286;Prioritas;0.0402;Aman;validasi silang
MHS3182;1;39;1;9130;1;19;133.1;1;19;3;9;2;140.0;1;0;1;1;1;0;24;0;0;6;13;5;13.142857142857142;0;0;6;15;3;12.666666666666666;0;16.2;0.3;-0.92;Dropout;0.8809;Kritis;0.9182;Kritis;validasi silang
MHS3183;1;43;1;8014;0;1;145.0;6;34;34;0;0;134.5;1;0;0;1;1;0;25;1;8;14;23;11;11.6875;0;6;10;20;8;11.142857142857142;0;9.4;-0.8;-3.12;Graduate;0.6147;Prioritas;0.4548;Prioritas;validasi silang
MHS3184;1;39;1;9119;1;1;130.0;1;37;3;9;3;137.0;1;0;0;1;1;0;28;0;0;5;11;4;10.5;0;0;5;12;4;11.0;4;7.6;2.6;0.32;Enrolled;0.7713;Kritis;0.5677;Prioritas;mahasiswa aktif
MHS3185;1;1;1;9085;1;1;111.0;1;1;38;5;9;107.5;0;0;0;1;1;1;19;0;0;6;9;6;13.833333333333334;0;0;6;12;5;13.666666666666666;0;11.1;0.6;2.02;Graduate;0.1057;Aman;0.0753;Aman;validasi silang
MHS3186;1;17;2;9119;1;1;116.0;1;19;1;9;7;112.2;0;0;0;1;1;0;19;0;0;5;0;0;0.0;0;0;5;0;0;0.0;0;16.2;0.3;-0.92;Dropout;0.8091;Kritis;0.9793;Kritis;validasi silang
MHS3187;1;39;1;9130;1;10;133.1;1;12;36;90;90;128.2;0;0;0;0;1;1;30;0;0;5;13;0;0.0;3;0;5;5;0;0.0;5;9.4;-0.8;-3.12;Dropout;0.9836;Kritis;0.9782;Kritis;validasi silang
MHS3188;1;1;1;9500;1;1;135.0;1;19;19;4;5;126.8;1;0;0;1;1;0;19;0;0;7;9;0;0.0;0;0;7;8;0;0.0;0;15.5;2.8;-4.06;Dropout;0.2539;Prioritas;0.9791;Kritis;validasi silang
MHS3189;1;17;1;9147;1;1;145.0;1;19;38;4;4;132.1;1;0;0;1;1;0;21;0;0;5;10;1;10.0;0;0;5;5;0;0.0;0;11.1;0.6;2.02;Dropout;0.5867;Prioritas;0.9795;Kritis;validasi silang
MHS3190;1;1;1;171;1;1;118.0;1;37;37;3;5;110.0;0;0;0;1;1;0;19;0;0;0;0;0;0.0;0;0;0;0;0;0.0;0;13.9;-0.3;0.79;Dropout;0.4958;Prioritas;0.859;Kritis;validasi silang
MHS3191;1;39;1;9003;1;1;130.0;1;19;19;9;5;100.0;0;0;0;0;1;0;29;0;0;6;9;0;0.0;0;0;6;6;0;0.0;0;13.9;-0.3;0.79;Dropout;0.9546;Kritis;0.9795;Kritis;validasi silang
MHS3192;1;1;1;9670;1;1;115.0;1;19;37;9;9;114.3;0;0;0;1;1;0;18;0;0;6;7;4;12.6;0;0;6;6;4;13.0;0;12.4;0.5;1.79;Dropout;0.3109;Prioritas;0.6249;Prioritas;data uji
MHS3193;1;1;2;9147;1;1;122.0;1;1;38;4;5;116.4;0;0;0;1;1;0;21;0;0;5;10;3;11.25;0;0;5;9;3;11.0;0;15.5;2.8;-4.06;Enrolled;0.5146;Prioritas;0.9556;Kritis;mahasiswa aktif
MHS3194;1;42;1;9070;1;1;120.0;1;3;2;3;1;116.9;0;0;0;1;1;0;20;0;6;7;13;7;12.375;0;4;7;8;4;11.25;0;13.9;-0.3;0.79;Dropout;0.5412;Prioritas;0.4851;Prioritas;validasi silang
MHS3195;1;51;1;9991;0;1;120.0;1;38;3;5;3;128.2;0;0;1;1;1;0;24;0;3;10;15;7;10.714285714285714;0;3;10;11;9;12.555555555555555;0;12.4;0.5;1.79;Enrolled;0.715;Kritis;0.635;Prioritas;mahasiswa aktif
MHS3196;1;17;2;9773;1;1;120.0;1;1;1;2;5;127.0;1;0;0;0;1;0;18;0;0;6;6;0;0.0;0;0;6;0;0;0.0;0;8.9;1.4;3.51;Dropout;0.8953;Kritis;0.9783;Kritis;validasi silang
MHS3197;1;42;1;9003;1;1;140.0;1;1;3;4;2;140.0;1;0;0;1;1;0;23;0;0;6;14;5;12.0;0;0;6;12;5;12.142857142857142;0;15.5;2.8;-4.06;Enrolled;0.3719;Prioritas;0.1785;Aman;mahasiswa aktif
MHS3198;1;1;6;9147;1;1;127.0;1;1;19;1;6;120.0;1;0;0;1;1;0;19;0;0;5;6;5;12.6;0;0;5;8;3;12.666666666666666;0;8.9;1.4;3.51;Graduate;0.5373;Prioritas;0.3962;Aman;validasi silang
MHS3199;1;7;1;9254;1;3;110.0;1;19;19;3;3;110.0;0;0;0;1;1;0;35;0;0;6;7;0;0.0;0;0;6;6;0;0.0;0;16.2;0.3;-0.92;Dropout;0.7947;Kritis;0.9799;Kritis;validasi silang
MHS3200;1;1;1;9500;1;1;148.0;1;1;1;9;9;127.0;1;0;0;1;1;0;20;0;0;8;8;7;12.84142857142857;0;0;8;8;7;12.84142857142857;0;10.8;1.4;1.74;Graduate;0.2215;Prioritas;0.0302;Aman;validasi silang
MHS3201;2;39;1;9238;1;42;170.0;1;19;38;8;8;159.5;0;0;0;1;1;0;33;0;0;6;6;0;0.0;0;0;5;5;0;0.0;0;8.9;1.4;3.51;Dropout;0.3425;Prioritas;0.9789;Kritis;validasi silang
MHS3202;1;1;1;9773;1;1;146.0;1;1;3;4;1;135.2;1;0;0;1;1;0;18;0;0;6;7;6;14.166666666666666;0;0;6;6;6;12.833333333333334;0;9.4;-0.8;-3.12;Graduate;0.34;Prioritas;0.0541;Aman;validasi silang
MHS3203;1;1;1;9773;1;1;127.0;1;5;3;4;4;122.8;1;0;0;1;1;0;20;0;0;6;7;6;12.166666666666666;0;0;6;9;3;12.0;0;12.4;0.5;1.79;Enrolled;0.4629;Prioritas;0.2566;Aman;mahasiswa aktif
MHS3204;1;17;1;9773;1;1;125.0;1;3;3;2;3;118.0;1;0;0;1;1;0;19;0;0;6;12;4;10.8;0;0;6;14;3;11.0;0;13.9;-0.3;0.79;Dropout;0.5116;Prioritas;0.961;Kritis;validasi silang
MHS3205;1;17;5;9773;1;1;139.0;1;38;1;4;4;123.6;1;0;0;1;1;0;18;0;0;6;6;6;13.0;0;0;6;12;0;0.0;0;7.6;2.6;0.32;Dropout;0.5204;Prioritas;0.9723;Kritis;validasi silang
MHS3206;1;39;1;9991;0;1;133.1;1;37;37;7;9;111.0;0;0;0;0;1;0;28;0;0;5;0;0;0.0;0;0;5;0;0;0.0;0;8.9;1.4;3.51;Dropout;0.9733;Kritis;0.9795;Kritis;validasi silang
MHS3207;1;1;1;9147;1;1;146.0;1;5;1;1;5;144.6;0;0;0;1;1;0;18;0;0;5;5;5;13.0;0;0;5;6;5;13.333333333333334;0;16.2;0.3;-0.92;Graduate;0.5737;Prioritas;0.0424;Aman;validasi silang
MHS3208;1;1;1;9773;1;1;109.0;1;2;3;3;3;111.8;1;0;1;1;1;0;25;0;0;6;8;6;11.571428571428571;0;0;6;9;6;11.571428571428571;0;15.5;2.8;-4.06;Dropout;0.594;Prioritas;0.1251;Aman;validasi silang
MHS3209;1;1;1;9238;1;1;135.0;1;1;38;4;6;122.1;0;1;1;0;1;0;19;0;0;6;6;4;11.5;0;0;6;6;5;11.0;0;8.9;1.4;3.51;Dropout;0.8517;Kritis;0.95;Kritis;data uji
MHS3210;1;18;2;9070;1;1;122.0;1;38;19;5;5;119.9;0;0;0;1;1;0;18;0;0;6;8;5;11.0;0;0;6;6;4;10.75;0;9.4;-0.8;-3.12;Graduate;0.3798;Prioritas;0.2693;Aman;data uji
MHS3211;1;7;1;9003;1;3;130.0;1;3;3;6;2;130.0;1;0;0;1;1;0;29;0;1;6;10;6;17.11111111111111;0;2;6;9;6;15.571428571428571;0;13.9;-0.3;0.79;Graduate;0.5232;Prioritas;0.129;Aman;validasi silang
MHS3212;1;1;1;171;1;1;124.0;1;2;2;3;2;118.4;1;0;0;1;1;0;18;0;0;0;0;0;0.0;0;0;0;0;0;0.0;0;7.6;2.6;0.32;Enrolled;0.4312;Prioritas;0.5009;Prioritas;mahasiswa aktif
MHS3213;1;1;1;9254;1;1;115.0;1;3;2;4;5;112.6;0;0;0;1;1;1;20;0;0;6;9;6;12.571428571428571;0;0;6;6;6;12.166666666666666;0;8.9;1.4;3.51;Graduate;0.2808;Prioritas;0.0366;Aman;validasi silang
MHS3214;1;44;1;9003;1;39;150.0;1;3;19;2;6;150.0;0;0;0;1;1;0;20;0;0;6;6;0;0.0;0;0;6;8;0;0.0;0;15.5;2.8;-4.06;Dropout;0.2536;Prioritas;0.9799;Kritis;validasi silang
MHS3215;1;1;4;9070;1;1;170.0;1;3;3;2;2;165.8;1;0;0;1;1;0;18;0;0;6;7;6;14.5;0;0;6;6;6;15.166666666666666;0;9.4;-0.8;-3.12;Graduate;0.2017;Aman;0.0418;Aman;data uji
MHS3216;1;1;6;9254;1;1;102.0;1;3;1;2;2;101.7;1;0;0;1;1;1;21;0;0;6;6;6;13.5;0;0;6;6;6;12.333333333333334;0;12.4;0.5;1.79;Graduate;0.3669;Prioritas;0.052;Aman;validasi silang
MHS3217;1;17;2;9254;1;1;140.0;1;3;3;2;2;124.3;0;0;0;0;1;0;18;0;0;6;9;5;11.2;0;0;6;14;2;10.0;0;9.4;-0.8;-3.12;Dropout;0.942;Kritis;0.9621;Kritis;validasi silang
MHS3218;1;1;5;9119;1;1;135.0;1;37;37;90;90;122.1;1;0;0;1;1;0;20;0;0;5;10;3;10.666666666666666;0;0;5;5;4;12.25;0;7.6;2.6;0.32;Graduate;0.8084;Kritis;0.6929;Kritis;validasi silang
MHS3219;1;43;1;8014;0;1;148.0;1;37;37;9;9;134.7;0;0;0;1;0;0;23;0;9;13;15;9;11.0;0;4;11;12;7;11.571428571428571;0;15.5;2.8;-4.06;Enrolled;0.1646;Aman;0.5681;Prioritas;mahasiswa aktif
MHS3220;1;39;1;9991;0;1;140.0;1;1;37;9;8;154.5;0;0;0;1;0;0;26;0;0;1;2;0;0.0;0;0;5;8;0;0.0;0;16.2;0.3;-0.92;Dropout;0.4438;Prioritas;0.9775;Kritis;validasi silang
MHS3221;1;17;3;9670;1;1;147.0;1;37;37;8;8;128.8;0;0;1;1;0;0;19;0;0;5;5;1;10.0;0;0;5;5;0;0.0;0;9.4;-0.8;-3.12;Dropout;0.5738;Prioritas;0.9787;Kritis;validasi silang
MHS3222;1;39;1;9556;1;1;140.0;1;37;38;9;9;106.0;1;0;1;0;0;1;24;0;0;7;14;5;12.36;0;1;8;15;5;12.0;0;8.9;1.4;3.51;Dropout;0.9202;Kritis;0.9271;Kritis;data uji
MHS3223;1;1;1;9670;1;1;157.0;1;19;38;9;7;146.2;1;0;0;1;0;1;20;0;0;6;8;6;15.25;0;0;6;7;6;14.714285714285714;0;11.1;0.6;2.02;Graduate;0.0393;Aman;0.0355;Aman;data uji
MHS3224;1;17;1;9991;0;1;120.0;1;38;3;9;3;116.9;1;0;1;0;0;0;26;0;0;5;5;0;0.0;0;0;5;6;0;0.0;0;10.8;1.4;1.74;Dropout;0.9442;Kritis;0.9787;Kritis;validasi silang
MHS3225;1;39;1;9147;1;12;133.1;1;19;37;7;9;118.2;0;0;0;1;0;0;31;0;0;5;8;1;13.0;2;0;5;9;4;12.25;0;10.8;1.4;1.74;Dropout;0.666;Kritis;0.8547;Kritis;validasi silang
MHS3226;2;43;1;9500;1;1;140.0;1;37;37;9;10;105.7;1;0;0;1;0;0;27;0;0;8;8;8;13.81375;0;0;8;8;8;13.81375;0;9.4;-0.8;-3.12;Graduate;0.1445;Aman;0.028;Aman;data uji
MHS3227;1;1;1;9085;1;1;130.0;1;19;38;9;9;126.9;0;0;1;1;0;0;24;0;0;6;8;6;13.285714285714286;0;0;6;13;6;12.875;0;11.1;0.6;2.02;Graduate;0.3424;Prioritas;0.0878;Aman;validasi silang
MHS3228;1;44;1;9085;1;39;150.0;1;19;38;194;193;150.0;1;0;0;1;0;0;23;0;0;6;11;4;11.5;0;0;6;12;4;12.2;0;8.9;1.4;3.51;Enrolled;0.1286;Aman;0.6922;Kritis;mahasiswa aktif
MHS3229;1;1;2;9500;1;1;115.0;1;38;38;9;8;108.4;1;0;0;1;0;1;20;0;0;7;8;7;11.9625;0;0;8;9;8;13.044444444444444;0;13.9;-0.3;0.79;Graduate;0.0393;Aman;0.0415;Aman;validasi silang
MHS3230;1;1;6;9500;1;1;118.0;1;38;38;5;5;114.2;1;0;0;1;0;0;20;0;0;7;9;6;13.683333333333332;0;0;8;11;6;13.116666666666667;0;11.1;0.6;2.02;Graduate;0.1397;Aman;0.3527;Aman;data uji
MHS3231;1;39;1;9500;1;1;130.0;1;38;1;9;4;140.0;1;0;0;1;0;0;24;0;0;8;8;7;14.985714285714286;0;0;8;8;7;14.985714285714286;0;12.7;3.7;-1.7;Graduate;0.364;Prioritas;0.0376;Aman;validasi silang
MHS3232;2;39;1;9147;1;1;130.0;1;37;37;9;9;142.5;0;0;0;1;0;0;39;0;0;5;8;4;11.25;0;0;5;8;4;11.5;0;11.1;0.6;2.02;Enrolled;0.4317;Prioritas;0.2298;Aman;mahasiswa aktif
MHS3233;1;1;2;9773;1;1;130.0;1;19;38;3;9;126.5;1;0;0;1;0;0;18;0;0;6;8;4;12.5;0;0;6;6;5;12.6;0;12.7;3.7;-1.7;Graduate;0.2061;Aman;0.0824;Aman;validasi silang
MHS3234;1;17;3;9085;1;1;120.0;1;37;38;9;9;111.3;0;0;0;1;0;0;20;0;0;6;0;0;0.0;0;0;6;0;0;0.0;0;11.1;0.6;2.02;Dropout;0.2443;Prioritas;0.9786;Kritis;validasi silang
MHS3235;1;1;2;9500;1;1;130.0;1;1;1;4;3;125.1;1;0;0;1;0;0;18;0;0;7;10;7;13.78;0;0;8;10;8;13.661;0;15.5;2.8;-4.06;Graduate;0.1514;Aman;0.0547;Aman;validasi silang
MHS3236;1;1;2;9500;1;1;141.0;1;37;37;9;7;126.3;1;0;0;1;0;0;19;0;0;7;10;7;13.805;0;0;8;8;8;14.2725;0;15.5;2.8;-4.06;Graduate;0.2062;Aman;0.0459;Aman;validasi silang
MHS3237;1;17;1;9085;1;1;138.0;1;1;19;4;9;142.2;1;0;0;1;0;0;18;0;0;5;7;5;13.8;0;0;5;5;5;12.6;0;10.8;1.4;1.74;Graduate;0.1791;Aman;0.0327;Aman;validasi silang
MHS3238;1;1;1;9670;1;1;113.0;1;37;19;9;9;110.2;1;0;0;1;0;0;22;0;0;5;7;3;12.666666666666666;0;0;5;6;4;12.0;0;7.6;2.6;0.32;Enrolled;0.1616;Aman;0.6771;Kritis;mahasiswa aktif
MHS3239;1;17;4;9500;1;1;135.0;1;1;1;4;4;127.0;1;0;0;1;0;0;18;0;0;7;7;7;14.424285714285714;0;0;8;8;8;13.9375;0;11.1;0.6;2.02;Graduate;0.2434;Prioritas;0.0862;Aman;validasi silang
MHS3240;1;1;1;9238;1;1;137.0;1;3;1;4;9;128.6;0;0;0;1;0;1;18;0;0;6;7;6;13.166666666666666;0;0;6;6;6;12.5;0;12.4;0.5;1.79;Graduate;0.0367;Aman;0.0375;Aman;data uji
MHS3241;4;39;1;9991;0;1;133.1;1;37;37;9;9;130.4;0;0;0;1;0;0;30;0;0;5;10;3;10.666666666666666;0;0;5;8;5;10.4;0;12.7;3.7;-1.7;Enrolled;0.5394;Prioritas;0.3676;Aman;mahasiswa aktif
MHS3242;2;43;1;9238;1;12;100.0;1;37;37;9;9;134.4;0;0;0;1;0;0;34;0;9;16;20;14;12.071428571428571;1;11;13;13;11;12.272727272727272;0;7.6;2.6;0.32;Graduate;0.1251;Aman;0.2701;Aman;validasi silang
MHS3243;1;39;1;8014;0;19;133.1;1;37;37;9;9;100.0;0;0;0;1;0;0;38;0;0;6;10;3;10.25;0;0;6;7;1;12.0;0;13.9;-0.3;0.79;Dropout;0.4733;Prioritas;0.975;Kritis;validasi silang
MHS3244;1;1;1;9500;1;1;142.0;1;37;19;7;7;133.0;1;0;0;1;0;1;19;0;0;8;8;8;14.11;0;0;8;8;8;14.11;0;9.4;-0.8;-3.12;Graduate;0.0389;Aman;0.0275;Aman;validasi silang
MHS3245;1;17;3;9853;1;1;140.0;1;38;38;5;7;126.7;1;0;0;1;0;0;19;0;0;6;9;5;12.4;0;0;6;10;3;10.666666666666666;0;10.8;1.4;1.74;Dropout;0.498;Prioritas;0.8938;Kritis;validasi silang
MHS3246;1;43;1;9773;1;1;129.0;1;1;1;4;8;129.0;0;0;0;0;0;0;21;0;0;6;7;6;12.0;0;0;6;6;6;12.0;0;10.8;1.4;1.74;Dropout;0.8235;Kritis;0.192;Aman;validasi silang
MHS3247;1;17;1;9773;1;1;141.0;1;2;3;2;2;133.7;1;0;0;1;0;1;18;0;0;6;6;6;14.833333333333334;0;0;6;6;6;13.5;0;11.1;0.6;2.02;Graduate;0.0766;Aman;0.1087;Aman;data uji
MHS3248;1;17;5;9085;1;1;118.0;1;1;38;4;7;122.2;1;0;0;1;0;1;20;0;0;6;7;6;15.428571428571429;0;0;6;7;6;13.5;0;13.9;-0.3;0.79;Graduate;0.107;Aman;0.0358;Aman;data uji
MHS3249;1;17;5;9147;1;1;131.0;1;37;38;5;5;128.9;0;0;0;1;0;1;18;0;0;5;7;5;11.6;0;0;5;11;5;11.4;4;16.2;0.3;-0.92;Graduate;0.1862;Aman;0.0441;Aman;validasi silang
MHS3250;1;1;3;9070;1;1;161.0;1;38;37;5;5;154.4;1;0;0;1;0;0;18;0;0;6;6;6;14.166666666666666;0;0;6;6;6;14.0;0;16.2;0.3;-0.92;Graduate;0.2232;Prioritas;0.0642;Aman;validasi silang
MHS3251;1;7;1;9556;1;2;130.0;1;37;37;9;9;130.0;1;0;0;1;0;1;36;0;0;7;9;1;9.8;0;0;7;7;0;0.0;0;12.7;3.7;-1.7;Dropout;0.3596;Prioritas;0.9779;Kritis;data uji
MHS3252;1;17;4;9147;1;1;121.0;1;38;37;6;7;113.0;1;0;0;1;0;1;18;0;0;5;12;4;10.714285714285714;0;0;5;9;4;11.0;0;13.9;-0.3;0.79;Graduate;0.1885;Aman;0.069;Aman;validasi silang
MHS3253;1;43;1;9130;1;6;133.1;1;1;29;4;90;123.3;1;0;0;1;0;1;21;0;0;5;7;0;0.0;0;0;5;5;0;0.0;0;7.6;2.6;0.32;Dropout;0.3064;Prioritas;0.9789;Kritis;validasi silang
MHS3254;1;44;1;9130;1;39;130.0;1;1;3;9;2;130.0;1;0;1;1;0;1;21;0;1;6;13;3;12.333333333333334;0;1;6;12;1;13.0;0;13.9;-0.3;0.79;Dropout;0.3572;Prioritas;0.945;Kritis;validasi silang
MHS3255;1;15;1;9085;1;1;133.1;41;3;3;4;2;101.3;0;0;0;1;0;0;18;1;0;6;13;6;13.0;0;0;6;15;6;12.25;0;11.1;0.6;2.02;Graduate;0.0936;Aman;0.0489;Aman;data uji
MHS3256;1;17;6;9670;1;1;120.0;1;1;14;4;5;113.7;1;0;0;1;0;0;18;0;0;5;7;4;11.4;0;0;5;5;4;11.25;0;9.4;-0.8;-3.12;Graduate;0.4793;Prioritas;0.1136;Aman;validasi silang
MHS3257;1;1;2;9500;1;1;140.0;1;38;38;9;7;138.8;1;0;0;1;0;0;19;0;0;7;7;6;12.766666666666666;0;0;7;7;6;12.766666666666666;0;7.6;2.6;0.32;Graduate;0.0603;Aman;0.0373;Aman;validasi silang
MHS3258;2;39;1;9003;1;19;133.1;1;37;19;9;4;140.0;0;0;1;1;0;0;29;0;0;6;11;5;12.6;0;0;6;6;6;12.666666666666666;0;11.1;0.6;2.02;Graduate;0.5956;Prioritas;0.2046;Aman;validasi silang
MHS3259;1;44;1;9147;1;39;130.0;1;19;1;9;3;130.0;0;0;0;1;0;1;20;0;4;7;8;7;13.0;0;2;5;5;5;13.4;0;11.1;0.6;2.02;Graduate;0.2111;Aman;0.0366;Aman;validasi silang
MHS3260;1;17;2;9500;1;1;140.0;1;37;37;9;9;132.5;1;0;0;1;0;0;18;0;0;7;7;6;14.316666666666668;0;0;7;7;6;14.316666666666668;0;7.6;2.6;0.32;Graduate;0.1279;Aman;0.0369;Aman;data uji
MHS3261;1;1;1;9085;1;1;124.0;1;2;1;4;10;117.4;1;0;0;1;0;0;19;0;0;5;7;4;12.75;0;0;5;5;5;12.0;0;10.8;1.4;1.74;Graduate;0.2267;Prioritas;0.0466;Aman;validasi silang
MHS3262;1;1;3;9147;1;1;115.0;1;1;38;3;8;109.8;1;0;0;1;0;1;19;0;0;5;5;5;13.4;0;0;5;5;5;12.6;0;8.9;1.4;3.51;Graduate;0.076;Aman;0.0319;Aman;validasi silang
MHS3263;1;39;1;8014;0;1;100.0;1;12;5;9;4;116.5;0;0;1;0;0;0;37;0;0;6;6;0;0.0;0;0;5;5;0;0.0;0;8.9;1.4;3.51;Dropout;0.9644;Kritis;0.9795;Kritis;validasi silang
MHS3264;1;1;2;9085;1;1;162.0;1;37;1;9;9;165.2;1;0;0;1;0;1;18;0;0;5;6;4;15.75;0;0;5;5;5;13.8;0;10.8;1.4;1.74;Graduate;0.0408;Aman;0.0431;Aman;validasi silang
MHS3265;1;1;1;9853;1;1;121.0;1;19;19;7;7;113.0;1;0;0;1;0;0;21;0;0;6;9;5;12.4;0;0;6;11;1;11.0;0;12.7;3.7;-1.7;Dropout;0.59;Prioritas;0.9725;Kritis;data uji
MHS3266;1;17;1;9238;1;1;125.0;1;1;38;144;181;123.3;0;0;0;1;0;1;19;0;0;6;8;6;11.5;0;0;6;7;6;12.333333333333334;0;12.4;0.5;1.79;Graduate;0.025;Aman;0.0282;Aman;data uji
MHS3267;1;17;2;9670;1;1;123.0;1;3;1;3;1;116.7;0;0;0;1;0;0;19;0;0;5;5;5;13.4;0;0;5;5;5;14.0;0;9.4;-0.8;-3.12;Graduate;0.2041;Aman;0.0476;Aman;validasi silang
MHS3268;2;39;1;9991;0;39;140.0;1;38;19;9;5;110.0;0;0;0;1;0;1;35;0;0;5;9;3;11.666666666666666;0;0;5;7;5;11.8;0;12.7;3.7;-1.7;Enrolled;0.27;Prioritas;0.0848;Aman;mahasiswa aktif
MHS3269;2;39;1;9500;1;1;133.1;1;37;38;9;8;118.9;0;0;0;1;0;0;30;0;0;7;0;0;0.0;0;0;8;0;0;0.0;0;13.9;-0.3;0.79;Dropout;0.2369;Prioritas;0.9795;Kritis;validasi silang
MHS3270;1;43;2;9773;1;1;120.0;1;34;34;0;0;103.6;1;0;0;1;0;0;27;0;4;8;11;7;13.285714285714286;0;4;7;13;5;11.6;0;9.4;-0.8;-3.12;Dropout;0.795;Kritis;0.2544;Aman;validasi silang
MHS3271;2;1;1;9254;1;1;136.0;1;37;37;9;9;122.7;0;0;0;1;0;1;45;0;0;6;10;4;11.5;0;0;6;16;2;10.5;0;7.6;2.6;0.32;Dropout;0.0799;Aman;0.9174;Kritis;data uji
MHS3272;2;39;1;8014;0;1;133.1;1;38;38;9;9;113.5;0;0;0;1;0;1;50;0;3;9;11;8;13.25;0;2;7;8;7;11.714285714285714;0;12.7;3.7;-1.7;Graduate;0.0768;Aman;0.0345;Aman;validasi silang
MHS3273;4;42;1;9147;1;1;110.0;1;37;37;9;9;128.2;0;0;0;1;0;0;41;0;8;14;24;11;12.25;3;5;10;12;10;13.4;0;9.4;-0.8;-3.12;Graduate;0.4009;Prioritas;0.2857;Aman;validasi silang
MHS3274;1;43;1;9500;1;1;120.0;1;37;37;9;6;120.0;1;0;0;1;0;0;26;0;0;7;8;6;12.0;0;0;7;8;6;12.0;0;7.6;2.6;0.32;Enrolled;0.0919;Aman;0.0729;Aman;mahasiswa aktif
MHS3275;1;39;1;9003;1;19;133.1;1;37;37;9;9;130.0;0;0;0;1;0;0;44;0;0;6;10;1;12.0;0;0;6;6;0;0.0;0;11.1;0.6;2.02;Dropout;0.3676;Prioritas;0.9797;Kritis;data uji
MHS3276;5;7;1;9147;1;40;110.0;1;37;37;9;9;110.0;0;0;0;1;0;0;23;0;10;15;15;13;10.923076923076923;0;5;10;10;7;11.142857142857142;0;15.5;2.8;-4.06;Graduate;0.5294;Prioritas;0.3264;Aman;data uji
MHS3277;1;51;1;33;1;1;130.0;1;19;19;9;9;117.7;0;0;0;1;0;0;34;0;10;12;12;10;12.0;0;5;10;11;5;11.0;0;11.1;0.6;2.02;Dropout;0.3692;Prioritas;0.8249;Kritis;data uji
MHS3278;1;1;1;9147;1;1;102.0;1;38;38;9;9;99.6;1;0;0;1;0;1;21;0;0;5;10;5;13.714285714285714;0;0;5;7;5;14.4;0;11.1;0.6;2.02;Graduate;0.0966;Aman;0.0463;Aman;validasi silang
MHS3279;1;43;3;9147;1;1;127.0;21;3;37;3;3;117.9;1;0;0;1;0;0;22;1;0;5;8;1;10.0;0;0;5;8;2;13.0;0;7.6;2.6;0.32;Dropout;0.1688;Aman;0.9727;Kritis;validasi silang
MHS3280;4;39;1;8014;0;1;133.1;1;37;37;9;8;113.0;0;0;0;1;0;1;32;0;0;6;18;2;10.333333333333334;0;0;6;7;6;11.5;0;16.2;0.3;-0.92;Graduate;0.1414;Aman;0.2321;Aman;validasi silang
MHS3281;1;17;2;9556;1;1;137.0;41;1;1;7;7;124.4;1;0;0;1;0;0;20;1;0;7;8;7;12.728571428571428;0;0;8;8;8;14.625;0;15.5;2.8;-4.06;Graduate;0.3424;Prioritas;0.1462;Aman;validasi silang
MHS3282;2;7;1;8014;0;3;130.0;1;35;35;90;90;140.0;0;0;0;0;0;0;59;0;10;15;22;12;13.333333333333334;0;8;8;8;8;12.875;0;10.8;1.4;1.74;Dropout;0.9318;Kritis;0.5971;Prioritas;validasi silang
MHS3283;2;53;1;9147;1;42;130.0;1;19;19;175;152;132.4;0;0;0;1;0;0;30;0;6;11;20;9;12.22222222222222;0;3;9;16;9;11.6;0;8.9;1.4;3.51;Enrolled;0.2195;Aman;0.0793;Aman;mahasiswa aktif
MHS3284;1;1;4;9254;1;1;131.0;1;38;36;9;9;124.0;1;0;0;1;0;1;18;0;0;6;7;6;11.333333333333334;0;0;6;9;6;10.833333333333334;0;9.4;-0.8;-3.12;Graduate;0.1263;Aman;0.034;Aman;validasi silang
MHS3285;2;39;1;9991;0;1;162.0;1;37;37;9;6;132.0;0;0;1;1;1;0;25;0;0;5;8;4;11.0;0;0;5;7;4;12.0;0;7.6;2.6;0.32;Enrolled;0.6828;Kritis;0.7848;Kritis;mahasiswa aktif
MHS3286;4;43;1;9991;0;1;140.0;1;37;37;5;5;149.8;0;0;0;1;1;0;36;0;0;5;5;5;13.8;0;0;5;6;5;13.8;0;12.7;3.7;-1.7;Graduate;0.4223;Prioritas;0.0479;Aman;validasi silang
MHS3287;1;7;1;9556;1;43;160.0;1;38;19;9;9;160.0;0;0;0;1;1;0;36;0;0;7;16;1;12.0;0;0;7;13;0;0.0;1;11.1;0.6;2.02;Dropout;0.441;Prioritas;0.9793;Kritis;data uji
MHS3288;1;17;6;9670;1;1;117.0;1;38;19;0;1;114.6;0;0;0;0;1;0;19;0;0;6;9;4;11.25;0;0;6;11;3;10.166666666666666;0;10.8;1.4;1.74;Dropout;0.9428;Kritis;0.9684;Kritis;validasi silang
MHS3289;1;39;1;9991;0;1;150.0;1;1;37;4;6;120.0;0;0;0;1;1;0;25;0;0;5;6;4;10.5;0;0;5;6;5;12.0;0;9.4;-0.8;-3.12;Graduate;0.6164;Prioritas;0.0985;Aman;data uji
MHS3290;1;39;1;9003;1;19;133.1;1;37;37;9;7;100.0;0;0;0;1;1;0;35;0;17;18;20;18;11.555555555555555;0;11;13;13;13;11.615384615384617;0;15.5;2.8;-4.06;Graduate;0.6893;Kritis;0.0374;Aman;validasi silang
MHS3291;1;1;1;9238;1;1;125.0;1;1;1;5;5;128.5;0;0;0;1;1;0;20;0;0;6;13;1;14.0;0;0;6;7;0;0.0;0;16.2;0.3;-0.92;Dropout;0.3147;Prioritas;0.9793;Kritis;validasi silang
MHS3292;1;39;1;9003;1;1;130.0;1;37;37;9;7;113.0;1;0;0;0;1;0;35;0;0;6;17;1;13.0;0;0;6;8;0;0.0;0;15.5;2.8;-4.06;Dropout;0.9714;Kritis;0.9796;Kritis;validasi silang
MHS3293;1;1;1;9238;1;1;170.0;1;37;37;0;0;150.8;1;0;0;1;0;0;27;0;0;6;13;2;11.0;0;0;6;14;1;11.0;0;7.6;2.6;0.32;Dropout;0.1498;Aman;0.9774;Kritis;validasi silang
MHS3294;1;17;3;9500;1;1;132.0;1;19;3;9;5;130.8;1;0;0;1;0;0;18;0;0;8;8;7;13.68142857142857;0;0;8;8;7;13.68142857142857;0;10.8;1.4;1.74;Enrolled;0.1478;Aman;0.0305;Aman;mahasiswa aktif
MHS3295;1;43;1;9500;1;1;133.1;1;38;19;9;10;114.5;0;0;0;1;0;0;23;0;0;7;11;6;12.1;0;0;7;7;6;12.616666666666667;0;16.2;0.3;-0.92;Enrolled;0.1723;Aman;0.1122;Aman;mahasiswa aktif
MHS3296;1;17;2;8014;0;1;120.0;1;19;1;5;10;114.8;1;0;0;1;0;0;19;0;0;6;8;4;10.5;0;0;6;8;4;11.25;0;10.8;1.4;1.74;Graduate;0.2727;Prioritas;0.577;Prioritas;validasi silang
MHS3297;1;17;2;9500;1;1;126.0;1;37;37;7;7;126.2;1;0;0;1;0;1;18;0;0;7;10;5;11.94;0;0;7;8;6;12.8;0;11.1;0.6;2.02;Enrolled;0.0636;Aman;0.0745;Aman;mahasiswa aktif
MHS3298;1;39;1;9500;1;1;130.0;1;19;19;3;7;129.0;0;0;1;0;0;0;26;0;0;7;11;4;12.86;0;0;7;10;5;11.566666666666668;0;12.4;0.5;1.79;Dropout;0.9209;Kritis;0.9747;Kritis;validasi silang
MHS3299;1;17;1;9238;1;1;133.1;1;1;38;9;7;110.5;0;0;0;1;0;0;19;0;0;6;10;6;14.25;0;0;6;7;6;14.0;0;16.2;0.3;-0.92;Graduate;0.2294;Prioritas;0.0308;Aman;data uji
MHS3300;1;1;5;9500;1;1;141.0;1;38;19;7;7;132.5;1;0;0;0;0;0;19;0;0;7;0;0;0.0;0;0;8;0;0;0.0;0;12.7;3.7;-1.7;Dropout;0.6654;Kritis;0.9785;Kritis;validasi silang
MHS3301;1;1;1;171;1;1;138.0;1;19;19;5;1;130.7;1;0;0;1;0;0;18;0;0;0;0;0;0.0;0;0;0;0;0;0.0;0;13.9;-0.3;0.79;Dropout;0.3162;Prioritas;0.493;Prioritas;data uji
MHS3302;1;17;1;9500;1;1;130.0;1;19;1;9;7;130.4;1;0;0;1;0;1;19;0;0;7;7;7;13.894285714285711;0;0;8;8;8;14.3625;0;11.1;0.6;2.02;Graduate;0.055;Aman;0.0291;Aman;data uji
MHS3303;1;17;1;9500;1;1;128.0;1;37;37;9;8;124.3;1;0;0;1;0;1;19;0;0;7;8;7;13.46875;0;0;8;8;8;13.31375;0;15.5;2.8;-4.06;Graduate;0.0844;Aman;0.0297;Aman;validasi silang
MHS3304;1;1;4;9085;1;1;135.0;1;38;37;9;9;132.6;1;0;0;1;0;1;19;0;0;5;5;5;13.6;0;0;5;5;5;14.6;0;10.8;1.4;1.74;Graduate;0.0421;Aman;0.0301;Aman;validasi silang
MHS3305;1;44;1;8014;0;39;150.0;1;1;37;9;7;146.7;0;0;0;1;0;1;21;0;3;6;6;6;14.666666666666666;0;2;6;6;6;13.833333333333334;0;12.4;0.5;1.79;Graduate;0.049;Aman;0.0302;Aman;data uji
MHS3306;1;1;3;9773;1;1;135.0;1;1;1;3;5;130.1;1;0;0;1;0;0;18;0;0;6;6;6;13.666666666666666;0;0;6;7;6;13.0;0;15.5;2.8;-4.06;Graduate;0.2579;Prioritas;0.0443;Aman;validasi silang
MHS3307;2;43;1;9254;1;3;120.0;1;38;37;9;3;120.0;1;0;0;1;0;0;33;0;9;12;22;10;13.3;0;9;11;11;11;13.727272727272728;0;9.4;-0.8;-3.12;Graduate;0.4155;Prioritas;0.1046;Aman;validasi silang
MHS3308;1;7;1;8014;0;3;120.0;1;19;37;5;3;121.3;0;0;0;1;0;0;32;0;7;11;13;11;13.454545454545457;0;5;11;13;7;12.428571428571429;0;12.7;3.7;-1.7;Graduate;0.3352;Prioritas;0.1836;Aman;validasi silang
MHS3309;1;1;6;9500;1;1;140.0;1;19;19;1;4;133.3;1;0;0;1;0;1;17;0;0;8;8;8;13.41625;0;0;8;8;8;13.41625;0;9.4;-0.8;-3.12;Graduate;0.041;Aman;0.0292;Aman;validasi silang
MHS3310;2;39;1;9500;1;1;140.0;1;19;19;9;7;110.5;0;0;0;1;0;0;31;0;0;7;0;0;0.0;0;0;8;0;0;0.0;0;12.7;3.7;-1.7;Dropout;0.2957;Prioritas;0.9801;Kritis;data uji
MHS3311;2;39;1;8014;0;1;140.0;1;19;19;9;7;102.5;0;0;0;1;0;1;32;0;0;6;6;6;11.333333333333334;0;0;6;8;5;13.0;0;15.5;2.8;-4.06;Graduate;0.1266;Aman;0.0698;Aman;validasi silang
MHS3312;1;1;2;9085;1;1;156.0;1;40;40;3;7;150.9;1;0;0;1;0;0;18;0;0;6;8;6;16.0;0;0;6;10;6;14.625;0;11.1;0.6;2.02;Dropout;0.1748;Aman;0.0492;Aman;validasi silang
MHS3313;1;51;1;9070;1;12;133.1;1;37;19;3;7;106.6;0;0;1;1;0;0;31;0;2;6;8;5;11.0;0;4;6;12;6;10.166666666666666;0;8.9;1.4;3.51;Enrolled;0.5135;Prioritas;0.2468;Aman;mahasiswa aktif
MHS3314;1;1;1;9254;1;1;120.0;1;1;1;9;10;118.3;0;0;0;1;1;0;20;0;0;6;8;6;12.857142857142858;0;0;6;9;5;12.4;0;8.9;1.4;3.51;Enrolled;0.3882;Prioritas;0.0483;Aman;mahasiswa aktif
MHS3315;1;43;1;9991;0;1;100.0;1;3;19;1;1;117.9;0;0;0;0;1;0;40;0;0;5;5;0;0.0;0;0;5;6;0;0.0;0;10.8;1.4;1.74;Dropout;0.9117;Kritis;0.9796;Kritis;validasi silang
MHS3316;2;1;1;9991;0;1;120.0;1;37;19;9;9;135.0;1;0;0;1;1;0;32;0;0;5;5;5;14.8;0;0;5;5;5;14.2;0;7.6;2.6;0.32;Graduate;0.2239;Prioritas;0.0602;Aman;validasi silang
MHS3317;1;7;1;9119;1;3;120.0;1;19;19;1;1;120.0;0;0;0;0;1;0;40;0;1;5;7;1;13.0;0;2;5;5;2;14.0;0;12.7;3.7;-1.7;Dropout;0.9906;Kritis;0.9774;Kritis;validasi silang
MHS3318;1;1;1;171;1;1;172.0;1;1;1;4;9;167.1;0;0;0;1;1;1;18;0;0;0;0;0;0.0;0;0;0;0;0;0.0;0;16.2;0.3;-0.92;Graduate;0.138;Aman;0.3707;Aman;validasi silang
MHS3319;1;43;1;9991;0;1;120.0;1;37;37;9;9;115.8;0;0;1;0;1;0;28;0;4;9;14;4;10.0;0;1;6;6;1;10.0;0;12.7;3.7;-1.7;Dropout;0.9781;Kritis;0.9787;Kritis;validasi silang
MHS3320;1;16;2;9070;1;1;137.0;1;1;1;3;1;141.2;1;0;1;1;1;0;19;0;0;6;11;5;11.2;0;0;6;7;6;12.0;0;9.4;-0.8;-3.12;Graduate;0.4859;Prioritas;0.671;Kritis;validasi silang
MHS3321;1;1;1;9773;1;1;117.0;1;1;37;5;9;118.4;0;0;0;1;1;1;19;0;0;6;8;6;11.833333333333334;0;0;6;11;3;13.0;0;15.5;2.8;-4.06;Graduate;0.1842;Aman;0.3992;Aman;data uji
MHS3322;1;1;6;9147;1;1;142.0;1;38;37;7;7;134.3;0;1;0;1;1;0;21;0;0;5;0;0;0.0;0;0;5;0;0;0.0;0;10.8;1.4;1.74;Dropout;0.5308;Prioritas;0.979;Kritis;data uji
MHS3323;1;17;4;9147;1;1;135.0;1;19;1;0;4;128.7;1;0;0;1;1;0;22;0;0;5;8;2;10.5;0;0;5;10;0;0.0;0;7.6;2.6;0.32;Dropout;0.7998;Kritis;0.9791;Kritis;validasi silang
MHS3324;1;17;3;9119;1;1;115.0;1;3;1;3;3;116.1;1;0;0;0;1;0;18;0;0;5;8;5;12.5;0;0;5;7;5;13.571428571428571;0;12.4;0.5;1.79;Dropout;0.9745;Kritis;0.4464;Prioritas;validasi silang
MHS3325;1;39;1;171;1;1;110.0;1;12;3;5;2;100.0;1;0;0;1;1;0;27;0;0;0;0;0;0.0;0;0;0;0;0;0.0;0;9.4;-0.8;-3.12;Dropout;0.8534;Kritis;0.6192;Prioritas;data uji
MHS3326;1;1;1;171;1;1;123.0;1;1;3;2;2;118.8;0;0;0;1;1;0;19;0;4;10;10;5;11.0;0;2;7;8;2;10.0;0;8.9;1.4;3.51;Enrolled;0.4004;Prioritas;0.9684;Kritis;mahasiswa aktif
MHS3327;2;43;1;9991;0;1;140.0;1;37;37;9;9;130.0;1;0;0;1;1;0;30;0;6;10;14;9;12.333333333333334;0;7;10;12;8;12.0;0;9.4;-0.8;-3.12;Graduate;0.4513;Prioritas;0.3323;Aman;validasi silang
MHS3328;1;39;1;9130;1;39;150.0;1;1;3;4;1;150.0;0;0;0;1;1;0;28;0;0;6;9;0;0.0;0;0;6;8;1;10.0;1;16.2;0.3;-0.92;Dropout;0.7848;Kritis;0.9785;Kritis;data uji
MHS3329;5;39;1;9119;1;1;120.0;1;37;37;9;9;116.0;0;0;1;1;1;1;34;0;0;5;14;1;17.0;0;0;5;10;2;11.0;0;9.4;-0.8;-3.12;Enrolled;0.7825;Kritis;0.9651;Kritis;mahasiswa aktif
MHS3330;1;17;1;9147;1;1;110.0;1;1;1;4;4;99.0;0;0;0;1;1;0;21;0;0;5;5;5;11.0;0;0;5;11;3;11.428571428571429;0;10.8;1.4;1.74;Enrolled;0.7116;Kritis;0.7682;Kritis;mahasiswa aktif
MHS3331;1;1;1;9238;1;1;133.0;1;1;19;9;9;132.0;0;0;0;1;1;1;20;0;0;6;11;5;11.142857142857142;0;0;6;9;6;11.571428571428571;0;16.2;0.3;-0.92;Graduate;0.0738;Aman;0.0551;Aman;validasi silang
MHS3332;1;43;1;9254;1;1;110.0;1;12;19;9;9;125.0;0;0;0;0;1;0;31;0;3;8;19;5;12.166666666666666;0;3;7;12;5;12.0;0;7.6;2.6;0.32;Dropout;0.9445;Kritis;0.9709;Kritis;data uji
MHS3333;1;17;1;9119;1;1;126.0;1;1;1;9;9;116.2;0;0;1;0;1;0;21;0;0;5;9;2;11.0;0;0;5;8;2;11.5;2;7.6;2.6;0.32;Dropout;0.9907;Kritis;0.979;Kritis;validasi silang
MHS3334;1;39;2;9670;1;19;133.1;1;34;34;0;0;100.0;1;0;0;0;1;0;27;0;0;5;8;1;11.0;0;0;5;6;3;10.666666666666666;1;7.6;2.6;0.32;Dropout;0.992;Kritis;0.9741;Kritis;validasi silang
MHS3335;1;1;6;9773;1;1;136.0;1;38;38;9;9;132.9;1;0;0;1;1;0;19;0;0;6;10;4;13.25;0;0;6;13;5;11.8;0;7.6;2.6;0.32;Graduate;0.2768;Prioritas;0.3258;Aman;validasi silang
MHS3336;1;17;4;9773;1;1;129.0;1;3;1;2;7;132.5;1;0;0;1;1;0;21;0;0;6;7;0;0.0;0;0;6;11;1;10.0;0;10.8;1.4;1.74;Enrolled;0.4927;Prioritas;0.9777;Kritis;mahasiswa aktif
MHS3337;1;44;1;9003;1;39;140.0;1;19;19;4;4;140.0;1;0;0;0;1;0;21;0;0;6;17;2;12.5;0;0;6;10;0;0.0;0;16.2;0.3;-0.92;Dropout;0.9476;Kritis;0.9792;Kritis;validasi silang
MHS3338;1;43;1;9670;1;1;160.0;1;34;34;99;99;100.1;0;0;0;0;1;0;35;0;6;10;10;7;12.142857142857142;0;4;9;9;4;12.25;0;7.6;2.6;0.32;Dropout;0.9849;Kritis;0.9646;Kritis;validasi silang
MHS3339;1;39;1;9085;1;1;133.1;1;37;36;90;7;128.2;0;0;0;1;1;0;28;0;0;5;8;3;12.0;0;0;5;10;3;11.333333333333334;0;7.6;2.6;0.32;Dropout;0.7832;Kritis;0.9684;Kritis;validasi silang
MHS3340;1;17;1;9670;1;1;140.0;1;1;1;4;3;133.4;0;0;0;1;1;0;24;0;0;6;6;4;11.25;0;0;6;9;4;10.428571428571429;0;10.8;1.4;1.74;Enrolled;0.39;Prioritas;0.8454;Kritis;mahasiswa aktif
MHS3341;1;1;3;9773;1;1;142.0;1;34;1;5;10;136.1;1;0;0;0;1;0;19;0;0;4;8;0;0.0;1;0;6;0;0;0.0;0;9.4;-0.8;-3.12;Dropout;0.9614;Kritis;0.9799;Kritis;validasi silang
MHS3342;1;17;1;9670;1;1;138.0;1;1;1;4;8;123.0;0;0;1;0;1;0;20;0;0;6;7;5;12.4;0;0;6;8;4;13.0;0;13.9;-0.3;0.79;Enrolled;0.9738;Kritis;0.9619;Kritis;mahasiswa aktif
MHS3343;1;1;1;9070;1;1;131.0;1;3;19;4;4;130.3;1;0;0;1;1;1;20;0;0;6;6;6;12.833333333333334;0;0;6;8;6;12.666666666666666;2;16.2;0.3;-0.92;Graduate;0.1436;Aman;0.0534;Aman;validasi silang
MHS3344;1;1;1;9119;1;1;160.0;1;37;37;9;6;153.7;0;0;0;1;1;0;19;0;0;5;7;1;13.0;0;0;5;7;2;10.0;0;9.4;-0.8;-3.12;Enrolled;0.4501;Prioritas;0.9772;Kritis;mahasiswa aktif
MHS3345;1;39;1;9085;1;1;110.0;1;40;1;5;6;142.5;0;0;1;0;1;0;37;0;5;7;7;5;12.0;0;3;7;7;3;11.666666666666666;0;8.9;1.4;3.51;Dropout;0.9889;Kritis;0.9776;Kritis;validasi silang
MHS3346;1;1;1;9254;1;1;124.0;1;37;38;9;8;114.6;1;0;0;1;1;0;19;0;0;6;13;2;12.0;0;0;6;12;1;13.0;0;7.6;2.6;0.32;Dropout;0.3885;Prioritas;0.9792;Kritis;data uji
MHS3347;1;39;1;9500;1;1;120.0;1;37;37;9;8;108.5;0;0;0;1;1;0;36;0;0;7;18;0;0.0;0;0;7;7;0;0.0;0;13.9;-0.3;0.79;Dropout;0.5723;Prioritas;0.9796;Kritis;validasi silang
MHS3348;1;39;1;9147;1;12;133.1;1;37;37;9;9;140.0;0;0;0;1;1;0;29;0;0;5;0;0;0.0;0;0;5;0;0;0.0;0;9.4;-0.8;-3.12;Dropout;0.6456;Prioritas;0.9792;Kritis;validasi silang
MHS3349;1;39;1;9003;1;1;133.1;1;38;37;9;4;120.0;0;0;0;1;1;0;30;0;0;6;10;6;11.375;0;0;6;10;5;11.6;0;13.9;-0.3;0.79;Graduate;0.6307;Prioritas;0.1249;Aman;validasi silang
MHS3350;1;51;1;9670;1;19;133.1;1;2;1;3;10;120.0;0;0;1;1;1;0;32;0;1;6;15;2;12.0;0;0;6;7;0;0.0;0;11.1;0.6;2.02;Dropout;0.4807;Prioritas;0.9788;Kritis;validasi silang
MHS3351;1;1;1;8014;0;1;123.0;1;3;1;2;9;127.6;1;0;0;1;1;0;26;0;0;6;6;6;11.833333333333334;0;0;6;6;6;11.666666666666666;0;10.8;1.4;1.74;Enrolled;0.2029;Aman;0.0493;Aman;mahasiswa aktif
MHS3352;2;44;1;9003;1;39;140.0;1;37;37;4;7;140.0;0;0;0;1;1;0;37;0;0;6;17;1;12.0;0;0;6;23;2;10.5;1;16.2;0.3;-0.92;Dropout;0.3397;Prioritas;0.975;Kritis;validasi silang
MHS3353;1;39;1;9119;1;1;138.7;1;1;12;4;3;111.3;0;0;0;1;1;0;27;0;1;6;7;3;12.0;0;2;6;7;2;11.0;0;13.9;-0.3;0.79;Dropout;0.8731;Kritis;0.9763;Kritis;validasi silang
MHS3354;1;1;1;9773;1;1;131.0;1;38;1;5;7;131.0;1;0;0;1;1;1;18;0;0;6;7;6;12.714285714285714;0;0;6;8;5;11.833333333333334;0;13.9;-0.3;0.79;Graduate;0.2043;Aman;0.1298;Aman;validasi silang
MHS3355;1;1;1;9500;1;1;149.0;1;38;37;9;9;139.5;0;0;0;1;1;1;18;0;0;8;8;8;15.3;0;0;8;8;8;15.3;0;9.4;-0.8;-3.12;Graduate;0.0504;Aman;0.0294;Aman;validasi silang
MHS3356;2;39;2;9003;1;19;133.1;1;38;19;4;1;110.0;0;0;0;0;1;0;32;0;2;8;12;2;11.5;2;0;7;9;0;0.0;0;15.5;2.8;-4.06;Dropout;0.9555;Kritis;0.9783;Kritis;validasi silang
MHS3357;1;44;1;9119;1;39;130.0;1;3;19;3;4;130.0;0;0;0;1;1;0;20;0;0;5;12;1;13.0;0;0;5;8;3;12.6;0;12.4;0.5;1.79;Enrolled;0.7709;Kritis;0.973;Kritis;mahasiswa aktif
MHS3358;1;43;1;9003;1;1;120.0;1;3;3;1;2;115.0;0;0;0;1;1;0;22;0;0;6;12;0;0.0;0;0;6;10;0;0.0;0;16.2;0.3;-0.92;Dropout;0.3855;Prioritas;0.9801;Kritis;data uji
MHS3359;4;39;1;9500;1;1;133.1;1;1;19;3;3;154.3;0;0;0;1;0;0;32;0;0;7;0;0;0.0;0;0;8;0;0;0.0;0;12.4;0.5;1.79;Dropout;0.1599;Aman;0.9786;Kritis;validasi silang
MHS3360;1;1;1;9147;1;1;143.0;1;1;37;9;9;135.0;1;0;0;1;0;0;21;0;0;5;8;4;11.0;0;0;5;8;5;12.0;0;7.6;2.6;0.32;Enrolled;0.2235;Prioritas;0.044;Aman;mahasiswa aktif
MHS3361;1;17;4;9670;1;1;126.0;1;1;1;4;7;115.2;0;0;0;0;0;0;19;0;0;6;7;3;12.666666666666666;0;0;6;10;5;13.125;0;10.8;1.4;1.74;Dropout;0.8629;Kritis;0.8485;Kritis;validasi silang
MHS3362;1;1;1;9773;1;1;125.0;1;19;1;9;9;130.6;1;0;0;1;0;1;18;0;0;6;6;6;13.5;0;0;6;6;6;14.0;0;8.9;1.4;3.51;Graduate;0.0541;Aman;0.0314;Aman;validasi silang
MHS3363;1;1;4;9147;1;1;123.0;1;1;1;9;7;117.4;1;0;0;1;0;1;18;0;0;5;7;5;12.0;0;0;5;10;5;11.4;0;8.9;1.4;3.51;Graduate;0.1038;Aman;0.0597;Aman;validasi silang
MHS3364;1;7;1;9147;1;2;150.0;1;3;37;2;5;150.0;1;0;1;0;0;0;38;0;0;5;6;0;0.0;0;0;5;5;0;0.0;0;15.5;2.8;-4.06;Dropout;0.9887;Kritis;0.9793;Kritis;validasi silang
MHS3365;1;17;3;9853;1;1;132.0;1;34;34;0;0;131.3;1;0;0;1;0;0;21;0;0;6;8;5;11.8;0;0;6;8;4;10.5;0;7.6;2.6;0.32;Dropout;0.8211;Kritis;0.4404;Prioritas;validasi silang
MHS3366;1;1;1;9238;1;1;133.0;1;34;37;5;5;120.4;0;0;0;0;0;0;21;0;0;6;12;2;11.5;0;0;6;13;1;13.0;0;9.4;-0.8;-3.12;Dropout;0.8062;Kritis;0.9789;Kritis;validasi silang
MHS3367;1;1;1;9991;0;1;122.0;1;37;37;9;3;113.6;0;0;0;1;1;0;26;0;0;5;11;2;11.5;0;0;5;10;3;12.0;0;7.6;2.6;0.32;Enrolled;0.3854;Prioritas;0.9708;Kritis;mahasiswa aktif
MHS3368;1;1;4;9500;1;1;137.0;1;19;38;9;3;125.0;1;0;0;1;0;0;19;0;0;7;7;6;14.616666666666667;0;0;7;7;6;14.616666666666667;0;7.6;2.6;0.32;Graduate;0.0907;Aman;0.0289;Aman;data uji
MHS3369;1;1;6;9500;1;1;145.0;1;19;37;9;9;132.3;1;0;0;1;0;1;19;0;0;8;8;7;14.06;0;0;8;8;7;14.06;0;10.8;1.4;1.74;Enrolled;0.0364;Aman;0.0281;Aman;mahasiswa aktif
MHS3370;1;17;1;9254;1;1;150.0;1;1;1;9;10;142.7;0;0;1;1;0;0;18;0;0;6;9;4;11.0;0;0;6;12;3;11.333333333333334;0;7.6;2.6;0.32;Dropout;0.5024;Prioritas;0.9338;Kritis;validasi silang
MHS3371;1;7;1;9147;1;3;130.0;1;37;37;9;9;130.0;0;0;0;1;0;0;25;0;0;5;0;0;0.0;0;0;5;0;0;0.0;0;12.7;3.7;-1.7;Dropout;0.5864;Prioritas;0.98;Kritis;data uji
MHS3372;1;1;6;9500;1;1;136.0;1;37;1;5;4;120.8;1;0;0;1;0;0;19;0;6;14;22;7;12.192307692307692;5;6;14;22;7;12.192307692307692;5;7.6;2.6;0.32;Graduate;0.2311;Prioritas;0.7813;Kritis;validasi silang
MHS3373;1;17;2;9254;1;1;131.0;1;1;19;9;9;130.3;1;0;0;1;0;1;18;0;0;6;6;6;12.833333333333334;0;0;6;7;6;12.333333333333334;0;13.9;-0.3;0.79;Graduate;0.1279;Aman;0.0532;Aman;validasi silang
MHS3374;1;17;1;9147;1;1;130.0;1;37;37;9;7;119.9;0;0;0;1;0;1;19;0;0;5;8;5;12.875;0;0;5;6;5;11.833333333333334;0;13.9;-0.3;0.79;Graduate;0.1902;Aman;0.0281;Aman;validasi silang
MHS3375;1;1;1;9238;1;1;108.0;1;19;38;9;7;110.5;1;0;0;1;0;1;22;0;0;6;6;6;12.166666666666666;0;0;6;6;6;12.5;0;12.4;0.5;1.79;Graduate;0.0312;Aman;0.0318;Aman;validasi silang
MHS3376;1;44;1;9003;1;39;160.0;1;38;38;6;6;160.0;1;0;0;1;0;0;21;0;0;6;11;6;13.428571428571429;0;0;6;12;6;12.857142857142858;0;15.5;2.8;-4.06;Graduate;0.1021;Aman;0.0355;Aman;validasi silang
MHS3377;1;17;1;9085;1;1;113.0;1;19;37;9;9;118.6;1;0;0;1;0;1;21;0;0;6;6;6;14.5;0;0;6;8;6;14.666666666666666;0;8.9;1.4;3.51;Graduate;0.0771;Aman;0.0283;Aman;validasi silang
MHS3378;1;1;1;9853;1;1;113.0;1;38;38;3;7;112.3;0;0;0;1;0;1;20;0;0;7;7;7;12.142857142857142;0;0;7;7;7;12.857142857142858;0;11.1;0.6;2.02;Graduate;0.1422;Aman;0.0307;Aman;data uji
MHS3379;2;1;1;9147;1;1;137.0;1;19;37;9;9;124.4;0;0;0;1;0;0;19;0;0;5;6;4;11.25;0;0;5;10;3;11.714285714285714;0;10.8;1.4;1.74;Enrolled;0.2214;Prioritas;0.4701;Prioritas;mahasiswa aktif
MHS3380;1;1;4;9500;1;1;148.0;1;19;19;9;3;125.0;1;0;0;1;0;0;18;0;0;7;7;6;13.9;0;0;7;7;6;13.9;0;7.6;2.6;0.32;Graduate;0.0873;Aman;0.0337;Aman;validasi silang
MHS3381;1;39;1;9500;1;1;130.0;1;19;19;9;8;105.8;0;0;0;1;0;0;26;0;0;7;12;3;13.766666666666666;0;0;7;11;3;12.066666666666668;0;13.9;-0.3;0.79;Dropout;0.3806;Prioritas;0.9757;Kritis;validasi silang
MHS3382;1;26;1;9147;1;2;133.1;1;34;34;0;0;121.5;1;0;0;1;0;0;31;0;13;15;17;13;11.615384615384617;0;11;14;14;11;12.545454545454543;0;7.6;2.6;0.32;Dropout;0.8699;Kritis;0.2668;Aman;validasi silang
MHS3383;1;17;1;9238;1;1;138.0;1;37;38;9;8;134.2;1;0;0;1;0;1;18;0;0;6;6;6;15.166666666666666;0;0;6;7;6;14.142857142857142;0;11.1;0.6;2.02;Graduate;0.0399;Aman;0.0336;Aman;data uji
MHS3384;4;7;1;9147;1;3;130.0;1;19;1;5;5;130.0;0;0;0;1;0;0;35;0;0;5;5;0;0.0;0;0;5;5;0;0.0;0;11.1;0.6;2.02;Dropout;0.6391;Prioritas;0.9799;Kritis;validasi silang
MHS3385;1;1;1;9085;1;1;127.0;1;37;37;9;9;122.8;1;0;0;1;0;0;19;0;0;5;10;2;14.5;1;0;5;9;3;11.333333333333334;0;12.7;3.7;-1.7;Enrolled;0.1994;Aman;0.937;Kritis;mahasiswa aktif
MHS3386;1;1;1;9238;1;1;115.0;1;19;38;7;7;108.7;0;0;0;1;0;1;19;0;0;6;9;5;10.8;0;0;6;8;6;10.714285714285714;0;15.5;2.8;-4.06;Graduate;0.0584;Aman;0.034;Aman;validasi silang
MHS3387;1;1;2;9500;1;1;147.0;1;3;1;4;3;136.7;0;0;0;1;0;0;18;0;0;7;7;7;13.995714285714287;0;0;8;9;8;14.955555555555556;0;11.1;0.6;2.02;Graduate;0.0929;Aman;0.066;Aman;validasi silang
MHS3388;1;17;1;9085;1;1;132.0;1;38;38;4;9;119.1;0;0;0;1;0;0;20;0;0;6;8;6;13.285714285714286;0;0;6;16;6;11.8;0;12.4;0.5;1.79;Graduate;0.2936;Prioritas;0.0473;Aman;validasi silang
MHS3389;1;1;4;171;1;1;146.0;1;1;1;9;5;151.3;1;0;0;1;0;1;19;0;6;12;12;12;12.75;0;4;11;16;11;13.25;0;8.9;1.4;3.51;Graduate;0.0578;Aman;0.034;Aman;validasi silang
MHS3390;1;43;1;9238;1;1;109.0;1;19;37;5;5;108.3;0;0;0;1;0;1;21;0;0;6;15;2;10.5;0;0;6;8;5;12.4;0;10.8;1.4;1.74;Enrolled;0.0615;Aman;0.3795;Aman;mahasiswa aktif
MHS3391;1;17;1;9853;1;1;133.0;1;38;38;9;9;127.4;0;0;1;1;0;1;18;0;0;7;7;7;12.714285714285714;0;0;7;7;7;12.285714285714286;0;16.2;0.3;-0.92;Graduate;0.4839;Prioritas;0.0368;Aman;validasi silang
MHS3392;1;42;1;9500;1;1;124.0;1;19;19;4;9;124.0;0;0;0;1;0;0;23;0;0;8;8;8;12.88625;0;0;8;8;8;12.88625;0;9.4;-0.8;-3.12;Graduate;0.1947;Aman;0.0315;Aman;validasi silang
MHS3393;1;1;1;9070;1;1;133.1;1;1;1;9;9;155.0;0;0;0;1;0;1;21;0;0;6;7;5;13.0;0;0;6;6;6;12.666666666666666;0;16.2;0.3;-0.92;Graduate;0.0518;Aman;0.0337;Aman;validasi silang
MHS3394;1;1;1;9147;1;1;121.0;1;37;38;9;9;114.0;0;0;0;1;0;1;19;0;0;5;7;5;12.2;0;0;5;6;5;11.2;0;11.1;0.6;2.02;Graduate;0.1163;Aman;0.0297;Aman;validasi silang
MHS3395;1;1;2;9147;1;1;129.0;1;38;19;3;7;118.9;1;0;0;1;0;0;19;0;0;5;8;4;12.8;0;0;5;10;3;14.5;0;10.8;1.4;1.74;Enrolled;0.2424;Prioritas;0.2969;Aman;mahasiswa aktif
MHS3396;1;53;1;9085;1;42;160.0;1;19;37;4;9;160.0;1;0;0;1;0;0;20;0;7;11;15;11;13.785714285714286;0;4;9;9;9;13.88888888888889;0;8.9;1.4;3.51;Graduate;0.1642;Aman;0.0405;Aman;validasi silang
MHS3397;1;43;1;9147;1;1;131.0;1;3;19;2;9;126.1;0;0;0;1;0;0;18;0;0;5;5;0;0.0;0;0;5;9;4;13.25;2;16.2;0.3;-0.92;Enrolled;0.4187;Prioritas;0.792;Kritis;mahasiswa aktif
MHS3398;1;1;1;9500;1;1;150.0;1;37;37;9;7;136.5;1;0;0;1;0;1;18;0;0;8;8;8;14.50125;0;0;8;8;8;14.50125;0;9.4;-0.8;-3.12;Graduate;0.0313;Aman;0.0279;Aman;data uji
MHS3399;2;1;5;9500;1;1;130.0;1;1;19;4;4;122.3;0;0;0;1;0;0;19;0;0;7;7;6;14.35;0;0;7;7;6;14.35;0;7.6;2.6;0.32;Graduate;0.0925;Aman;0.0376;Aman;validasi silang
MHS3400;1;17;1;9070;1;1;133.1;1;38;19;5;5;128.0;0;0;0;1;0;1;21;0;0;6;6;6;11.5;0;0;6;6;6;12.333333333333334;0;9.4;-0.8;-3.12;Graduate;0.0684;Aman;0.0307;Aman;validasi silang
MHS3401;1;1;1;9238;1;1;154.0;1;38;38;9;9;156.5;1;1;0;1;0;1;18;0;0;6;8;6;11.714285714285714;0;0;6;6;6;14.666666666666666;0;12.7;3.7;-1.7;Graduate;0.0276;Aman;0.0374;Aman;validasi silang
MHS3402;1;1;1;9670;1;1;126.0;1;37;19;7;7;125.7;0;0;0;1;0;0;20;0;0;6;9;6;13.571428571428571;0;0;6;10;5;13.6;0;15.5;2.8;-4.06;Enrolled;0.2582;Prioritas;0.0822;Aman;mahasiswa aktif
MHS3403;1;1;1;9773;1;1;150.0;1;19;38;9;5;143.0;0;0;0;1;0;0;18;0;0;6;6;5;13.0;0;0;6;6;6;13.666666666666666;0;12.7;3.7;-1.7;Graduate;0.1957;Aman;0.0424;Aman;validasi silang
MHS3404;1;17;5;9500;1;1;141.0;1;19;19;9;7;131.9;1;0;0;1;0;1;18;0;0;7;8;7;13.56875;0;0;8;8;8;14.02625;0;15.5;2.8;-4.06;Graduate;0.0741;Aman;0.0431;Aman;data uji
MHS3405;2;43;1;9991;0;1;134.0;1;37;37;9;9;113.7;0;0;0;1;0;0;32;0;1;5;5;5;10.2;0;0;5;9;4;11.25;0;9.4;-0.8;-3.12;Enrolled;0.3099;Prioritas;0.1727;Aman;mahasiswa aktif
MHS3406;1;17;2;171;1;1;146.0;1;3;3;3;3;155.1;1;0;0;1;0;0;18;0;0;0;0;0;0.0;0;0;0;0;0;0.0;0;13.9;-0.3;0.79;Graduate;0.2494;Prioritas;0.3678;Aman;validasi silang
MHS3407;1;16;3;9853;1;1;134.0;1;19;37;9;9;121.1;1;0;0;1;0;0;19;0;0;6;8;5;12.2;0;0;6;8;5;11.8;0;10.8;1.4;1.74;Enrolled;0.4917;Prioritas;0.3184;Aman;mahasiswa aktif
MHS3408;1;1;3;9500;1;1;139.0;1;1;19;9;3;130.3;1;0;0;1;0;1;18;0;0;8;8;8;14.15375;0;0;8;8;8;14.15375;0;9.4;-0.8;-3.12;Graduate;0.0292;Aman;0.0344;Aman;data uji
MHS3409;1;1;6;9500;1;1;136.0;1;1;1;4;5;123.3;0;0;0;0;0;0;18;0;0;8;8;0;0.0;8;0;8;8;0;0.0;8;9.4;-0.8;-3.12;Dropout;0.7188;Kritis;0.9786;Kritis;validasi silang
MHS3410;1;1;5;9773;1;1;110.0;1;19;38;3;5;117.4;1;0;0;1;0;0;20;0;0;6;7;6;13.833333333333334;0;0;6;6;6;12.833333333333334;0;11.1;0.6;2.02;Graduate;0.1746;Aman;0.0429;Aman;validasi silang
MHS3411;1;5;1;9670;1;1;135.0;1;1;12;4;4;140.3;1;0;0;1;0;0;19;0;0;6;7;6;13.428571428571429;0;0;6;6;4;14.0;0;12.4;0.5;1.79;Enrolled;0.2124;Aman;0.0703;Aman;mahasiswa aktif
MHS3412;1;17;4;9500;1;1;129.0;1;38;37;9;5;120.0;1;0;0;1;0;0;19;0;0;8;8;7;12.454285714285716;0;0;8;8;7;12.454285714285716;0;10.8;1.4;1.74;Graduate;0.1981;Aman;0.0292;Aman;validasi silang
MHS3413;1;17;1;9147;1;1;139.0;1;38;38;7;5;133.4;0;0;0;1;0;0;18;0;0;5;9;1;11.0;1;0;5;10;0;0.0;0;9.4;-0.8;-3.12;Enrolled;0.3699;Prioritas;0.9801;Kritis;mahasiswa aktif
MHS3414;1;1;4;9500;1;1;137.0;1;1;19;4;7;126.7;1;0;0;1;0;0;18;0;0;7;0;0;0.0;0;0;8;0;0;0.0;0;15.5;2.8;-4.06;Dropout;0.1481;Aman;0.9791;Kritis;validasi silang
MHS3415;1;17;3;9500;1;1;138.0;1;1;19;7;8;129.3;1;0;0;1;0;1;18;0;0;7;8;6;13.271666666666668;0;0;8;11;7;12.94375;0;12.4;0.5;1.79;Graduate;0.0559;Aman;0.0391;Aman;validasi silang
MHS3416;1;17;6;9500;1;1;136.0;1;3;38;2;9;125.7;1;0;0;1;0;0;20;0;0;7;8;6;13.548333333333334;0;0;8;11;6;14.775;0;11.1;0.6;2.02;Enrolled;0.1818;Aman;0.2323;Aman;mahasiswa aktif
MHS3417;1;1;1;9773;1;1;143.0;1;3;3;2;5;144.8;0;0;0;1;0;0;19;0;0;6;6;6;12.166666666666666;0;0;6;6;6;12.5;0;16.2;0.3;-0.92;Enrolled;0.2147;Aman;0.0456;Aman;mahasiswa aktif
MHS3418;1;1;1;9254;1;1;133.1;1;38;19;3;3;98.6;0;0;0;1;0;0;21;0;0;6;16;2;11.0;0;0;6;12;0;0.0;0;12.7;3.7;-1.7;Dropout;0.3047;Prioritas;0.9792;Kritis;validasi silang
MHS3419;1;1;1;9853;1;1;136.0;1;38;37;9;9;126.9;1;0;0;1;0;1;19;0;0;7;7;7;13.285714285714286;0;0;7;7;7;14.428571428571429;0;11.1;0.6;2.02;Graduate;0.166;Aman;0.0412;Aman;validasi silang
MHS3420;1;17;1;9238;1;1;139.0;1;19;38;4;9;146.7;1;0;0;1;0;1;20;0;0;6;6;6;13.333333333333334;0;0;6;7;6;14.0;0;15.5;2.8;-4.06;Graduate;0.0554;Aman;0.0293;Aman;validasi silang
MHS3421;1;1;1;9500;1;1;125.0;1;1;1;9;4;117.0;0;0;0;1;0;1;21;0;0;8;8;8;13.2575;0;0;8;8;8;13.2575;0;9.4;-0.8;-3.12;Graduate;0.0598;Aman;0.0292;Aman;validasi silang
MHS3422;1;44;1;9085;1;39;130.0;1;37;38;9;6;130.0;1;0;0;1;0;0;23;0;0;6;7;0;0.0;0;0;6;7;0;0.0;0;11.1;0.6;2.02;Dropout;0.1628;Aman;0.9788;Kritis;validasi silang
MHS3423;1;17;1;9238;1;1;137.0;1;1;38;5;8;125.8;0;0;0;0;0;1;18;0;0;6;10;6;12.666666666666666;0;0;6;6;2;11.5;0;12.7;3.7;-1.7;Dropout;0.4302;Prioritas;0.8644;Kritis;validasi silang
MHS3424;2;39;1;9991;0;3;130.0;1;3;1;1;10;160.0;0;0;0;1;0;0;30;0;0;5;5;5;14.6;0;0;5;5;5;15.4;0;12.7;3.7;-1.7;Dropout;0.465;Prioritas;0.043;Aman;validasi silang
MHS3425;1;1;1;9085;1;1;130.0;1;9;19;4;1;134.2;1;0;0;1;0;0;20;0;0;5;13;0;0.0;5;0;5;5;0;0.0;5;9.4;-0.8;-3.12;Dropout;0.1537;Aman;0.9771;Kritis;validasi silang
MHS3426;2;43;2;9147;1;1;160.0;1;37;37;9;9;96.0;0;0;0;0;0;0;29;0;3;5;7;3;12.333333333333334;0;0;5;8;0;0.0;0;10.8;1.4;1.74;Dropout;0.9269;Kritis;0.9788;Kritis;validasi silang
MHS3427;1;18;1;9147;1;1;100.0;1;38;38;5;5;101.8;1;0;0;1;0;0;24;0;0;5;5;5;10.8;0;0;5;11;2;11.0;0;10.8;1.4;1.74;Enrolled;0.4499;Prioritas;0.8439;Kritis;mahasiswa aktif
MHS3428;1;1;1;9238;1;1;136.0;1;19;1;4;3;125.2;1;0;0;1;0;0;20;0;0;6;7;6;11.666666666666666;0;0;6;10;6;11.333333333333334;0;7.6;2.6;0.32;Graduate;0.1058;Aman;0.0583;Aman;validasi silang
MHS3429;1;43;1;8014;0;1;117.0;1;37;37;9;9;100.0;0;0;0;1;0;0;27;0;0;6;6;4;12.5;0;0;6;6;6;14.333333333333334;0;13.9;-0.3;0.79;Dropout;0.2139;Aman;0.0468;Aman;data uji
MHS3430;2;7;1;9147;1;3;140.0;1;37;37;9;9;140.0;0;0;0;1;0;0;23;0;0;5;0;0;0.0;0;0;5;0;0;0.0;0;7.6;2.6;0.32;Dropout;0.3056;Prioritas;0.9799;Kritis;validasi silang
MHS3431;1;51;1;9070;1;1;132.0;1;19;19;153;153;120.0;0;0;0;1;0;1;23;0;0;6;6;6;15.333333333333334;0;0;6;6;6;14.166666666666666;0;11.1;0.6;2.02;Graduate;0.0918;Aman;0.0286;Aman;validasi silang
MHS3432;1;1;3;9500;1;1;147.0;1;1;1;4;4;134.3;1;0;0;1;0;0;18;0;0;8;8;7;14.2;0;0;8;8;7;14.2;0;12.7;3.7;-1.7;Graduate;0.144;Aman;0.0288;Aman;validasi silang
MHS3433;1;1;1;9773;1;1;158.0;1;38;38;9;7;144.7;1;0;0;1;0;1;19;0;0;6;6;6;14.833333333333334;0;0;6;6;6;14.666666666666666;0;12.7;3.7;-1.7;Graduate;0.0494;Aman;0.0459;Aman;data uji
MHS3434;1;17;6;9500;1;1;142.0;1;19;37;4;9;131.9;1;0;0;1;0;0;19;0;0;7;7;7;13.642857142857142;0;0;8;8;8;14.3875;0;13.9;-0.3;0.79;Dropout;0.2101;Aman;0.0346;Aman;validasi silang
MHS3435;1;1;1;9773;1;1;143.0;1;1;38;8;8;136.7;1;0;0;1;0;1;18;0;0;6;6;6;13.833333333333334;0;0;6;6;6;14.0;0;11.1;0.6;2.02;Dropout;0.086;Aman;0.0312;Aman;validasi silang
MHS3436;1;1;2;9070;1;1;135.0;1;1;1;4;7;129.8;1;0;0;1;0;0;19;0;0;6;6;6;11.833333333333334;0;0;6;7;6;13.0;0;9.4;-0.8;-3.12;Graduate;0.2035;Aman;0.0498;Aman;validasi silang
MHS3437;1;1;1;9773;1;1;160.0;1;1;38;4;7;146.5;0;0;0;1;0;1;18;0;0;6;7;6;13.428571428571429;0;0;6;10;6;13.5;0;13.9;-0.3;0.79;Graduate;0.0499;Aman;0.031;Aman;validasi silang
MHS3438;1;43;1;9991;0;1;120.0;1;37;37;9;8;122.5;1;0;0;1;0;0;29;0;8;13;16;8;10.5;0;8;12;19;9;10.333333333333334;0;9.4;-0.8;-3.12;Enrolled;0.3398;Prioritas;0.7641;Kritis;mahasiswa aktif
MHS3439;1;39;2;9556;1;19;133.1;1;37;37;3;7;117.8;0;0;0;1;0;0;24;0;0;7;10;6;11.416666666666666;0;0;8;9;8;11.9625;0;13.9;-0.3;0.79;Graduate;0.6301;Prioritas;0.1059;Aman;validasi silang
MHS3440;1;17;2;9556;1;1;133.1;1;37;38;9;8;106.0;1;0;0;1;0;0;19;0;0;7;16;2;12.75;0;0;7;12;2;11.0;0;8.9;1.4;3.51;Dropout;0.3486;Prioritas;0.9768;Kritis;validasi silang
MHS3441;1;17;1;9556;1;1;133.0;1;1;38;4;9;119.0;0;0;0;1;0;0;19;0;0;7;10;6;11.15;0;0;7;7;7;12.814285714285717;0;12.7;3.7;-1.7;Enrolled;0.3518;Prioritas;0.0411;Aman;mahasiswa aktif
MHS3442;1;1;1;9670;1;1;120.0;1;38;19;4;8;115.1;0;0;0;1;0;0;19;0;0;6;8;3;11.666666666666666;0;0;6;11;5;13.625;0;10.8;1.4;1.74;Enrolled;0.1591;Aman;0.2911;Aman;mahasiswa aktif
MHS3443;1;17;4;9254;1;1;106.0;1;37;19;9;7;116.9;1;0;0;1;0;0;20;0;0;6;7;6;11.5;0;0;6;8;5;12.4;0;11.1;0.6;2.02;Graduate;0.4127;Prioritas;0.0657;Aman;data uji
MHS3444;1;1;2;9773;1;1;148.0;1;1;19;9;9;141.7;0;0;0;1;0;0;18;0;0;6;6;6;13.833333333333334;0;0;6;6;6;12.666666666666666;0;10.8;1.4;1.74;Graduate;0.1523;Aman;0.0388;Aman;data uji
MHS3445;1;1;2;9070;1;1;134.0;1;1;19;3;3;127.7;1;0;0;0;0;0;18;0;1;6;8;6;11.714285714285714;1;0;6;11;4;11.333333333333334;0;13.9;-0.3;0.79;Dropout;0.7253;Kritis;0.6926;Kritis;validasi silang
MHS3446;1;1;5;9500;1;1;130.0;1;19;1;9;5;122.1;1;0;0;1;0;1;19;0;0;7;8;7;11.678571428571429;0;0;8;10;7;13.0375;0;12.4;0.5;1.79;Graduate;0.0486;Aman;0.0541;Aman;data uji
MHS3447;1;16;1;9085;1;1;150.0;1;3;3;2;1;153.5;1;0;0;1;0;0;19;0;0;6;7;6;15.714285714285714;0;0;6;6;6;14.666666666666666;0;13.9;-0.3;0.79;Dropout;0.1439;Aman;0.0451;Aman;data uji
MHS3448;1;1;1;171;1;1;141.0;1;1;19;5;8;141.4;1;0;0;1;0;1;18;0;0;0;0;0;0.0;0;0;0;0;0;0.0;0;13.9;-0.3;0.79;Graduate;0.1055;Aman;0.3374;Aman;validasi silang
MHS3449;1;1;1;9773;1;1;140.0;1;19;37;9;6;135.8;1;0;0;1;0;1;19;0;0;6;6;6;13.0;0;0;6;7;6;13.0;0;10.8;1.4;1.74;Graduate;0.0563;Aman;0.0824;Aman;validasi silang
MHS3450;1;1;2;9500;1;1;138.0;1;3;3;2;2;127.5;1;0;0;1;0;1;18;0;0;7;7;7;14.485714285714286;0;0;8;9;8;14.58888888888889;0;16.2;0.3;-0.92;Graduate;0.0446;Aman;0.0455;Aman;validasi silang
MHS3451;1;39;1;9991;0;1;130.0;1;37;37;9;9;151.6;0;0;0;1;0;0;24;0;0;5;9;5;12.285714285714286;0;0;5;8;5;12.125;0;16.2;0.3;-0.92;Enrolled;0.474;Prioritas;0.0626;Aman;mahasiswa aktif
MHS3452;1;39;1;9500;1;1;133.1;1;19;19;5;6;121.4;0;0;1;1;0;0;28;0;0;7;12;4;13.375;0;0;7;7;5;13.5;0;13.9;-0.3;0.79;Enrolled;0.525;Prioritas;0.8331;Kritis;mahasiswa aktif
MHS3453;1;42;1;9500;1;1;133.0;1;1;1;4;4;100.0;0;0;0;1;0;0;20;0;1;8;8;7;11.571428571428571;0;1;8;8;7;11.571428571428571;0;12.7;3.7;-1.7;Graduate;0.342;Prioritas;0.0407;Aman;validasi silang
MHS3454;1;1;6;9500;1;1;150.0;1;37;38;9;9;131.5;1;0;0;1;0;1;19;0;0;8;8;7;12.657142857142857;0;0;8;8;7;12.657142857142857;0;12.7;3.7;-1.7;Graduate;0.0513;Aman;0.0267;Aman;validasi silang
MHS3455;1;17;1;9147;1;1;117.0;1;37;37;9;9;109.3;0;0;0;0;0;0;22;0;0;5;9;2;10.0;1;0;5;11;1;10.0;0;9.4;-0.8;-3.12;Dropout;0.9047;Kritis;0.9787;Kritis;validasi silang
MHS3456;1;1;1;9238;1;1;145.0;1;19;1;6;5;127.9;1;0;0;1;0;0;19;0;0;6;7;6;13.714285714285714;0;0;6;6;6;13.166666666666666;0;12.7;3.7;-1.7;Graduate;0.1898;Aman;0.0401;Aman;validasi silang
MHS3457;1;7;1;9238;1;3;140.0;1;37;37;9;9;140.0;1;0;0;1;0;0;36;0;10;14;21;13;13.071428571428571;0;4;11;16;11;13.0;0;16.2;0.3;-0.92;Graduate;0.3421;Prioritas;0.0557;Aman;validasi silang
MHS3458;1;44;1;9003;1;39;160.0;1;37;38;9;7;160.0;0;0;0;1;0;1;19;0;0;6;7;6;15.333333333333334;0;0;6;9;6;14.0;0;15.5;2.8;-4.06;Graduate;0.0671;Aman;0.0291;Aman;validasi silang
MHS3459;1;17;1;9238;1;1;125.0;1;4;3;1;1;119.8;0;0;0;1;0;0;18;0;0;6;9;5;11.571428571428571;0;0;6;8;6;12.142857142857142;0;16.2;0.3;-0.92;Graduate;0.168;Aman;0.0359;Aman;validasi silang
MHS3460;4;43;4;9991;0;12;133.1;1;37;37;9;9;153.0;0;0;0;0;0;0;40;0;0;5;10;0;0.0;0;0;5;5;0;0.0;0;7.6;2.6;0.32;Dropout;0.7771;Kritis;0.9786;Kritis;validasi silang
MHS3461;1;1;2;9500;1;1;139.0;1;38;37;9;7;125.0;1;0;0;1;0;1;19;0;0;7;7;6;12.9;0;0;7;7;6;12.9;0;7.6;2.6;0.32;Graduate;0.0251;Aman;0.032;Aman;data uji
MHS3462;4;43;1;9500;1;1;130.0;1;37;37;9;9;103.7;0;0;0;1;0;0;38;0;1;8;12;5;13.126;1;1;8;12;5;13.126;1;10.8;1.4;1.74;Enrolled;0.2248;Prioritas;0.8828;Kritis;mahasiswa aktif
MHS3463;1;7;1;9085;1;3;120.0;1;37;37;7;7;120.0;0;0;0;1;0;0;32;0;4;10;20;4;11.5;2;3;9;13;3;11.666666666666666;2;15.5;2.8;-4.06;Dropout;0.5748;Prioritas;0.9604;Kritis;validasi silang
MHS3464;1;1;1;9853;1;1;160.0;1;1;37;9;9;146.0;1;0;0;1;0;0;19;0;0;6;11;3;10.333333333333334;0;0;6;10;5;11.8;0;9.4;-0.8;-3.12;Enrolled;0.3954;Prioritas;0.5111;Prioritas;mahasiswa aktif
MHS3465;1;17;3;9070;1;1;120.0;1;3;1;4;4;116.9;1;0;0;1;0;0;19;0;0;6;6;6;13.5;0;0;6;7;6;13.428571428571429;0;8.9;1.4;3.51;Graduate;0.3112;Prioritas;0.0405;Aman;validasi silang
MHS3466;2;39;1;9147;1;1;130.0;1;37;37;9;9;117.9;0;0;0;1;0;0;35;0;0;1;1;0;0.0;1;0;5;0;0;0.0;0;10.8;1.4;1.74;Dropout;0.5142;Prioritas;0.9786;Kritis;data uji
MHS3467;1;1;1;9147;1;1;124.0;1;38;19;3;10;128.6;1;0;0;1;0;0;20;0;0;5;5;4;12.0;0;0;4;4;2;11.5;0;7.6;2.6;0.32;Enrolled;0.1626;Aman;0.759;Kritis;mahasiswa aktif
MHS3468;1;17;1;9853;1;1;150.0;1;19;19;3;4;135.0;0;0;0;1;0;0;29;0;2;8;10;7;11.142857142857142;0;2;8;11;8;11.375;0;12.7;3.7;-1.7;Graduate;0.6133;Prioritas;0.1326;Aman;data uji
MHS3469;1;1;1;9991;0;1;140.0;1;37;37;9;9;124.6;0;0;0;1;0;0;29;0;0;5;11;5;11.4;0;0;5;10;4;10.25;0;15.5;2.8;-4.06;Enrolled;0.3464;Prioritas;0.3844;Aman;mahasiswa aktif
MHS3470;1;1;5;9500;1;1;135.0;1;37;37;7;7;124.0;1;0;0;1;0;1;19;0;0;8;8;7;12.771428571428572;1;0;8;8;7;12.771428571428572;1;9.4;-0.8;-3.12;Enrolled;0.0535;Aman;0.0495;Aman;mahasiswa aktif
MHS3471;1;1;6;9500;1;1;143.0;1;38;19;7;9;129.5;1;0;0;1;0;1;18;0;0;8;8;7;13.79857142857143;0;0;8;8;7;13.79857142857143;0;10.8;1.4;1.74;Graduate;0.0359;Aman;0.0267;Aman;validasi silang
MHS3472;2;39;1;8014;0;19;100.0;1;38;19;0;10;111.3;0;0;1;0;0;0;25;0;0;6;7;6;13.333333333333334;0;0;6;6;6;13.5;0;7.6;2.6;0.32;Graduate;0.945;Kritis;0.4922;Prioritas;validasi silang
MHS3473;4;39;1;8014;0;19;133.1;1;37;37;9;9;95.0;0;0;1;0;0;0;50;0;0;6;11;0;0.0;0;0;5;6;0;0.0;0;8.9;1.4;3.51;Dropout;0.9697;Kritis;0.98;Kritis;data uji
MHS3474;2;1;1;9147;1;1;133.1;1;34;34;0;0;131.8;0;0;0;1;0;0;24;0;14;15;17;14;11.357142857142858;0;13;14;15;13;12.846153846153848;0;7.6;2.6;0.32;Dropout;0.5387;Prioritas;0.1987;Aman;data uji
MHS3475;1;1;5;9119;1;1;132.0;1;38;19;5;3;119.1;0;0;0;1;0;0;18;0;0;5;11;0;0.0;0;0;5;8;0;0.0;0;9.4;-0.8;-3.12;Dropout;0.5146;Prioritas;0.9795;Kritis;validasi silang
MHS3476;1;17;1;9085;1;1;131.0;1;38;38;191;174;125.4;1;0;0;1;0;0;20;0;0;6;13;6;15.692307692307692;0;0;6;13;5;14.428571428571429;0;15.5;2.8;-4.06;Graduate;0.2243;Prioritas;0.0767;Aman;validasi silang
MHS3477;1;16;1;9003;1;1;147.0;1;1;37;4;9;140.7;1;0;1;1;0;1;20;0;13;18;19;18;15.052631578947368;0;11;13;13;13;14.538461538461538;0;15.5;2.8;-4.06;Graduate;0.1327;Aman;0.039;Aman;validasi silang
MHS3478;1;43;1;9991;0;1;141.0;1;37;37;9;9;131.9;0;0;0;1;0;0;21;0;6;10;20;6;11.5;0;5;10;17;5;12.4;0;9.4;-0.8;-3.12;Dropout;0.2994;Prioritas;0.9235;Kritis;data uji
MHS3479;1;39;1;9238;1;1;160.0;1;38;1;9;3;124.0;0;0;1;1;1;0;28;0;2;8;15;7;11.0;0;0;6;17;1;10.0;0;10.8;1.4;1.74;Enrolled;0.6981;Kritis;0.9602;Kritis;mahasiswa aktif
MHS3480;1;1;1;9254;1;1;135.0;1;38;37;9;7;139.2;0;0;0;1;1;1;19;0;0;6;6;6;13.0;0;0;6;6;6;13.166666666666666;0;12.4;0.5;1.79;Graduate;0.1364;Aman;0.0538;Aman;data uji
MHS3481;1;1;1;9500;1;1;133.0;1;37;37;9;7;121.8;0;0;0;1;1;1;18;0;0;8;8;8;12.93875;0;0;8;8;8;12.93875;0;9.4;-0.8;-3.12;Graduate;0.075;Aman;0.0327;Aman;validasi silang
MHS3482;1;17;1;171;1;1;142.0;1;37;37;9;9;132.9;0;0;0;1;1;0;22;0;0;0;0;0;0.0;0;0;0;0;0;0.0;0;12.7;3.7;-1.7;Graduate;0.6003;Prioritas;0.9116;Kritis;validasi silang
MHS3483;1;44;1;9003;1;39;130.0;1;37;37;9;10;130.0;0;0;0;1;1;0;25;0;0;6;6;0;0.0;0;0;6;8;0;0.0;0;15.5;2.8;-4.06;Dropout;0.4169;Prioritas;0.9798;Kritis;validasi silang
MHS3484;2;39;1;9500;1;1;133.1;1;37;37;9;9;130.1;0;0;0;0;1;0;37;0;0;7;10;5;13.0;0;0;7;9;5;12.88;0;11.1;0.6;2.02;Dropout;0.8904;Kritis;0.9634;Kritis;validasi silang
MHS3485;1;39;1;9500;1;1;133.1;1;37;37;7;7;124.5;0;0;0;0;1;0;38;0;0;7;11;5;12.18;0;0;7;11;4;11.8125;0;11.1;0.6;2.02;Dropout;0.9344;Kritis;0.9746;Kritis;validasi silang
MHS3486;2;39;1;9670;1;1;130.0;1;19;38;9;9;162.3;0;0;0;1;1;0;36;0;0;6;13;3;11.333333333333334;0;0;6;12;5;11.4;0;13.9;-0.3;0.79;Dropout;0.3632;Prioritas;0.8005;Kritis;validasi silang
MHS3487;1;1;2;9500;1;1;149.0;1;19;1;9;9;137.8;1;0;0;1;1;0;18;0;0;8;8;7;13.0;0;0;8;8;7;13.0;0;12.7;3.7;-1.7;Graduate;0.2009;Aman;0.0295;Aman;validasi silang
MHS3488;1;1;1;9670;1;1;130.0;1;1;1;0;0;119.5;0;0;0;0;1;0;19;0;0;5;5;0;0.0;0;0;6;0;0;0.0;0;9.4;-0.8;-3.12;Dropout;0.9261;Kritis;0.9799;Kritis;validasi silang
MHS3489;1;39;1;9130;1;1;150.0;1;1;1;4;10;110.0;0;0;1;1;1;0;24;0;0;5;13;2;12.5;2;0;5;8;3;12.333333333333334;0;9.4;-0.8;-3.12;Dropout;0.9006;Kritis;0.9592;Kritis;validasi silang
MHS3490;1;1;1;9238;1;1;106.0;1;1;1;3;3;105.0;0;0;0;1;1;0;20;0;0;6;9;5;11.0;0;0;6;9;5;12.166666666666666;0;11.1;0.6;2.02;Graduate;0.2313;Prioritas;0.0904;Aman;validasi silang
MHS3491;1;1;1;171;1;1;162.0;1;37;37;9;9;142.8;1;0;0;1;1;0;21;0;0;0;0;0;0.0;0;0;0;0;0;0.0;0;12.7;3.7;-1.7;Dropout;0.4236;Prioritas;0.5305;Prioritas;data uji
MHS3492;2;43;3;9991;0;1;120.0;1;37;37;9;9;128.2;1;0;0;1;1;0;32;0;0;5;5;0;0.0;0;0;5;5;0;0.0;0;7.6;2.6;0.32;Dropout;0.3552;Prioritas;0.9801;Kritis;data uji
MHS3493;2;39;1;9991;0;19;133.1;1;38;38;7;8;120.0;0;0;0;1;1;0;39;0;0;5;9;0;0.0;0;0;5;5;1;10.0;0;12.7;3.7;-1.7;Dropout;0.6495;Prioritas;0.9786;Kritis;validasi silang
MHS3494;1;7;1;9119;1;3;130.0;1;37;37;9;9;130.0;0;0;0;0;1;0;33;0;0;5;6;0;0.0;0;0;5;5;0;0.0;0;12.7;3.7;-1.7;Dropout;0.9897;Kritis;0.9801;Kritis;data uji
MHS3495;1;17;2;9670;1;1;128.0;1;37;38;5;8;121.7;0;0;0;1;1;1;20;0;0;5;5;5;12.4;0;0;5;5;4;10.75;0;9.4;-0.8;-3.12;Graduate;0.1855;Aman;0.1414;Aman;validasi silang
MHS3496;1;1;1;9003;1;1;124.0;1;38;19;9;7;116.0;0;0;0;1;1;0;19;0;0;6;8;6;15.5;0;0;6;10;6;14.1;0;16.2;0.3;-0.92;Graduate;0.2681;Prioritas;0.04;Aman;data uji
MHS3497;2;39;1;9991;0;1;133.1;1;37;37;5;8;133.2;0;0;0;0;1;0;43;0;0;5;13;2;11.5;0;0;5;12;3;10.8;0;13.9;-0.3;0.79;Dropout;0.9714;Kritis;0.9765;Kritis;validasi silang
MHS3498;2;43;1;9991;0;1;114.0;1;37;37;7;8;116.7;0;0;0;1;1;0;49;0;0;5;7;4;13.333333333333334;0;0;5;9;4;11.6;1;16.2;0.3;-0.92;Dropout;0.4929;Prioritas;0.3785;Aman;validasi silang
MHS3499;1;1;2;9773;1;1;140.0;1;38;38;5;7;126.4;1;0;0;1;1;1;18;0;0;6;8;6;12.666666666666666;0;0;6;6;6;13.5;0;12.7;3.7;-1.7;Graduate;0.133;Aman;0.0908;Aman;data uji
MHS3500;1;39;1;9003;1;1;160.0;1;1;37;191;193;140.0;0;0;0;1;1;0;27;0;0;6;6;0;0.0;0;0;6;6;0;0.0;0;11.1;0.6;2.02;Enrolled;0.2321;Prioritas;0.9794;Kritis;mahasiswa aktif
MHS3501;1;1;1;9147;1;1;122.0;1;1;19;9;9;120.3;1;0;0;1;1;1;19;0;0;5;8;5;12.6;0;0;5;9;5;13.6;0;8.9;1.4;3.51;Dropout;0.1387;Aman;0.0337;Aman;validasi silang
MHS3502;1;39;1;9070;1;1;140.0;1;37;37;9;10;118.0;0;0;1;1;1;1;45;0;0;6;6;6;13.5;0;0;6;6;0;0.0;0;16.2;0.3;-0.92;Dropout;0.5868;Prioritas;0.9587;Kritis;validasi silang
MHS3503;1;15;1;9670;1;1;160.0;1;37;12;9;9;149.5;1;0;0;0;1;0;19;0;0;6;6;6;13.0;0;0;6;8;6;13.0;0;13.9;-0.3;0.79;Graduate;0.7531;Kritis;0.1533;Aman;validasi silang
MHS3504;1;44;1;9003;1;39;130.0;1;1;3;9;6;130.0;0;0;0;1;1;1;21;0;0;6;15;6;11.714285714285714;0;0;6;8;4;11.75;0;13.9;-0.3;0.79;Graduate;0.0894;Aman;0.1775;Aman;validasi silang
MHS3505;1;1;1;9670;1;1;141.0;1;1;1;5;9;126.3;0;0;0;1;1;1;18;0;0;6;8;6;12.166666666666666;0;0;6;7;5;13.0;0;13.9;-0.3;0.79;Graduate;0.1456;Aman;0.0512;Aman;data uji
MHS3506;1;17;3;9147;1;1;127.0;1;37;37;5;7;116.2;0;0;0;1;1;0;18;0;0;5;10;0;0.0;1;0;5;13;0;0.0;0;9.4;-0.8;-3.12;Dropout;0.6568;Kritis;0.9799;Kritis;data uji
MHS3507;1;17;1;9254;1;1;126.0;1;37;37;5;1;126.0;0;0;0;0;1;0;29;0;0;6;12;0;0.0;0;0;6;6;0;0.0;6;9.4;-0.8;-3.12;Dropout;0.9497;Kritis;0.9796;Kritis;validasi silang
MHS3508;1;1;1;9670;1;1;131.0;1;1;1;4;9;122.3;0;0;0;1;1;0;19;0;0;5;6;5;11.5;0;0;5;5;5;11.6;0;9.4;-0.8;-3.12;Graduate;0.2862;Prioritas;0.0593;Aman;validasi silang
MHS3509;1;1;1;9147;1;1;130.0;1;19;19;9;7;119.5;1;0;0;1;1;1;18;0;0;5;7;4;11.25;0;0;5;6;4;12.25;0;12.4;0.5;1.79;Enrolled;0.1993;Aman;0.1343;Aman;mahasiswa aktif
MHS3510;1;44;1;9070;1;39;130.0;1;1;1;9;9;131.8;0;0;0;1;1;1;22;0;2;7;7;7;12.285714285714286;0;5;9;10;8;12.375;0;12.4;0.5;1.79;Graduate;0.1409;Aman;0.0653;Aman;validasi silang
MHS3511;1;17;6;9500;1;1;140.0;1;1;1;4;3;130.7;1;0;0;1;1;1;18;0;0;7;7;7;12.718571428571428;0;0;8;11;8;12.805555555555555;0;11.1;0.6;2.02;Dropout;0.134;Aman;0.042;Aman;validasi silang
MHS3512;1;44;1;9130;1;39;140.0;1;1;19;4;7;140.0;0;0;0;1;1;0;20;0;2;6;12;5;12.4;0;1;6;11;2;15.0;0;13.9;-0.3;0.79;Enrolled;0.671;Kritis;0.9708;Kritis;mahasiswa aktif
MHS3513;1;1;1;171;1;1;140.0;1;19;19;1;1;129.5;1;0;0;1;1;0;20;0;0;0;0;0;0.0;0;0;0;0;0;0.0;0;10.8;1.4;1.74;Dropout;0.4186;Prioritas;0.5045;Prioritas;data uji
MHS3514;4;39;1;9670;1;19;133.1;1;37;37;9;7;130.0;0;0;1;1;1;1;29;0;0;6;16;1;14.0;0;0;6;7;0;0.0;0;11.1;0.6;2.02;Dropout;0.6061;Prioritas;0.9789;Kritis;validasi silang
MHS3515;1;39;1;9670;1;1;120.0;1;11;11;90;4;114.0;1;0;0;1;1;0;29;0;0;5;10;3;11.666666666666666;0;0;5;8;4;11.25;0;7.6;2.6;0.32;Dropout;0.8223;Kritis;0.8199;Kritis;validasi silang
MHS3516;1;43;1;9773;1;1;121.0;1;1;1;4;5;121.0;1;0;0;1;1;0;23;0;0;6;15;1;13.0;0;0;6;8;4;11.25;0;9.4;-0.8;-3.12;Enrolled;0.467;Prioritas;0.964;Kritis;mahasiswa aktif
MHS3517;1;17;1;171;1;1;123.0;1;3;12;2;9;116.4;1;0;1;1;1;0;19;0;0;0;0;0;0.0;0;0;0;0;0;0.0;0;10.8;1.4;1.74;Dropout;0.7434;Kritis;0.9043;Kritis;validasi silang
MHS3518;1;1;1;9119;1;1;136.0;1;38;38;9;9;121.7;1;0;0;1;1;0;18;0;0;5;10;0;0.0;0;0;5;11;1;12.0;3;7.6;2.6;0.32;Dropout;0.5306;Prioritas;0.9787;Kritis;data uji
MHS3519;2;42;1;9254;1;1;136.0;1;2;2;134;112;130.0;1;0;0;1;1;0;22;0;2;6;13;4;11.5;0;2;6;12;2;12.5;0;7.6;2.6;0.32;Dropout;0.4519;Prioritas;0.9724;Kritis;validasi silang
MHS3520;1;43;1;9991;0;1;120.0;1;37;37;9;9;120.0;1;0;1;1;1;0;34;0;6;10;10;7;11.714285714285714;0;4;10;10;6;11.5;0;10.8;1.4;1.74;Dropout;0.8043;Kritis;0.8829;Kritis;validasi silang
MHS3521;1;43;1;9991;0;4;160.0;1;3;3;2;1;125.0;0;0;0;1;1;0;26;0;0;5;7;5;12.6;0;0;5;7;5;13.714285714285714;0;13.9;-0.3;0.79;Graduate;0.555;Prioritas;0.0666;Aman;validasi silang
MHS3522;1;17;1;171;1;1;125.0;1;37;37;7;9;134.1;1;0;0;1;1;0;24;0;12;17;19;13;11.642857142857142;0;12;17;25;12;11.25;0;11.1;0.6;2.02;Dropout;0.5762;Prioritas;0.8042;Kritis;data uji
MHS3523;1;1;1;9670;1;1;146.0;1;1;1;9;8;149.5;1;0;0;1;1;1;17;0;0;6;8;6;14.875;0;0;6;8;6;13.428571428571429;0;11.1;0.6;2.02;Graduate;0.0683;Aman;0.0407;Aman;validasi silang
MHS3524;1;43;4;9670;1;1;117.0;1;3;3;4;4;113.2;0;0;0;1;1;0;21;0;0;5;11;2;10.0;0;0;5;10;3;10.333333333333334;0;9.4;-0.8;-3.12;Enrolled;0.4447;Prioritas;0.9697;Kritis;mahasiswa aktif
MHS3525;2;39;1;9991;0;1;150.0;1;1;4;4;2;146.0;0;0;0;1;1;0;34;0;0;5;5;5;14.2;0;0;5;5;5;14.6;0;12.7;3.7;-1.7;Enrolled;0.6484;Prioritas;0.0682;Aman;mahasiswa aktif
MHS3526;1;44;1;9003;1;39;140.0;1;19;38;6;7;140.0;1;0;0;1;1;0;19;0;0;6;8;6;12.714285714285714;0;0;6;9;6;13.5;0;12.4;0.5;1.79;Graduate;0.3773;Prioritas;0.0357;Aman;validasi silang
MHS3527;2;39;1;9003;1;1;111.0;1;1;3;4;2;162.4;0;0;1;0;1;0;49;0;4;12;16;5;11.6;0;2;7;7;5;11.2;0;8.9;1.4;3.51;Dropout;0.9278;Kritis;0.9725;Kritis;data uji
MHS3528;1;43;1;9500;1;1;120.0;1;2;4;4;5;136.6;0;0;0;1;1;0;23;0;0;7;14;5;11.94;0;0;7;14;6;12.2;0;13.9;-0.3;0.79;Dropout;0.1964;Aman;0.4342;Prioritas;validasi silang
MHS3529;1;18;3;9119;1;1;111.0;1;1;19;9;8;111.0;1;0;0;1;1;0;18;0;0;5;10;4;11.6;0;0;5;9;3;14.2;0;12.4;0.5;1.79;Dropout;0.7449;Kritis;0.7149;Kritis;validasi silang
MHS3530;1;1;1;9500;1;1;118.0;1;12;1;4;10;115.7;0;0;0;1;1;0;20;0;0;7;9;5;12.7;0;0;8;9;7;13.475;0;13.9;-0.3;0.79;Enrolled;0.3233;Prioritas;0.1674;Aman;mahasiswa aktif
MHS3531;1;1;3;9670;1;1;106.0;1;3;1;2;3;105.7;1;0;0;1;1;0;19;0;0;6;6;6;13.333333333333334;0;0;6;9;5;13.8;0;8.9;1.4;3.51;Graduate;0.3439;Prioritas;0.0505;Aman;validasi silang
MHS3532;1;42;1;9003;1;39;120.0;1;3;1;2;6;128.2;1;0;0;1;1;0;24;0;4;9;13;8;13.333333333333334;0;5;10;12;9;13.11111111111111;0;16.2;0.3;-0.92;Enrolled;0.4276;Prioritas;0.1702;Aman;mahasiswa aktif
MHS3533;1;1;1;9147;1;1;151.0;1;1;38;4;7;137.0;1;0;0;1;1;0;18;0;0;5;5;5;13.4;0;0;5;5;5;15.0;0;8.9;1.4;3.51;Graduate;0.3501;Prioritas;0.1191;Aman;data uji
MHS3534;2;39;1;9254;1;19;133.1;1;34;34;0;0;120.0;0;0;1;0;1;0;45;0;0;6;12;0;0.0;0;0;6;12;0;0.0;0;9.4;-0.8;-3.12;Dropout;0.9981;Kritis;0.9795;Kritis;validasi silang
MHS3535;1;39;1;9991;0;1;120.0;1;34;34;0;0;120.5;1;0;0;1;1;0;30;0;0;5;5;2;11.0;0;0;5;5;0;0.0;0;7.6;2.6;0.32;Dropout;0.8848;Kritis;0.9785;Kritis;validasi silang
MHS3536;1;51;1;9991;0;39;120.0;1;1;4;4;10;118.1;0;0;0;1;1;0;28;0;13;15;17;13;12.0;0;9;13;13;9;11.333333333333334;0;8.9;1.4;3.51;Dropout;0.4504;Prioritas;0.6229;Prioritas;validasi silang
MHS3537;1;39;1;9991;0;1;110.0;1;37;37;9;9;139.0;0;0;0;1;1;0;40;0;0;5;0;0;0.0;0;0;5;0;0;0.0;0;12.7;3.7;-1.7;Dropout;0.6629;Kritis;0.9796;Kritis;validasi silang
MHS3538;1;39;2;9147;1;19;133.1;1;38;19;4;10;116.3;0;0;0;0;1;0;32;0;0;5;5;0;0.0;0;0;5;9;0;0.0;0;10.8;1.4;1.74;Dropout;0.9706;Kritis;0.9796;Kritis;validasi silang
MHS3539;1;17;5;9254;1;1;118.0;1;19;37;5;5;120.5;1;0;0;1;1;0;19;0;0;6;12;4;12.5;0;0;6;12;4;10.25;0;7.6;2.6;0.32;Dropout;0.5915;Prioritas;0.8064;Kritis;validasi silang
MHS3540;1;1;1;9070;1;1;139.0;1;1;19;3;9;134.9;1;0;0;1;1;0;20;0;0;6;7;6;13.666666666666666;0;0;6;7;6;12.166666666666666;1;16.2;0.3;-0.92;Graduate;0.2799;Prioritas;0.0434;Aman;validasi silang
MHS3541;1;17;1;9119;1;1;130.0;1;1;3;4;2;123.0;0;0;0;1;1;0;18;0;0;5;10;1;10.0;0;0;5;7;0;0.0;0;9.4;-0.8;-3.12;Dropout;0.6964;Kritis;0.9795;Kritis;validasi silang
MHS3542;1;17;1;9670;1;1;132.0;1;38;37;9;9;122.9;0;0;0;0;1;0;20;0;0;6;6;6;11.5;0;0;6;9;2;13.0;0;10.8;1.4;1.74;Dropout;0.8922;Kritis;0.9549;Kritis;validasi silang
MHS3543;1;39;1;9991;0;1;100.0;1;37;38;9;4;140.0;0;0;0;1;1;0;39;0;0;5;7;4;12.25;0;0;5;7;4;12.75;0;15.5;2.8;-4.06;Enrolled;0.7081;Kritis;0.5859;Prioritas;mahasiswa aktif
MHS3544;1;17;1;9085;1;1;120.0;1;19;38;4;8;122.5;0;0;0;0;1;0;19;0;0;6;11;5;13.6;0;0;6;11;5;13.666666666666666;0;11.1;0.6;2.02;Enrolled;0.9002;Kritis;0.8834;Kritis;mahasiswa aktif
MHS3545;1;39;1;9991;0;12;133.1;1;37;37;9;9;121.5;0;0;0;1;1;0;38;0;0;5;11;2;10.5;0;0;5;9;3;11.333333333333334;1;7.6;2.6;0.32;Enrolled;0.7304;Kritis;0.9757;Kritis;mahasiswa aktif
MHS3546;1;17;3;9500;1;1;156.0;1;19;37;4;9;132.3;1;0;0;1;1;1;18;0;0;7;7;6;13.266666666666666;0;0;7;7;6;13.266666666666666;0;7.6;2.6;0.32;Graduate;0.0865;Aman;0.0387;Aman;data uji
MHS3547;1;17;4;9500;1;1;143.0;1;19;38;9;6;131.5;1;0;0;1;1;1;18;0;0;7;8;7;12.5125;0;0;8;8;8;14.1875;0;13.9;-0.3;0.79;Graduate;0.103;Aman;0.0449;Aman;validasi silang
MHS3548;2;43;1;9130;1;9;133.1;1;34;34;0;0;128.2;0;0;0;1;1;0;28;0;0;5;9;0;0.0;0;0;5;5;0;0.0;0;7.6;2.6;0.32;Dropout;0.8363;Kritis;0.9793;Kritis;validasi silang
MHS3549;1;39;1;9670;1;1;140.0;1;37;37;9;9;148.0;1;0;0;0;1;0;31;0;0;6;14;0;0.0;0;0;6;6;0;0.0;0;12.7;3.7;-1.7;Dropout;0.9495;Kritis;0.9796;Kritis;validasi silang
MHS3550;1;1;1;9500;1;1;127.0;1;2;19;3;9;121.5;0;0;0;1;1;0;23;0;0;7;7;6;13.483333333333334;0;0;7;7;6;13.483333333333334;0;7.6;2.6;0.32;Graduate;0.1137;Aman;0.0325;Aman;validasi silang
MHS3551;1;1;1;9500;1;1;135.0;1;38;19;194;193;135.4;1;0;0;1;1;0;21;0;0;7;9;6;12.565;0;0;8;12;5;12.16;0;11.1;0.6;2.02;Enrolled;0.0885;Aman;0.3822;Aman;mahasiswa aktif
MHS3552;1;39;1;9238;1;19;133.1;1;37;37;9;9;139.0;0;0;1;0;1;0;33;0;0;6;8;0;0.0;0;0;5;6;0;0.0;0;16.2;0.3;-0.92;Dropout;0.977;Kritis;0.9799;Kritis;validasi silang
MHS3553;1;43;1;9147;1;1;120.0;1;37;37;5;3;113.4;0;0;0;1;1;0;22;0;0;5;9;3;13.0;0;0;5;9;3;11.666666666666666;0;12.7;3.7;-1.7;Dropout;0.5613;Prioritas;0.952;Kritis;validasi silang
MHS3554;1;44;1;9119;1;39;150.0;1;19;37;9;9;150.0;1;0;1;1;1;0;20;0;0;5;6;5;16.5;0;0;5;7;5;17.714285714285715;0;12.4;0.5;1.79;Dropout;0.8668;Kritis;0.1327;Aman;validasi silang
MHS3555;1;17;1;9670;1;1;123.0;1;37;38;3;3;122.0;0;0;1;1;1;0;19;0;0;6;7;6;13.166666666666666;0;0;6;9;5;13.2;0;8.9;1.4;3.51;Enrolled;0.5088;Prioritas;0.2353;Aman;mahasiswa aktif
MHS3556;1;44;1;9085;1;39;150.0;1;38;38;4;1;150.0;1;0;0;1;1;0;20;0;1;6;11;6;13.8;0;1;6;7;6;13.142857142857142;0;16.2;0.3;-0.92;Graduate;0.4944;Prioritas;0.0518;Aman;validasi silang
MHS3557;1;39;1;9254;1;12;133.1;1;37;37;5;7;119.3;1;0;0;1;1;0;25;0;0;6;7;6;11.166666666666666;0;0;6;11;4;11.8;0;9.4;-0.8;-3.12;Enrolled;0.8302;Kritis;0.234;Aman;mahasiswa aktif
MHS3558;1;39;1;9003;1;1;130.0;1;1;1;9;4;140.0;0;0;0;0;1;0;25;0;0;6;0;0;0.0;0;0;6;0;0;0.0;0;13.9;-0.3;0.79;Dropout;0.9316;Kritis;0.9783;Kritis;validasi silang
MHS3559;1;1;4;9070;1;1;140.0;1;4;19;2;10;125.0;1;0;0;1;1;0;19;0;0;6;7;6;12.666666666666666;0;0;6;8;6;12.142857142857142;0;9.4;-0.8;-3.12;Enrolled;0.2189;Aman;0.0397;Aman;mahasiswa aktif
MHS3560;1;1;1;9670;1;1;141.0;1;2;1;2;4;140.7;1;0;0;1;1;0;20;0;0;5;5;5;12.6;0;0;5;6;4;14.5;1;7.6;2.6;0.32;Graduate;0.2619;Prioritas;0.1158;Aman;validasi silang
MHS3561;2;39;1;9500;1;19;133.1;1;19;19;4;4;100.0;0;0;0;1;1;0;33;0;0;7;7;5;13.06;0;0;7;9;0;0.0;0;16.2;0.3;-0.92;Enrolled;0.6533;Kritis;0.9794;Kritis;mahasiswa aktif
MHS3562;1;17;5;9773;1;1;146.0;1;1;37;5;5;146.7;1;0;0;1;1;0;19;0;0;6;7;6;13.833333333333334;0;0;6;8;6;13.625;0;7.6;2.6;0.32;Graduate;0.4072;Prioritas;0.0413;Aman;validasi silang
MHS3563;1;39;1;9130;1;19;133.1;1;34;34;99;99;96.0;0;0;0;1;1;0;31;0;0;5;5;0;0.0;0;0;5;5;0;0.0;0;7.6;2.6;0.32;Dropout;0.9096;Kritis;0.9795;Kritis;validasi silang
MHS3564;1;44;1;9119;1;39;160.0;1;3;38;2;3;160.0;0;0;1;0;1;0;24;0;2;6;6;2;16.0;0;2;7;7;2;16.0;0;8.9;1.4;3.51;Dropout;0.9865;Kritis;0.9767;Kritis;data uji
MHS3565;1;44;1;9119;1;39;130.0;1;19;3;3;4;130.0;0;0;1;0;1;0;23;0;0;5;5;0;0.0;0;0;5;5;0;0.0;0;15.5;2.8;-4.06;Dropout;0.994;Kritis;0.9793;Kritis;validasi silang
MHS3566;2;39;1;9991;0;1;160.0;1;1;3;1;2;130.0;0;0;0;0;1;1;26;0;0;5;12;3;10.666666666666666;0;0;5;11;3;10.666666666666666;0;9.4;-0.8;-3.12;Dropout;0.9036;Kritis;0.9427;Kritis;validasi silang
MHS3567;2;43;1;9070;1;2;140.0;1;37;37;6;6;140.0;1;0;0;1;1;0;38;0;14;18;18;18;14.5;0;13;18;18;18;14.5;0;16.2;0.3;-0.92;Graduate;0.3845;Prioritas;0.0447;Aman;data uji
MHS3568;1;1;6;9119;1;1;126.0;1;19;19;7;3;116.6;1;0;0;1;1;1;20;0;0;5;6;5;14.0;0;0;5;7;5;13.8;0;8.9;1.4;3.51;Graduate;0.369;Prioritas;0.084;Aman;validasi silang
MHS3569;1;17;5;9119;1;1;118.0;1;1;19;9;9;120.5;1;0;0;1;1;0;20;0;0;5;10;3;13.333333333333334;0;0;5;11;5;13.571428571428571;0;12.4;0.5;1.79;Graduate;0.7801;Kritis;0.2129;Aman;validasi silang
MHS3570;1;39;1;9085;1;19;133.1;1;3;1;2;5;103.0;0;0;0;1;1;0;25;0;0;6;0;0;0.0;0;0;6;0;0;0.0;0;10.8;1.4;1.74;Dropout;0.7427;Kritis;0.9788;Kritis;validasi silang
MHS3571;1;17;2;9070;1;1;121.0;1;1;19;144;144;111.9;1;0;0;1;1;0;19;0;0;6;9;5;12.0;0;0;6;10;4;11.2;0;8.9;1.4;3.51;Graduate;0.2378;Prioritas;0.252;Aman;validasi silang
MHS3572;1;17;1;9119;1;1;148.0;1;1;38;4;5;148.7;0;0;0;1;1;0;18;0;0;5;6;5;16.2;0;0;5;8;5;16.0;0;8.9;1.4;3.51;Graduate;0.5583;Prioritas;0.0751;Aman;validasi silang
MHS3573;1;43;1;9991;0;12;133.1;1;12;12;9;9;120.0;0;0;0;1;1;0;28;0;7;13;13;7;10.285714285714286;0;5;11;13;5;10.6;0;10.8;1.4;1.74;Dropout;0.5425;Prioritas;0.9321;Kritis;validasi silang
MHS3574;1;1;2;9119;1;1;140.0;1;19;19;9;9;125.7;1;0;0;1;1;0;18;0;0;5;5;0;0.0;0;0;5;5;0;0.0;0;9.4;-0.8;-3.12;Enrolled;0.634;Prioritas;0.9798;Kritis;mahasiswa aktif
MHS3575;1;1;1;9254;1;1;132.0;1;1;38;9;9;120.1;1;0;0;1;1;1;20;0;0;6;7;6;13.571428571428571;0;0;6;8;6;13.166666666666666;0;8.9;1.4;3.51;Graduate;0.1792;Aman;0.0452;Aman;validasi silang
MHS3576;1;1;1;9130;1;1;140.0;1;4;3;3;3;127.8;0;0;0;1;1;0;18;0;0;6;7;6;14.285714285714286;0;0;6;9;6;14.857142857142858;0;11.1;0.6;2.02;Graduate;0.342;Prioritas;0.049;Aman;data uji
MHS3577;1;17;3;9147;1;1;112.0;1;1;1;3;3;106.4;1;0;0;1;1;0;19;0;0;5;7;5;10.2;0;0;5;6;4;10.5;0;12.4;0.5;1.79;Graduate;0.6147;Prioritas;0.0945;Aman;validasi silang
MHS3578;1;42;1;9500;1;1;100.0;1;19;19;9;9;100.0;0;0;1;1;1;0;24;0;0;8;16;2;10.25;1;0;8;16;2;10.25;1;12.7;3.7;-1.7;Dropout;0.6184;Prioritas;0.9766;Kritis;validasi silang
MHS3579;1;17;4;9085;1;1;126.0;1;1;3;5;5;123.9;1;0;0;1;1;0;21;0;0;6;0;0;0.0;0;0;6;0;0;0.0;0;10.8;1.4;1.74;Dropout;0.4238;Prioritas;0.9779;Kritis;validasi silang
MHS3580;1;1;1;9670;1;1;150.0;1;3;37;4;7;139.5;0;0;0;1;1;1;20;0;0;6;7;6;14.833333333333334;0;0;6;6;6;14.833333333333334;0;12.7;3.7;-1.7;Graduate;0.0816;Aman;0.0348;Aman;validasi silang
MHS3581;1;44;1;9003;1;39;150.0;1;19;1;9;8;150.0;1;0;0;1;1;0;21;0;0;6;12;5;13.625;0;0;6;6;5;12.6;0;13.9;-0.3;0.79;Graduate;0.3832;Prioritas;0.0846;Aman;data uji
MHS3582;2;1;1;9556;1;1;144.0;1;19;19;193;144;139.8;0;0;1;1;1;0;24;0;0;7;7;7;12.271428571428572;0;0;8;10;7;13.657142857142857;0;10.8;1.4;1.74;Graduate;0.3542;Prioritas;0.1327;Aman;data uji
MHS3583;1;39;1;9991;0;1;133.1;1;38;37;9;9;154.4;0;0;0;1;1;0;27;0;0;5;0;0;0.0;0;0;5;0;0;0.0;0;10.8;1.4;1.74;Dropout;0.4922;Prioritas;0.9784;Kritis;validasi silang
MHS3584;1;17;6;9147;1;1;120.0;1;37;38;9;9;115.5;1;0;1;0;1;0;19;0;0;5;8;4;12.5;0;0;5;9;5;10.5;0;8.9;1.4;3.51;Enrolled;0.9806;Kritis;0.9191;Kritis;mahasiswa aktif
MHS3585;1;39;1;8014;0;1;133.1;1;3;19;4;7;119.0;0;0;0;1;1;0;39;0;3;9;10;9;13.22222222222222;0;2;7;8;7;13.142857142857142;0;8.9;1.4;3.51;Graduate;0.4594;Prioritas;0.0598;Aman;validasi silang
MHS3586;1;39;1;33;1;1;133.1;1;19;37;9;9;96.1;0;0;0;1;1;0;25;0;0;7;13;2;15.0;0;0;7;12;2;11.5;0;12.4;0.5;1.79;Dropout;0.7577;Kritis;0.9774;Kritis;validasi silang
MHS3587;1;7;1;171;1;3;130.0;1;1;2;9;2;130.0;0;0;0;0;1;0;18;0;0;0;0;0;0.0;0;0;0;0;0;0.0;0;9.4;-0.8;-3.12;Dropout;0.9829;Kritis;0.9235;Kritis;data uji
MHS3588;1;43;1;9070;1;1;133.0;1;1;2;9;2;128.8;0;0;0;1;1;0;19;0;6;12;12;12;13.166666666666666;0;6;12;12;12;13.0;0;10.8;1.4;1.74;Graduate;0.4629;Prioritas;0.0422;Aman;validasi silang
MHS3589;1;18;1;9773;1;1;124.0;1;38;37;9;8;126.8;0;0;0;1;1;1;21;0;0;6;8;5;13.833333333333334;0;0;6;6;4;14.0;0;13.9;-0.3;0.79;Graduate;0.1482;Aman;0.2073;Aman;validasi silang
MHS3590;1;7;1;9991;0;40;130.0;1;1;3;4;2;130.0;0;0;0;1;1;0;27;0;0;5;0;0;0.0;0;0;5;0;0;0.0;0;8.9;1.4;3.51;Dropout;0.5563;Prioritas;0.9793;Kritis;validasi silang
MHS3591;1;1;3;9147;1;1;124.0;1;1;1;5;3;116.7;1;0;0;1;1;0;19;0;0;5;6;0;0.0;0;0;5;6;0;0.0;0;7.6;2.6;0.32;Enrolled;0.4976;Prioritas;0.9799;Kritis;mahasiswa aktif
MHS3592;1;17;3;9500;1;1;132.0;1;3;1;2;7;125.5;1;0;0;1;1;0;18;0;0;8;8;7;13.154285714285717;0;0;8;8;7;13.154285714285717;0;10.8;1.4;1.74;Enrolled;0.3225;Prioritas;0.037;Aman;mahasiswa aktif
MHS3593;1;7;1;9670;1;3;110.0;1;27;37;3;3;110.0;1;0;0;1;1;0;27;0;7;12;12;9;12.333333333333334;0;6;11;11;6;13.166666666666666;0;9.4;-0.8;-3.12;Dropout;0.603;Prioritas;0.8042;Kritis;data uji
MHS3594;1;1;3;9773;1;1;127.0;1;19;38;8;3;133.7;1;0;1;1;1;0;18;0;0;6;6;6;13.0;0;0;6;7;5;11.8;0;12.7;3.7;-1.7;Dropout;0.7332;Kritis;0.4413;Prioritas;validasi silang
MHS3595;1;1;1;9130;1;1;130.0;1;2;3;9;1;117.6;0;0;0;1;1;0;19;0;0;5;14;2;11.5;2;0;5;8;5;11.4;3;9.4;-0.8;-3.12;Enrolled;0.4072;Prioritas;0.4596;Prioritas;mahasiswa aktif
MHS3596;1;44;1;9003;1;39;140.0;1;19;38;9;10;140.0;0;0;0;1;1;0;19;0;0;6;15;3;13.25;0;0;6;9;1;12.0;0;13.9;-0.3;0.79;Dropout;0.3148;Prioritas;0.9764;Kritis;validasi silang
MHS3597;1;44;1;9003;1;39;150.0;1;19;1;1;1;150.0;0;0;0;1;1;0;22;0;0;6;12;3;13.333333333333334;0;0;6;12;3;12.75;0;15.5;2.8;-4.06;Enrolled;0.4234;Prioritas;0.9672;Kritis;mahasiswa aktif
MHS3598;1;16;2;9238;1;1;133.0;1;19;38;4;5;133.7;1;0;0;1;0;0;18;0;0;6;6;6;13.5;0;0;6;6;6;12.166666666666666;0;10.8;1.4;1.74;Graduate;0.1132;Aman;0.0335;Aman;validasi silang
MHS3599;1;16;4;9773;1;1;109.0;1;37;37;9;3;137.0;1;0;0;1;0;1;18;0;0;6;7;6;12.666666666666666;0;0;6;8;5;12.8;0;10.8;1.4;1.74;Graduate;0.0543;Aman;0.2021;Aman;data uji
MHS3600;1;43;1;9147;1;1;133.1;1;4;19;2;1;128.2;0;0;0;1;0;0;23;0;7;11;18;11;15.090909090909092;1;2;6;7;6;14.5;0;9.4;-0.8;-3.12;Dropout;0.1662;Aman;0.0535;Aman;validasi silang
MHS3601;1;18;4;171;1;1;133.0;1;1;4;9;5;129.2;1;0;1;0;1;0;20;0;0;0;0;0;0.0;0;0;0;0;0;0.0;0;9.4;-0.8;-3.12;Dropout;0.9858;Kritis;0.9408;Kritis;validasi silang
MHS3602;1;17;3;9773;1;1;134.0;1;2;1;3;3;129.5;1;0;0;1;1;0;18;0;0;6;7;6;13.166666666666666;0;0;6;7;6;12.666666666666666;0;16.2;0.3;-0.92;Graduate;0.4428;Prioritas;0.0516;Aman;data uji
MHS3603;1;1;4;9773;1;1;125.0;1;19;19;9;7;129.6;1;0;0;1;1;0;18;0;0;6;6;6;12.833333333333334;0;0;6;8;6;12.833333333333334;0;12.4;0.5;1.79;Graduate;0.4187;Prioritas;0.0714;Aman;validasi silang
MHS3604;1;17;3;9119;1;1;135.0;1;1;19;141;193;121.7;1;0;0;1;1;0;18;0;0;5;7;5;11.8;0;0;5;9;3;12.0;0;8.9;1.4;3.51;Enrolled;0.558;Prioritas;0.8229;Kritis;mahasiswa aktif
MHS3605;1;17;2;9773;1;1;132.0;1;19;1;9;9;141.8;1;0;0;1;1;0;20;0;0;6;6;6;11.833333333333334;0;0;6;6;6;12.166666666666666;0;12.7;3.7;-1.7;Graduate;0.4728;Prioritas;0.0584;Aman;validasi silang
MHS3606;1;1;3;9773;1;1;135.0;1;3;1;2;4;129.8;1;0;0;1;1;0;20;0;0;6;6;5;12.8;0;0;6;11;3;12.75;0;15.5;2.8;-4.06;Graduate;0.5251;Prioritas;0.7106;Kritis;data uji
MHS3607;1;44;1;9070;1;39;100.0;1;1;1;4;4;106.0;0;0;0;1;1;0;21;0;2;7;7;5;11.8;0;5;9;9;5;11.0;0;12.4;0.5;1.79;Dropout;0.5796;Prioritas;0.9239;Kritis;data uji
MHS3608;1;43;1;171;1;1;144.0;1;19;19;9;4;121.6;0;0;0;1;1;0;22;0;0;0;0;0;0.0;0;0;0;0;0;0.0;0;13.9;-0.3;0.79;Enrolled;0.6278;Prioritas;0.7598;Kritis;mahasiswa aktif
MHS3609;1;17;1;9119;1;1;125.0;1;19;1;5;4;121.5;1;0;0;1;1;0;20;0;0;5;7;5;15.8;0;0;5;7;5;14.571428571428571;0;11.1;0.6;2.02;Dropout;0.8158;Kritis;0.0542;Aman;validasi silang
MHS3610;1;1;1;171;1;1;133.1;1;1;37;9;9;117.0;0;0;1;1;1;0;19;0;0;0;0;0;0.0;0;0;0;0;0;0.0;0;15.5;2.8;-4.06;Enrolled;0.7464;Kritis;0.8603;Kritis;mahasiswa aktif
MHS3611;1;44;1;9119;1;39;130.0;1;38;19;9;5;130.0;1;0;0;1;1;0;19;0;0;5;9;2;12.5;0;0;5;10;3;11.6;0;12.4;0.5;1.79;Enrolled;0.7492;Kritis;0.9744;Kritis;mahasiswa aktif
MHS3612;1;17;1;9670;1;1;117.0;1;1;1;4;4;117.7;1;0;0;1;1;0;20;0;0;6;9;6;14.666666666666666;0;0;6;7;6;13.857142857142858;0;8.9;1.4;3.51;Graduate;0.4545;Prioritas;0.0495;Aman;data uji
MHS3613;1;44;1;9085;1;39;140.0;1;19;37;5;7;140.0;1;0;0;1;1;0;19;0;2;6;10;4;12.5;0;1;6;16;2;12.0;0;12.4;0.5;1.79;Dropout;0.51;Prioritas;0.9768;Kritis;data uji
MHS3614;1;1;1;9119;1;1;132.0;1;1;12;3;3;133.1;1;0;0;1;1;0;19;0;0;5;7;3;12.0;0;0;6;10;2;10.5;0;11.1;0.6;2.02;Dropout;0.4721;Prioritas;0.9765;Kritis;validasi silang
MHS3615;1;15;1;9119;1;1;133.1;41;2;2;2;2;100.0;0;0;1;1;1;0;24;1;2;8;8;7;13.142857142857142;0;1;6;8;6;11.833333333333334;0;8.9;1.4;3.51;Enrolled;0.7654;Kritis;0.1287;Aman;mahasiswa aktif
MHS3616;1;17;1;9670;1;1;132.0;1;19;1;5;4;119.1;0;0;1;1;1;0;18;0;0;6;6;3;12.666666666666666;0;0;6;11;4;11.142857142857142;0;10.8;1.4;1.74;Dropout;0.8086;Kritis;0.9548;Kritis;validasi silang
MHS3617;1;1;1;9119;1;1;148.0;1;19;19;9;8;129.8;0;0;0;0;1;1;18;0;0;5;6;5;15.0;0;0;5;6;5;14.2;0;8.9;1.4;3.51;Enrolled;0.8414;Kritis;0.188;Aman;mahasiswa aktif
MHS3618;1;1;1;9238;1;1;133.0;1;19;38;9;7;131.3;1;0;1;1;0;0;18;0;0;6;7;5;13.6;0;0;6;7;5;11.8;0;8.9;1.4;3.51;Dropout;0.1927;Aman;0.3487;Aman;data uji
MHS3619;1;17;5;9773;1;1;143.0;1;1;1;7;7;136.7;1;0;0;1;0;0;18;0;0;6;6;6;12.5;0;0;6;6;6;13.833333333333334;0;8.9;1.4;3.51;Graduate;0.3837;Prioritas;0.0628;Aman;validasi silang
MHS3620;1;17;1;9238;1;1;143.0;1;19;37;9;9;126.2;1;0;0;1;0;1;21;0;0;6;7;6;13.333333333333334;0;0;6;7;6;13.5;0;12.4;0.5;1.79;Graduate;0.0707;Aman;0.0282;Aman;validasi silang
MHS3621;1;15;1;9085;1;1;133.1;41;37;37;9;9;109.6;0;0;0;1;0;0;18;1;0;6;13;4;12.25;0;0;6;15;5;11.0;0;11.1;0.6;2.02;Dropout;0.0855;Aman;0.213;Aman;data uji
MHS3622;1;1;1;9500;1;1;141.0;1;1;19;3;3;131.9;1;0;0;1;0;1;18;0;0;7;7;7;15.101428571428572;0;0;8;8;8;16.09375;0;11.1;0.6;2.02;Graduate;0.0219;Aman;0.0353;Aman;validasi silang
MHS3623;1;1;2;9238;1;1;140.0;1;19;37;9;9;140.7;1;0;0;1;0;1;18;0;0;6;6;6;13.166666666666666;0;0;6;6;6;16.0;0;10.8;1.4;1.74;Graduate;0.0272;Aman;0.0354;Aman;validasi silang
MHS3624;1;18;6;8014;0;1;134.0;1;3;19;2;4;120.7;1;0;0;1;0;0;23;0;0;6;8;4;11.0;0;0;6;6;0;0.0;0;13.9;-0.3;0.79;Dropout;0.1994;Aman;0.9749;Kritis;validasi silang
MHS3625;1;1;2;9147;1;1;118.0;1;3;19;2;4;113.8;1;0;0;1;0;0;21;0;0;5;9;3;11.666666666666666;0;0;5;9;4;11.75;0;8.9;1.4;3.51;Graduate;0.3386;Prioritas;0.506;Prioritas;validasi silang
MHS3626;1;1;1;9238;1;1;135.0;1;19;38;7;5;121.0;0;0;0;1;0;0;20;0;0;6;13;1;10.0;0;0;6;13;1;13.0;0;9.4;-0.8;-3.12;Enrolled;0.1397;Aman;0.9783;Kritis;mahasiswa aktif
MHS3627;1;17;1;8014;0;1;119.0;1;34;34;0;0;112.4;1;0;0;1;0;0;26;0;4;7;15;7;11.571428571428571;0;2;6;14;2;11.0;0;7.6;2.6;0.32;Dropout;0.4427;Prioritas;0.7974;Kritis;validasi silang
MHS3628;1;1;6;9773;1;1;145.0;1;1;19;4;4;131.0;1;0;0;1;0;1;18;0;0;6;6;6;12.166666666666666;0;0;6;10;5;11.2;0;7.6;2.6;0.32;Enrolled;0.0775;Aman;0.1749;Aman;mahasiswa aktif
MHS3629;1;1;1;171;1;1;143.0;1;3;37;9;9;142.7;1;0;0;1;0;0;18;0;0;0;0;0;0.0;0;0;0;0;0;0.0;0;16.2;0.3;-0.92;Dropout;0.2214;Prioritas;0.4371;Prioritas;validasi silang
MHS3630;1;1;1;9670;1;1;123.0;1;19;19;9;8;125.5;0;0;0;0;0;1;19;0;0;6;6;6;13.833333333333334;0;0;6;7;6;14.285714285714286;0;8.9;1.4;3.51;Graduate;0.3683;Prioritas;0.1432;Aman;validasi silang
MHS3631;1;1;3;9500;1;1;108.0;1;19;1;9;3;107.8;1;0;0;1;0;1;20;0;0;7;10;6;12.357142857142858;0;0;8;9;7;13.0;0;13.9;-0.3;0.79;Graduate;0.0569;Aman;0.057;Aman;validasi silang
MHS3632;1;1;3;9773;1;1;117.0;1;38;19;7;7;110.4;1;0;1;0;0;0;19;0;0;6;7;6;12.166666666666666;0;0;6;10;2;10.333333333333334;0;16.2;0.3;-0.92;Dropout;0.9388;Kritis;0.9635;Kritis;validasi silang
MHS3633;1;44;1;9238;1;39;140.0;1;37;19;191;102;136.1;1;0;1;1;0;0;21;0;3;6;8;3;12.0;0;2;6;6;2;12.5;0;12.4;0.5;1.79;Enrolled;0.2203;Prioritas;0.9673;Kritis;mahasiswa aktif
MHS3634;1;39;1;9254;1;1;170.0;1;37;37;4;6;138.3;0;0;0;1;0;0;33;0;5;10;14;9;12.416666666666666;0;5;9;14;7;13.0;0;10.8;1.4;1.74;Graduate;0.4626;Prioritas;0.19;Aman;validasi silang
MHS3635;1;1;2;9085;1;1;157.0;1;3;38;4;6;142.3;0;0;0;1;0;0;18;0;0;5;7;4;12.75;0;0;5;6;4;12.75;0;7.6;2.6;0.32;Graduate;0.0777;Aman;0.0499;Aman;data uji
MHS3636;1;42;1;9500;1;6;141.0;1;37;1;9;4;145.0;0;0;0;1;0;0;21;0;12;21;33;18;14.933333333333334;12;12;21;33;18;14.933333333333334;12;7.6;2.6;0.32;Graduate;0.2362;Prioritas;0.1859;Aman;data uji
MHS3637;1;1;1;9773;1;1;125.0;1;3;19;2;3;125.7;1;0;0;1;0;0;19;0;0;6;6;6;13.0;0;0;6;7;6;11.666666666666666;0;8.9;1.4;3.51;Graduate;0.172;Aman;0.0396;Aman;data uji
MHS3638;4;39;1;9853;1;19;133.1;1;38;19;9;9;108.0;0;0;1;0;0;0;33;0;0;7;7;7;12.857142857142858;0;0;7;8;6;12.666666666666666;0;8.9;1.4;3.51;Enrolled;0.9923;Kritis;0.6513;Kritis;mahasiswa aktif
MHS3639;2;1;4;9500;1;1;143.0;1;38;38;5;5;128.7;1;0;0;1;0;0;18;0;0;7;10;7;14.455000000000002;0;0;8;8;8;13.91;0;15.5;2.8;-4.06;Graduate;0.1271;Aman;0.0343;Aman;validasi silang
MHS3640;1;1;1;9670;1;1;142.0;1;1;19;4;4;128.0;0;0;0;1;0;1;18;0;0;6;8;6;14.0;0;0;6;7;6;13.285714285714286;0;11.1;0.6;2.02;Graduate;0.0634;Aman;0.0335;Aman;validasi silang
MHS3641;1;1;3;9773;1;1;150.0;1;19;38;4;4;146.5;1;0;0;1;0;1;20;0;0;6;6;6;13.5;0;0;6;7;6;12.666666666666666;0;11.1;0.6;2.02;Graduate;0.074;Aman;0.1125;Aman;validasi silang
MHS3642;1;1;2;9254;1;1;112.0;1;37;37;6;6;106.1;1;0;0;0;0;0;20;0;0;6;0;0;0.0;0;0;6;0;0;0.0;0;11.1;0.6;2.02;Dropout;0.7902;Kritis;0.9788;Kritis;validasi silang
MHS3643;1;17;2;8014;0;1;133.1;1;19;1;1;1;118.0;0;0;0;1;0;1;20;0;0;6;6;6;11.666666666666666;0;0;6;12;5;14.0;0;10.8;1.4;1.74;Graduate;0.0803;Aman;0.0597;Aman;validasi silang
MHS3644;1;17;1;9085;1;1;125.0;1;1;37;4;9;117.0;1;0;0;1;0;1;19;0;0;5;6;4;12.0;0;0;5;8;5;13.333333333333334;1;10.8;1.4;1.74;Graduate;0.0923;Aman;0.0408;Aman;validasi silang
MHS3645;1;1;3;9238;1;1;121.0;1;38;37;8;8;115.4;1;0;0;1;0;1;19;0;0;6;7;6;11.714285714285714;0;0;6;6;6;11.833333333333334;0;13.9;-0.3;0.79;Graduate;0.1114;Aman;0.0394;Aman;validasi silang
MHS3646;1;17;3;9238;1;1;133.1;1;41;1;2;3;117.0;1;0;0;1;0;0;21;0;0;6;8;6;12.666666666666666;0;0;6;7;6;12.428571428571429;0;11.1;0.6;2.02;Graduate;0.3546;Prioritas;0.0671;Aman;validasi silang
MHS3647;1;39;1;9085;1;1;133.1;1;3;3;4;2;144.9;1;0;0;1;0;0;26;0;0;6;11;3;11.75;0;0;6;19;4;12.8;0;12.4;0.5;1.79;Enrolled;0.3434;Prioritas;0.9405;Kritis;mahasiswa aktif
MHS3648;1;17;1;9238;1;1;135.0;1;37;37;8;6;127.0;0;0;0;1;0;0;21;0;0;6;0;0;0.0;0;0;6;0;0;0.0;0;16.2;0.3;-0.92;Dropout;0.3233;Prioritas;0.9788;Kritis;validasi silang
MHS3649;1;1;4;9500;1;1;132.0;1;19;38;5;5;118.0;1;0;0;1;0;0;18;0;0;8;8;7;12.328571428571427;0;0;8;8;7;12.328571428571427;0;12.7;3.7;-1.7;Graduate;0.1892;Aman;0.0288;Aman;validasi silang
MHS3650;5;39;1;9853;1;19;133.1;1;37;37;9;8;118.0;0;0;0;1;0;0;27;0;0;7;14;6;11.666666666666666;0;0;7;10;1;10.0;0;12.4;0.5;1.79;Dropout;0.7901;Kritis;0.9671;Kritis;validasi silang
MHS3651;1;43;1;9070;1;1;135.0;1;1;38;3;9;126.4;1;0;0;1;0;1;20;0;5;12;12;12;13.25;0;5;12;12;11;12.727272727272728;0;15.5;2.8;-4.06;Graduate;0.0677;Aman;0.0396;Aman;validasi silang
MHS3652;1;43;1;9670;1;39;110.0;1;19;3;7;10;110.0;0;0;0;1;0;0;21;0;0;6;8;5;11.833333333333334;0;0;6;8;4;13.25;2;16.2;0.3;-0.92;Enrolled;0.3964;Prioritas;0.3968;Aman;mahasiswa aktif
MHS3653;1;17;1;9556;1;1;133.0;1;38;37;9;9;124.4;1;0;0;1;0;1;18;0;0;7;7;7;13.3;0;0;8;8;8;15.125;0;15.5;2.8;-4.06;Graduate;0.1246;Aman;0.0276;Aman;validasi silang
MHS3654;1;44;1;9085;1;39;140.0;1;1;19;9;9;140.0;1;0;0;1;0;0;20;0;1;6;13;6;12.555555555555555;0;1;6;11;5;11.8;0;16.2;0.3;-0.92;Enrolled;0.3279;Prioritas;0.0653;Aman;mahasiswa aktif
MHS3655;1;1;1;9773;1;1;135.0;1;1;19;4;10;129.4;1;0;0;1;0;0;18;0;0;6;6;6;12.833333333333334;0;0;6;7;6;12.166666666666666;0;11.1;0.6;2.02;Graduate;0.1715;Aman;0.0559;Aman;data uji
MHS3656;1;44;1;9238;1;39;140.0;1;1;1;3;5;141.7;0;0;0;1;0;1;20;0;3;6;6;6;12.833333333333334;0;2;6;6;6;12.833333333333334;0;13.9;-0.3;0.79;Graduate;0.0546;Aman;0.0341;Aman;validasi silang
MHS3657;1;1;2;9085;1;1;144.0;1;1;19;4;10;132.1;1;0;0;1;0;1;19;0;0;5;10;3;12.666666666666666;1;0;5;7;3;13.0;0;12.7;3.7;-1.7;Graduate;0.0433;Aman;0.5173;Prioritas;validasi silang
MHS3658;1;1;5;9500;1;1;122.0;1;37;3;9;2;116.8;1;0;0;1;0;0;20;0;0;7;8;6;13.271428571428572;0;0;8;8;7;14.471428571428572;0;13.9;-0.3;0.79;Graduate;0.1585;Aman;0.0454;Aman;data uji
MHS3659;1;1;1;9991;0;1;143.0;1;19;37;5;8;135.0;0;0;0;1;0;1;20;0;0;5;5;5;12.4;0;0;5;6;5;12.833333333333334;0;10.8;1.4;1.74;Graduate;0.1004;Aman;0.038;Aman;validasi silang
MHS3660;1;44;1;9085;1;39;150.0;1;38;1;5;5;150.0;0;0;0;1;0;0;20;0;0;5;10;2;14.5;1;0;5;7;4;11.25;0;12.7;3.7;-1.7;Enrolled;0.3184;Prioritas;0.7387;Kritis;mahasiswa aktif
MHS3661;1;1;3;9238;1;1;124.0;1;19;1;7;10;116.0;1;0;1;1;0;0;19;0;0;6;7;0;0.0;0;0;5;5;0;0.0;0;13.9;-0.3;0.79;Dropout;0.3785;Prioritas;0.9787;Kritis;validasi silang
MHS3662;1;1;1;9773;1;1;156.0;1;3;3;123;122;155.0;0;0;0;1;0;0;18;0;0;6;7;6;14.285714285714286;0;0;6;8;6;13.25;0;8.9;1.4;3.51;Graduate;0.0978;Aman;0.0298;Aman;validasi silang
MHS3663;1;1;1;9085;1;1;142.0;1;38;38;9;10;127.0;1;0;0;1;0;0;18;0;0;5;7;3;12.333333333333334;0;0;5;9;5;12.6;0;10.8;1.4;1.74;Graduate;0.1396;Aman;0.0573;Aman;validasi silang
MHS3664;1;17;1;9500;1;1;142.0;1;38;37;9;8;130.8;1;0;0;1;0;1;19;0;0;7;10;6;12.583333333333334;0;0;8;8;7;12.671428571428573;0;13.9;-0.3;0.79;Graduate;0.055;Aman;0.0402;Aman;validasi silang
MHS3665;1;1;6;9500;1;1;126.0;1;12;37;5;9;121.8;1;0;0;1;0;0;19;0;0;7;8;6;13.731666666666667;0;0;8;10;7;13.771428571428572;0;12.4;0.5;1.79;Dropout;0.1721;Aman;0.0396;Aman;validasi silang
MHS3666;1;39;1;9003;1;19;133.1;1;37;37;9;4;140.0;0;0;0;1;1;0;43;0;0;6;8;6;12.875;0;0;6;14;5;12.142857142857142;0;16.2;0.3;-0.92;Enrolled;0.6351;Prioritas;0.1513;Aman;mahasiswa aktif
MHS3667;2;42;1;9070;1;1;170.0;1;37;25;0;4;148.5;0;0;0;1;1;0;47;0;8;10;14;8;14.625;0;5;7;7;5;13.4;0;9.4;-0.8;-3.12;Dropout;0.6378;Prioritas;0.4111;Prioritas;validasi silang
MHS3668;1;42;1;9147;1;1;130.0;1;34;34;99;99;109.8;1;0;0;0;1;0;23;0;0;3;3;0;0.0;0;0;2;2;0;0.0;0;7.6;2.6;0.32;Dropout;0.9754;Kritis;0.9759;Kritis;validasi silang
MHS3669;1;1;1;9238;1;1;133.0;41;19;19;9;9;119.7;1;0;1;1;0;1;19;1;0;6;8;6;12.666666666666666;0;0;6;7;6;12.666666666666666;0;8.9;1.4;3.51;Graduate;0.0507;Aman;0.0457;Aman;data uji
MHS3670;1;42;1;9500;1;1;122.0;1;3;3;2;2;122.0;1;0;0;1;0;0;20;0;0;8;11;6;12.491666666666667;0;0;8;11;6;12.491666666666667;0;12.7;3.7;-1.7;Graduate;0.1904;Aman;0.334;Aman;validasi silang
MHS3671;1;1;1;171;1;1;138.0;1;1;3;4;4;147.5;1;0;0;1;0;1;19;0;6;12;12;12;13.666666666666666;0;4;11;12;11;14.166666666666666;0;8.9;1.4;3.51;Graduate;0.0699;Aman;0.0285;Aman;data uji
MHS3672;1;17;1;9085;1;1;163.0;14;37;37;9;9;150.8;1;0;0;1;0;0;19;1;0;6;13;6;16.0;0;0;6;8;6;14.5;0;15.5;2.8;-4.06;Graduate;0.1959;Aman;0.0385;Aman;validasi silang
MHS3673;1;44;1;9085;1;39;150.0;1;19;37;4;7;150.0;1;0;0;1;0;0;19;0;2;6;8;6;14.142857142857142;0;1;6;7;6;13.0;0;13.9;-0.3;0.79;Graduate;0.3157;Prioritas;0.0348;Aman;data uji
MHS3674;1;39;1;8014;0;19;133.1;1;19;19;144;141;131.5;0;0;1;1;0;1;39;0;0;6;9;6;11.833333333333334;0;0;6;9;4;13.75;0;11.1;0.6;2.02;Graduate;0.2054;Aman;0.1435;Aman;validasi silang
MHS3675;1;1;1;9070;1;1;144.0;1;1;1;3;5;127.2;1;0;0;1;0;1;20;0;0;6;6;6;12.666666666666666;0;0;6;8;6;13.0;0;10.8;1.4;1.74;Graduate;0.0442;Aman;0.0338;Aman;data uji
MHS3676;1;17;1;9070;1;1;118.0;1;38;19;9;3;111.0;1;0;0;1;0;0;21;0;0;6;6;6;12.5;0;0;6;6;6;12.666666666666666;0;7.6;2.6;0.32;Graduate;0.247;Prioritas;0.0323;Aman;validasi silang
MHS3677;1;43;5;9238;1;1;101.0;24;37;19;9;7;119.9;1;0;1;0;0;0;22;1;5;11;16;9;10.88888888888889;0;2;10;20;4;11.25;1;9.4;-0.8;-3.12;Graduate;0.7693;Kritis;0.9524;Kritis;validasi silang
MHS3678;1;1;2;9773;1;1;133.0;1;19;38;5;0;133.7;1;0;0;1;0;0;19;0;0;6;11;1;13.0;0;0;5;10;0;0.0;0;7.6;2.6;0.32;Dropout;0.132;Aman;0.9794;Kritis;validasi silang
MHS3679;1;17;1;9670;1;1;133.1;1;1;19;141;114;140.0;1;0;0;1;0;0;22;0;0;6;6;6;15.166666666666666;0;0;6;6;6;16.0;0;13.9;-0.3;0.79;Graduate;0.1793;Aman;0.0399;Aman;validasi silang
MHS3680;1;5;2;9853;1;1;124.0;1;19;19;3;3;113.9;1;0;0;1;0;1;19;0;0;6;8;6;12.666666666666666;0;0;6;7;6;12.0;0;12.7;3.7;-1.7;Graduate;0.254;Prioritas;0.0608;Aman;data uji
MHS3681;1;1;1;171;1;1;127.0;1;37;38;9;9;120.7;1;0;1;1;1;0;18;0;0;0;0;0;0.0;0;0;0;0;0;0.0;0;7.6;2.6;0.32;Dropout;0.6019;Prioritas;0.7964;Kritis;data uji
MHS3682;5;39;1;9147;1;1;133.1;1;19;19;9;9;119.8;0;0;0;1;1;0;26;0;0;5;9;5;12.0;0;0;5;5;5;10.2;0;11.1;0.6;2.02;Enrolled;0.6567;Kritis;0.0719;Aman;mahasiswa aktif
MHS3683;1;39;1;9991;0;1;110.0;1;37;37;9;9;121.8;0;0;0;0;1;0;36;0;0;5;5;0;0.0;0;0;5;5;0;0.0;0;12.7;3.7;-1.7;Dropout;0.969;Kritis;0.9795;Kritis;validasi silang
MHS3684;1;18;1;171;1;1;110.0;1;19;2;5;5;117.7;1;0;1;1;1;1;20;0;0;0;0;0;0.0;0;0;0;0;0;0.0;0;12.4;0.5;1.79;Graduate;0.7966;Kritis;0.8296;Kritis;validasi silang
MHS3685;2;39;1;9147;1;1;160.0;1;37;37;9;7;110.0;0;0;0;1;1;0;30;0;0;5;8;2;11.0;0;0;5;6;4;11.5;0;15.5;2.8;-4.06;Dropout;0.8046;Kritis;0.9082;Kritis;validasi silang
MHS3686;1;43;1;9003;1;1;120.0;1;1;1;4;10;134.4;0;0;0;1;1;0;24;0;0;6;7;6;15.714285714285714;0;0;6;10;6;15.9;0;15.5;2.8;-4.06;Dropout;0.2788;Prioritas;0.0387;Aman;validasi silang
MHS3687;1;1;1;9147;1;1;133.1;1;34;34;0;0;125.3;0;0;0;1;1;0;26;0;11;15;15;11;10.818181818181818;0;12;14;15;11;11.636363636363637;1;7.6;2.6;0.32;Dropout;0.7841;Kritis;0.7306;Kritis;data uji
MHS3688;1;1;1;9147;1;1;132.0;1;19;38;9;7;119.1;0;0;0;0;1;0;19;0;0;5;16;1;12.0;0;0;5;6;0;0.0;0;13.9;-0.3;0.79;Dropout;0.9417;Kritis;0.9795;Kritis;validasi silang
MHS3689;5;39;1;9238;1;1;130.0;1;19;38;9;10;146.0;0;0;0;1;1;0;34;0;0;6;8;5;12.6;0;0;6;11;4;11.25;0;12.4;0.5;1.79;Graduate;0.2666;Prioritas;0.6607;Kritis;data uji
MHS3690;1;43;1;9130;1;1;130.0;1;1;1;1;1;130.0;1;0;0;1;1;0;33;0;0;5;12;1;13.0;2;0;5;7;3;14.0;0;9.4;-0.8;-3.12;Enrolled;0.6305;Prioritas;0.9582;Kritis;mahasiswa aktif
MHS3691;1;17;6;9147;1;1;129.0;1;19;1;9;4;122.0;1;0;0;1;1;0;19;0;0;5;8;5;11.6;1;0;5;10;4;10.75;0;9.4;-0.8;-3.12;Graduate;0.7126;Kritis;0.2145;Aman;data uji
MHS3692;1;17;5;9119;1;1;130.0;1;19;1;4;5;118.1;1;0;1;0;1;0;26;0;0;5;11;1;10.0;0;0;5;14;1;11.0;0;8.9;1.4;3.51;Dropout;0.9938;Kritis;0.9786;Kritis;validasi silang
MHS3693;1;39;1;9670;1;1;140.0;1;38;37;7;7;105.2;0;0;0;1;1;0;29;0;0;6;7;1;14.0;0;0;6;6;0;0.0;0;16.2;0.3;-0.92;Dropout;0.6915;Kritis;0.9795;Kritis;validasi silang
MHS3694;1;17;5;9119;1;1;131.0;1;19;37;9;7;123.3;1;0;0;1;1;1;19;0;0;5;9;5;12.6;0;0;5;8;2;12.5;0;8.9;1.4;3.51;Dropout;0.434;Prioritas;0.8749;Kritis;data uji
MHS3695;1;17;1;171;1;1;129.0;1;1;1;9;9;124.8;1;0;0;1;1;0;18;0;0;0;0;0;0.0;0;0;0;0;0;0.0;0;12.7;3.7;-1.7;Dropout;0.51;Prioritas;0.677;Kritis;validasi silang
MHS3696;1;39;1;9991;0;19;133.1;1;19;37;9;9;149.4;0;0;0;0;1;0;29;0;0;5;11;2;11.333333333333334;0;0;5;9;1;12.0;0;11.1;0.6;2.02;Dropout;0.956;Kritis;0.9795;Kritis;validasi silang
MHS3697;1;43;1;9254;1;1;112.0;1;37;37;9;9;108.5;0;0;0;1;1;0;21;0;0;6;6;6;12.666666666666666;0;0;6;7;5;11.4;0;9.4;-0.8;-3.12;Graduate;0.5991;Prioritas;0.0921;Aman;validasi silang
MHS3698;1;17;1;9254;1;1;119.0;1;1;1;4;10;125.0;0;0;0;1;1;0;19;0;0;6;7;5;10.8;0;0;6;10;2;10.5;0;10.8;1.4;1.74;Enrolled;0.5232;Prioritas;0.9647;Kritis;mahasiswa aktif
MHS3699;1;1;1;9500;1;1;133.1;1;38;38;5;10;101.0;0;0;0;1;1;0;20;0;0;7;14;5;12.87857142857143;0;0;8;15;7;11.85625;0;15.5;2.8;-4.06;Graduate;0.3309;Prioritas;0.2633;Aman;validasi silang
MHS3700;1;1;1;9085;1;1;123.0;1;3;1;2;5;112.9;0;0;0;1;1;0;18;0;0;5;5;0;0.0;0;0;5;5;0;0.0;0;7.6;2.6;0.32;Dropout;0.255;Prioritas;0.9795;Kritis;validasi silang
MHS3701;1;17;3;9070;1;1;131.0;1;38;37;5;5;120.2;1;0;0;1;1;0;18;0;0;6;6;6;12.833333333333334;0;0;6;8;5;11.4;0;15.5;2.8;-4.06;Enrolled;0.4903;Prioritas;0.0722;Aman;mahasiswa aktif
MHS3702;1;1;1;9147;1;1;120.0;1;34;34;99;99;111.6;0;0;1;1;1;1;21;0;0;5;5;5;12.6;0;0;5;9;3;12.833333333333334;0;10.8;1.4;1.74;Enrolled;0.8108;Kritis;0.5207;Prioritas;mahasiswa aktif
MHS3703;1;1;1;9147;1;1;125.0;1;1;1;4;2;134.1;1;0;0;1;1;0;20;0;0;5;0;0;0.0;0;0;5;0;0;0.0;0;8.9;1.4;3.51;Dropout;0.3084;Prioritas;0.9793;Kritis;validasi silang
MHS3704;1;39;1;9119;1;1;133.1;1;37;37;9;9;101.6;0;0;0;1;1;1;30;0;0;5;11;0;0.0;0;0;5;5;0;0.0;0;12.7;3.7;-1.7;Dropout;0.6698;Kritis;0.9773;Kritis;validasi silang
MHS3705;1;18;2;9670;1;1;121.0;1;37;38;4;1;111.9;1;0;0;1;1;0;19;0;0;6;6;6;14.166666666666666;0;0;6;6;6;14.0;0;13.9;-0.3;0.79;Graduate;0.4872;Prioritas;0.0358;Aman;validasi silang
MHS3706;1;51;1;9147;1;1;148.0;1;1;19;9;6;118.4;1;0;0;1;1;0;30;0;0;5;7;5;13.4;0;0;5;7;4;13.25;0;8.9;1.4;3.51;Dropout;0.4495;Prioritas;0.1046;Aman;validasi silang
MHS3707;1;1;1;9147;1;1;139.0;1;38;1;5;5;127.1;1;0;0;1;1;1;22;0;0;5;8;5;11.2;0;0;5;13;4;11.25;0;12.7;3.7;-1.7;Graduate;0.2382;Prioritas;0.1598;Aman;validasi silang
MHS3708;1;17;3;171;1;1;125.0;1;37;37;5;10;120.5;1;0;0;1;1;0;22;0;0;0;0;0;0.0;0;0;0;0;0;0.0;0;12.4;0.5;1.79;Graduate;0.6933;Kritis;0.8555;Kritis;validasi silang
MHS3709;1;17;4;9070;1;1;128.0;1;1;1;9;10;136.1;1;0;1;0;1;0;19;0;0;6;6;6;12.666666666666666;0;0;6;8;5;11.8;0;11.1;0.6;2.02;Dropout;0.9472;Kritis;0.7875;Kritis;validasi silang
MHS3710;1;17;2;9670;1;1;132.0;1;1;19;5;3;124.0;1;0;0;1;1;0;21;0;0;5;7;3;12.333333333333334;0;0;5;5;4;11.25;0;7.6;2.6;0.32;Dropout;0.3342;Prioritas;0.65;Kritis;validasi silang
MHS3711;1;17;4;9085;1;1;137.0;1;38;38;151;151;141.6;0;0;0;1;1;0;21;0;0;5;7;4;12.25;0;0;5;7;5;12.0;0;7.6;2.6;0.32;Graduate;0.1678;Aman;0.053;Aman;data uji
MHS3712;1;44;1;171;1;39;160.0;1;19;38;9;9;160.0;1;0;1;1;1;1;21;0;0;0;0;0;0.0;0;0;0;0;0;0.0;0;15.5;2.8;-4.06;Dropout;0.397;Prioritas;0.4925;Prioritas;validasi silang
MHS3713;1;39;1;9147;1;1;120.0;1;1;19;4;7;110.0;0;0;0;1;1;0;27;0;0;5;13;3;10.75;0;0;5;9;3;10.333333333333334;0;15.5;2.8;-4.06;Dropout;0.7718;Kritis;0.9674;Kritis;validasi silang
MHS3714;1;43;1;33;1;1;134.0;1;37;37;1;1;100.0;1;0;0;1;1;0;32;0;0;7;7;0;0.0;0;0;7;8;0;0.0;0;13.9;-0.3;0.79;Dropout;0.6088;Prioritas;0.9785;Kritis;validasi silang
MHS3715;1;39;1;9670;1;12;133.1;1;37;1;9;3;120.0;0;0;1;0;1;0;40;0;0;6;13;0;0.0;0;0;6;6;0;0.0;0;15.5;2.8;-4.06;Dropout;0.9927;Kritis;0.9801;Kritis;data uji
MHS3716;1;1;2;9147;1;1;116.0;1;37;1;5;3;124.8;1;0;0;1;1;0;20;0;0;5;9;2;14.333333333333334;0;0;5;10;2;12.5;0;7.6;2.6;0.32;Enrolled;0.4618;Prioritas;0.974;Kritis;mahasiswa aktif
MHS3717;1;44;1;9130;1;39;140.0;1;4;4;2;10;140.0;1;0;0;1;1;0;20;0;1;5;8;2;11.5;0;1;5;13;2;11.5;0;12.7;3.7;-1.7;Dropout;0.5326;Prioritas;0.9742;Kritis;validasi silang
MHS3718;1;1;3;171;1;1;140.0;1;37;37;9;9;124.3;1;0;0;1;1;0;18;0;0;0;0;0;0.0;0;0;0;0;0;0.0;0;7.6;2.6;0.32;Graduate;0.3993;Prioritas;0.4224;Prioritas;data uji
MHS3719;1;43;1;9147;1;1;122.0;1;1;38;1;7;118.9;0;0;0;1;1;0;21;0;0;5;11;2;10.5;0;0;5;13;0;0.0;0;12.7;3.7;-1.7;Dropout;0.4987;Prioritas;0.9795;Kritis;validasi silang
MHS3720;1;17;1;9670;1;1;141.0;1;19;37;5;8;130.2;0;0;0;1;1;0;18;0;0;6;6;6;13.5;0;0;6;0;0;0.0;0;12.7;3.7;-1.7;Dropout;0.3864;Prioritas;0.9445;Kritis;validasi silang
MHS3721;1;44;1;9003;1;1;120.0;1;1;3;144;123;120.0;0;0;0;1;1;0;19;0;0;6;17;1;11.0;0;0;6;19;0;0.0;0;16.2;0.3;-0.92;Enrolled;0.3507;Prioritas;0.98;Kritis;mahasiswa aktif
MHS3722;5;7;1;9070;1;3;140.0;1;37;37;7;7;140.0;0;0;0;0;1;0;30;0;0;6;6;1;10.0;0;0;6;6;0;0.0;0;15.5;2.8;-4.06;Dropout;0.963;Kritis;0.9796;Kritis;validasi silang
MHS3723;1;39;1;9003;1;12;133.1;1;19;1;9;1;130.0;0;0;0;1;1;0;29;0;0;6;17;0;0.0;2;0;6;8;0;0.0;0;15.5;2.8;-4.06;Dropout;0.6512;Kritis;0.9795;Kritis;validasi silang
MHS3724;1;17;2;9119;1;1;137.0;1;1;1;4;4;130.4;1;0;1;1;1;0;18;0;0;5;10;1;12.0;0;0;5;7;3;10.666666666666666;2;7.6;2.6;0.32;Dropout;0.8875;Kritis;0.9682;Kritis;validasi silang
MHS3725;1;1;2;9670;1;1;122.0;1;1;1;9;9;116.1;1;0;0;1;1;1;18;0;0;5;6;4;12.25;0;0;5;5;5;12.2;0;9.4;-0.8;-3.12;Dropout;0.1154;Aman;0.0777;Aman;data uji
MHS3726;1;44;1;9003;1;39;130.0;1;1;1;3;10;130.0;0;0;0;1;1;0;22;0;4;10;21;5;11.4;1;2;7;13;6;11.666666666666666;0;15.5;2.8;-4.06;Dropout;0.3364;Prioritas;0.8395;Kritis;validasi silang
MHS3727;1;43;2;9991;0;1;140.0;1;37;37;5;5;124.3;1;0;0;0;1;0;27;0;0;5;5;0;0.0;0;0;5;5;0;0.0;0;12.7;3.7;-1.7;Dropout;0.969;Kritis;0.9799;Kritis;validasi silang
MHS3728;1;17;6;9670;1;1;125.0;1;38;1;9;7;125.0;1;0;0;1;1;0;20;0;0;6;8;4;14.25;0;0;6;10;5;14.0;0;10.8;1.4;1.74;Graduate;0.4335;Prioritas;0.3147;Aman;validasi silang
MHS3729;1;51;1;8014;0;2;110.0;1;19;38;9;10;110.0;0;0;0;1;1;0;42;0;8;12;12;11;14.454545454545457;0;7;11;11;10;14.2;0;11.1;0.6;2.02;Graduate;0.4325;Prioritas;0.1112;Aman;validasi silang
MHS3730;1;1;1;9003;1;1;133.1;1;38;38;4;8;115.0;0;0;1;1;1;0;21;0;8;12;13;12;14.538461538461538;0;4;12;14;12;14.461538461538462;0;15.5;2.8;-4.06;Graduate;0.4763;Prioritas;0.1015;Aman;validasi silang
MHS3731;1;43;1;9500;1;1;132.0;1;1;38;7;7;129.6;0;1;0;1;1;0;23;0;0;7;10;6;12.733333333333334;0;0;8;10;7;11.95;0;16.2;0.3;-0.92;Graduate;0.4601;Prioritas;0.1255;Aman;validasi silang
MHS3732;1;51;1;9070;1;1;122.0;1;38;38;9;9;128.8;1;0;0;1;1;0;21;0;4;12;13;5;13.2;0;4;12;12;4;13.5;0;8.9;1.4;3.51;Dropout;0.1704;Aman;0.9503;Kritis;validasi silang
MHS3733;1;1;3;171;1;1;155.0;1;4;3;1;1;144.2;1;0;0;1;1;0;19;0;0;0;0;0;0.0;0;0;0;0;0;0.0;0;12.7;3.7;-1.7;Graduate;0.4651;Prioritas;0.4479;Prioritas;validasi silang
MHS3734;2;39;1;9238;1;1;120.0;1;37;37;7;7;134.0;0;0;0;1;1;1;40;0;0;6;7;6;12.333333333333334;0;0;6;10;4;12.75;0;8.9;1.4;3.51;Dropout;0.1182;Aman;0.1601;Aman;validasi silang
MHS3735;1;43;1;9147;1;1;129.0;1;19;1;9;5;112.0;0;0;0;1;1;0;22;0;5;9;9;5;11.2;0;5;9;14;7;11.25;2;12.7;3.7;-1.7;Dropout;0.6296;Prioritas;0.8297;Kritis;data uji
MHS3736;1;1;2;9500;1;1;144.0;1;38;37;9;9;128.8;1;0;0;1;1;0;19;0;0;7;7;6;13.2;0;0;7;7;6;13.2;0;7.6;2.6;0.32;Graduate;0.1257;Aman;0.0429;Aman;validasi silang
MHS3737;1;39;1;9119;1;1;130.0;1;19;37;9;9;134.0;0;0;0;1;1;1;24;0;0;5;8;5;11.833333333333334;0;0;5;8;4;14.0;0;12.7;3.7;-1.7;Enrolled;0.5693;Prioritas;0.0854;Aman;mahasiswa aktif
MHS3738;1;1;1;9254;1;1;133.1;1;3;1;2;4;125.0;0;0;0;1;1;0;21;0;0;6;10;5;11.333333333333334;0;0;6;14;2;11.5;0;12.7;3.7;-1.7;Enrolled;0.5708;Prioritas;0.9612;Kritis;mahasiswa aktif
MHS3739;1;17;4;9119;1;1;133.0;1;3;1;9;3;123.2;1;0;0;1;1;0;18;0;0;5;5;5;13.6;0;0;5;6;5;14.6;0;8.9;1.4;3.51;Graduate;0.7451;Kritis;0.1958;Aman;validasi silang
MHS3740;1;17;3;9119;1;1;131.0;1;37;37;9;7;118.4;0;0;0;1;1;0;18;0;0;5;10;0;0.0;0;0;5;10;2;11.5;4;7.6;2.6;0.32;Dropout;0.6537;Kritis;0.9764;Kritis;validasi silang
MHS3741;1;51;1;9670;1;1;133.1;1;3;1;3;10;116.2;0;0;0;1;1;0;24;0;0;6;11;5;12.857142857142858;0;0;6;12;5;13.666666666666666;0;11.1;0.6;2.02;Dropout;0.2795;Prioritas;0.1308;Aman;validasi silang
MHS3742;1;39;1;9119;1;1;133.1;1;37;19;9;3;123.0;0;0;0;1;1;1;28;0;0;5;16;3;14.333333333333334;0;0;5;9;5;12.428571428571429;0;9.4;-0.8;-3.12;Enrolled;0.592;Prioritas;0.1134;Aman;mahasiswa aktif
MHS3743;1;17;1;9670;1;1;118.0;1;19;38;7;9;113.5;1;0;0;1;0;1;19;0;0;6;9;5;13.5;0;0;6;6;6;14.0;0;12.4;0.5;1.79;Graduate;0.1311;Aman;0.0347;Aman;validasi silang
MHS3744;1;51;1;9085;1;40;120.0;1;3;3;4;2;125.0;0;0;0;1;0;0;28;0;0;6;8;6;14.428571428571429;0;0;6;12;4;15.6;0;11.1;0.6;2.02;Enrolled;0.2226;Prioritas;0.169;Aman;mahasiswa aktif
MHS3745;1;17;3;9853;1;1;133.1;1;12;1;4;0;134.8;1;0;0;1;0;0;18;0;0;6;12;0;0.0;0;0;6;12;0;0.0;0;7.6;2.6;0.32;Dropout;0.5624;Prioritas;0.9799;Kritis;data uji
MHS3746;1;1;1;171;1;1;145.0;1;3;1;4;3;149.9;1;0;0;0;0;0;19;0;0;0;0;0;0.0;0;0;0;0;0;0.0;0;16.2;0.3;-0.92;Graduate;0.8335;Kritis;0.9503;Kritis;validasi silang
MHS3747;1;1;1;9500;1;1;125.0;1;1;1;4;4;119.8;1;0;0;1;0;1;19;0;0;8;8;8;12.82875;0;0;8;8;8;12.82875;0;9.4;-0.8;-3.12;Graduate;0.0528;Aman;0.035;Aman;validasi silang
MHS3748;1;43;1;9130;1;1;125.0;1;39;3;3;2;125.0;1;0;0;1;0;0;21;0;0;5;6;0;0.0;5;0;5;6;4;13.75;1;10.8;1.4;1.74;Graduate;0.5596;Prioritas;0.9416;Kritis;validasi silang
MHS3749;1;1;3;9500;1;1;148.0;1;1;19;4;5;135.1;1;0;1;1;0;0;18;0;0;7;0;0;0.0;0;0;8;0;0;0.0;0;13.9;-0.3;0.79;Dropout;0.2741;Prioritas;0.9801;Kritis;data uji
MHS3750;1;1;4;9070;1;1;139.0;1;3;19;1;5;138.3;1;0;0;1;0;0;19;0;0;6;6;6;14.666666666666666;0;0;6;6;6;13.166666666666666;0;9.4;-0.8;-3.12;Graduate;0.1546;Aman;0.0403;Aman;data uji
MHS3751;1;17;2;9500;1;1;130.0;1;38;38;7;7;122.5;1;0;0;1;0;0;19;0;0;8;8;7;13.937142857142858;0;0;8;8;7;13.937142857142858;0;10.8;1.4;1.74;Graduate;0.1673;Aman;0.0271;Aman;validasi silang
MHS3752;1;1;1;9070;1;1;148.0;1;3;1;2;10;148.0;1;0;0;1;0;0;20;0;7;12;12;10;14.7;0;8;12;12;12;14.583333333333334;0;15.5;2.8;-4.06;Graduate;0.1445;Aman;0.0807;Aman;validasi silang
MHS3753;1;1;2;9773;1;1;130.0;1;1;1;9;4;126.2;1;0;0;1;0;0;18;0;0;6;6;6;11.666666666666666;0;0;6;6;5;12.2;0;12.7;3.7;-1.7;Graduate;0.2832;Prioritas;0.0803;Aman;validasi silang
MHS3754;1;43;4;9500;1;6;134.0;1;37;37;9;9;129.8;1;0;0;1;0;0;20;0;0;7;7;6;14.85;0;0;7;7;6;14.85;0;7.6;2.6;0.32;Graduate;0.1923;Aman;0.0389;Aman;validasi silang
MHS3755;1;39;1;9085;1;19;133.1;1;19;37;7;90;104.0;0;0;0;1;0;0;26;0;0;5;11;1;12.0;1;0;5;12;0;0.0;4;10.8;1.4;1.74;Dropout;0.6137;Prioritas;0.9791;Kritis;validasi silang
MHS3756;1;18;4;9500;1;1;137.0;1;3;1;3;4;126.7;1;0;0;1;0;0;18;0;0;7;8;7;13.6875;0;0;8;9;8;15.622222222222222;0;13.9;-0.3;0.79;Dropout;0.2432;Prioritas;0.2683;Aman;validasi silang
MHS3757;1;39;1;8014;0;1;130.0;1;37;37;9;9;120.0;0;0;0;1;0;0;58;0;0;6;14;5;12.4;0;0;6;10;5;11.6;0;9.4;-0.8;-3.12;Graduate;0.4229;Prioritas;0.1906;Aman;validasi silang
MHS3758;1;1;2;9500;1;1;137.0;1;1;3;4;3;124.6;0;0;0;1;0;0;18;0;0;7;10;7;13.398;0;0;8;8;8;13.5425;0;15.5;2.8;-4.06;Graduate;0.1488;Aman;0.0357;Aman;validasi silang
MHS3759;1;44;1;9085;1;1;130.0;1;1;1;4;3;130.0;1;0;0;1;0;0;20;0;0;6;13;5;11.8;0;0;6;19;4;12.0;0;12.4;0.5;1.79;Enrolled;0.278;Prioritas;0.5401;Prioritas;mahasiswa aktif
MHS3760;1;17;1;9991;0;1;140.0;1;38;37;6;7;127.3;0;0;0;1;0;0;20;0;0;5;0;0;0.0;0;0;5;0;0;0.0;0;11.1;0.6;2.02;Dropout;0.2872;Prioritas;0.9795;Kritis;validasi silang
MHS3761;1;2;1;9147;1;1;150.0;1;37;37;9;9;122.0;1;0;0;1;0;0;29;0;13;15;19;13;11.76923076923077;0;12;14;17;14;11.928571428571429;0;9.4;-0.8;-3.12;Graduate;0.4294;Prioritas;0.096;Aman;validasi silang
MHS3762;1;7;1;9238;1;3;130.0;1;1;1;4;10;125.1;0;0;1;0;0;0;27;0;0;6;8;0;0.0;0;0;5;6;0;0.0;0;16.2;0.3;-0.92;Dropout;0.9634;Kritis;0.9793;Kritis;validasi silang
MHS3763;1;1;1;9085;1;1;133.1;1;19;38;5;7;110.0;1;0;0;1;0;1;21;0;0;6;8;6;13.285714285714286;0;0;6;11;6;13.0;0;11.1;0.6;2.02;Graduate;0.0831;Aman;0.0337;Aman;validasi silang
MHS3764;1;1;1;9238;1;1;134.0;1;1;19;4;9;129.8;0;0;0;1;0;1;20;0;0;6;6;6;11.666666666666666;0;0;6;8;6;11.166666666666666;0;15.5;2.8;-4.06;Graduate;0.0398;Aman;0.033;Aman;data uji
MHS3765;1;17;1;9238;1;1;125.0;1;19;38;3;7;114.9;0;0;0;1;0;1;19;0;0;6;13;6;11.5;0;0;6;9;5;12.2;0;11.1;0.6;2.02;Graduate;0.0503;Aman;0.0432;Aman;validasi silang
MHS3766;1;1;1;9500;1;1;141.0;1;37;38;6;6;125.6;1;0;0;1;0;1;22;0;0;7;9;6;13.081666666666669;0;0;8;12;6;13.15;0;11.1;0.6;2.02;Graduate;0.0188;Aman;0.0687;Aman;data uji
MHS3767;1;18;3;9070;1;1;138.0;1;38;37;9;7;125.1;1;0;0;1;0;1;19;0;0;6;6;6;12.666666666666666;0;0;6;6;6;13.0;0;15.5;2.8;-4.06;Graduate;0.0762;Aman;0.0385;Aman;validasi silang
MHS3768;1;17;1;9773;1;1;116.0;1;37;1;9;8;115.7;1;0;1;0;0;0;19;0;0;6;6;3;11.333333333333334;0;0;6;6;0;0.0;0;12.4;0.5;1.79;Dropout;0.9571;Kritis;0.9795;Kritis;validasi silang
MHS3769;1;1;3;9853;1;1;122.0;1;3;3;2;2;112.6;1;0;0;1;0;0;23;0;0;6;8;5;13.6;0;0;6;8;5;11.6;0;7.6;2.6;0.32;Enrolled;0.4724;Prioritas;0.1414;Aman;mahasiswa aktif
MHS3770;1;1;3;9773;1;1;131.0;1;1;1;4;4;127.2;1;0;0;1;0;1;18;0;0;6;6;6;13.166666666666666;0;0;6;7;5;13.2;0;12.4;0.5;1.79;Dropout;0.1021;Aman;0.2027;Aman;data uji
MHS3771;1;44;1;9130;1;39;140.0;1;1;19;4;8;140.0;0;0;0;1;0;0;19;0;0;6;0;0;0.0;0;0;6;0;0;0.0;0;12.7;3.7;-1.7;Dropout;0.4889;Prioritas;0.9788;Kritis;validasi silang
MHS3772;1;44;1;9003;1;39;140.0;1;1;1;4;3;140.0;1;0;0;1;0;0;20;0;0;6;10;5;11.666666666666666;0;0;6;7;5;12.6;0;12.4;0.5;1.79;Graduate;0.2637;Prioritas;0.0725;Aman;validasi silang
MHS3773;1;1;4;9238;1;1;127.0;1;1;38;9;7;120.4;1;0;0;1;0;1;19;0;0;6;6;6;13.5;0;0;6;7;6;13.428571428571429;0;11.1;0.6;2.02;Graduate;0.0376;Aman;0.0367;Aman;validasi silang
MHS3774;1;39;1;9085;1;19;133.1;1;37;37;9;9;100.0;1;0;1;0;0;1;26;0;0;6;7;0;0.0;0;0;6;6;0;0.0;0;13.9;-0.3;0.79;Dropout;0.9414;Kritis;0.9789;Kritis;validasi silang
MHS3775;1;1;1;9238;1;1;117.0;1;1;19;4;7;113.5;1;0;0;1;0;1;18;0;0;6;6;6;13.166666666666666;0;0;6;7;6;14.142857142857142;0;11.1;0.6;2.02;Graduate;0.0347;Aman;0.0375;Aman;validasi silang
MHS3776;1;1;1;9085;1;1;150.0;1;37;37;4;9;132.1;1;0;1;1;0;0;29;0;4;5;11;4;12.5;2;1;5;11;2;12.5;0;12.7;3.7;-1.7;Dropout;0.4422;Prioritas;0.9551;Kritis;validasi silang
MHS3777;1;44;1;9003;1;39;160.0;1;3;1;2;6;160.0;1;0;0;0;0;0;20;0;0;6;10;6;13.375;0;0;6;10;6;13.0;0;16.2;0.3;-0.92;Graduate;0.7862;Kritis;0.5921;Prioritas;validasi silang
MHS3778;1;1;1;9070;1;1;128.0;1;19;2;7;3;126.3;1;0;0;1;0;0;19;0;0;6;6;6;13.166666666666666;0;0;6;6;6;12.666666666666666;0;15.5;2.8;-4.06;Graduate;0.4026;Prioritas;0.0343;Aman;validasi silang
MHS3779;1;44;1;9085;1;39;160.0;1;1;1;4;4;160.0;1;0;0;1;0;0;23;0;1;6;12;4;13.4;0;1;6;17;2;13.5;0;12.4;0.5;1.79;Enrolled;0.3359;Prioritas;0.9668;Kritis;mahasiswa aktif
MHS3780;1;43;1;9556;1;1;126.0;1;2;3;3;2;100.0;0;0;0;1;0;0;25;0;2;7;10;3;13.0;0;1;8;10;3;11.666666666666666;4;10.8;1.4;1.74;Enrolled;0.2831;Prioritas;0.9638;Kritis;mahasiswa aktif
MHS3781;1;18;1;9500;1;1;135.0;1;3;3;1;1;125.8;1;0;0;1;0;0;18;0;0;8;8;7;13.154285714285717;0;0;8;8;7;13.154285714285717;0;10.8;1.4;1.74;Graduate;0.2198;Aman;0.0346;Aman;validasi silang
MHS3782;1;1;3;9070;1;1;139.0;1;1;38;4;7;142.2;1;0;0;1;0;1;19;0;0;6;6;6;12.833333333333334;0;0;6;6;6;12.833333333333334;0;9.4;-0.8;-3.12;Graduate;0.0291;Aman;0.0488;Aman;validasi silang
MHS3783;1;17;2;9853;1;1;125.0;1;1;19;5;5;119.4;1;0;0;1;0;0;18;0;0;7;10;7;12.142857142857142;0;0;7;7;7;13.142857142857142;0;12.4;0.5;1.79;Graduate;0.5801;Prioritas;0.0679;Aman;validasi silang
MHS3784;1;1;2;9500;1;1;106.0;1;1;19;4;4;106.4;1;0;0;1;0;1;19;0;0;7;9;5;13.34;0;0;7;9;6;12.385714285714286;0;12.4;0.5;1.79;Enrolled;0.0504;Aman;0.1046;Aman;mahasiswa aktif
MHS3785;1;7;1;8014;0;40;120.0;1;37;19;9;3;120.0;0;0;0;1;0;0;36;0;6;10;15;4;13.0;0;5;9;10;4;13.75;0;8.9;1.4;3.51;Dropout;0.2223;Prioritas;0.9294;Kritis;validasi silang
MHS3786;1;44;1;9003;1;39;150.0;1;1;38;4;9;150.0;0;0;0;1;1;1;20;0;0;6;18;3;12.0;0;0;6;17;3;11.666666666666666;0;15.5;2.8;-4.06;Enrolled;0.1213;Aman;0.8866;Kritis;mahasiswa aktif
MHS3787;1;17;2;171;1;1;130.0;41;1;1;2;3;148.6;1;0;0;1;1;0;20;1;0;0;0;0;0.0;0;0;0;0;0;0.0;0;11.1;0.6;2.02;Dropout;0.3817;Prioritas;0.227;Aman;data uji
MHS3788;1;1;1;9238;1;1;116.0;1;38;38;9;8;108.7;1;0;0;1;1;0;18;0;0;6;9;5;11.0;0;0;6;12;0;0.0;0;11.1;0.6;2.02;Dropout;0.1764;Aman;0.9788;Kritis;validasi silang
MHS3789;1;44;1;9003;1;39;130.0;1;3;1;4;6;130.0;0;0;0;1;1;0;19;0;0;6;8;5;11.5;0;0;6;11;6;11.333333333333334;0;12.4;0.5;1.79;Enrolled;0.2972;Prioritas;0.0653;Aman;mahasiswa aktif
MHS3790;1;17;1;9238;1;1;140.0;1;1;44;4;2;124.6;1;0;1;0;1;0;20;0;3;9;9;3;13.333333333333334;0;2;6;6;2;12.5;0;8.9;1.4;3.51;Dropout;0.9459;Kritis;0.9792;Kritis;data uji
MHS3791;1;1;2;9500;1;1;134.0;1;19;19;4;7;131.0;1;0;0;1;1;0;18;0;0;7;9;7;14.594444444444443;0;0;8;10;8;13.472;0;15.5;2.8;-4.06;Graduate;0.2617;Prioritas;0.0369;Aman;validasi silang
MHS3792;1;44;1;9130;1;39;130.0;1;3;1;3;6;130.0;1;0;1;1;1;0;20;0;2;6;9;4;11.0;0;1;6;13;3;10.666666666666666;0;12.4;0.5;1.79;Dropout;0.809;Kritis;0.9754;Kritis;validasi silang
MHS3793;1;18;1;9119;1;1;122.0;1;19;1;90;3;116.1;1;0;1;0;1;0;24;0;0;5;8;0;0.0;0;0;5;5;0;0.0;0;9.4;-0.8;-3.12;Dropout;0.9958;Kritis;0.9795;Kritis;validasi silang
MHS3794;1;17;1;9773;1;1;128.0;1;19;38;5;7;125.6;1;0;0;1;1;0;19;0;0;6;6;0;0.0;0;0;6;0;0;0.0;0;8.9;1.4;3.51;Dropout;0.4697;Prioritas;0.9799;Kritis;validasi silang
MHS3795;1;17;1;9119;1;1;130.0;1;19;19;7;9;121.3;1;0;0;1;1;0;18;0;0;5;9;1;12.0;0;0;5;10;2;12.0;3;7.6;2.6;0.32;Dropout;0.715;Kritis;0.9737;Kritis;validasi silang
MHS3796;1;1;3;9119;1;1;113.0;1;4;38;2;7;107.4;1;0;0;1;1;0;18;0;0;5;8;5;14.0;0;0;5;6;5;13.2;0;8.9;1.4;3.51;Graduate;0.6699;Kritis;0.0655;Aman;validasi silang
MHS3797;1;1;1;9254;1;1;126.0;1;1;19;4;4;116.9;0;0;0;1;1;0;18;0;0;6;8;6;13.571428571428571;0;0;6;7;5;11.8;0;8.9;1.4;3.51;Graduate;0.4811;Prioritas;0.0432;Aman;validasi silang
MHS3798;1;43;2;9670;1;1;135.0;1;3;19;1;7;123.5;1;0;0;1;1;0;22;0;0;6;12;0;0.0;0;0;6;6;0;0.0;0;16.2;0.3;-0.92;Dropout;0.4666;Prioritas;0.9801;Kritis;data uji
MHS3799;1;1;1;9670;1;1;141.0;1;19;38;9;9;130.5;0;0;0;1;1;0;19;0;0;6;8;6;14.25;0;0;6;7;6;13.857142857142858;0;11.1;0.6;2.02;Graduate;0.2886;Prioritas;0.0335;Aman;validasi silang
MHS3800;2;39;1;9085;1;12;133.1;1;1;39;5;3;140.0;1;0;1;0;0;0;32;0;0;6;7;0;0.0;0;0;6;6;0;0.0;0;13.9;-0.3;0.79;Dropout;0.9816;Kritis;0.9795;Kritis;validasi silang
MHS3801;1;17;1;9853;1;1;133.1;1;34;19;0;3;117.1;1;0;0;1;0;1;21;0;0;6;12;0;0.0;0;0;6;12;0;0.0;0;7.6;2.6;0.32;Dropout;0.6101;Prioritas;0.9801;Kritis;data uji
MHS3802;1;18;1;9500;1;1;144.0;1;37;37;6;6;127.5;1;0;0;1;0;1;19;0;0;8;8;7;13.542857142857144;0;0;8;8;7;13.542857142857144;0;12.7;3.7;-1.7;Graduate;0.056;Aman;0.0266;Aman;validasi silang
MHS3803;4;43;1;8014;0;1;140.0;1;38;37;9;9;126.0;0;0;0;1;0;1;39;0;3;9;9;9;13.11111111111111;0;2;7;10;7;11.714285714285714;0;12.7;3.7;-1.7;Graduate;0.0557;Aman;0.0356;Aman;validasi silang
MHS3804;1;43;1;8014;0;10;100.0;1;34;34;0;0;113.0;1;0;0;1;0;0;30;0;3;9;11;9;12.666666666666666;0;2;7;7;7;12.142857142857142;0;7.6;2.6;0.32;Graduate;0.4943;Prioritas;0.0497;Aman;validasi silang
MHS3805;1;1;1;9147;1;1;135.0;1;1;19;5;5;130.1;1;0;0;1;0;0;18;0;0;5;10;4;10.75;1;0;5;13;2;10.0;0;9.4;-0.8;-3.12;Dropout;0.2673;Prioritas;0.9178;Kritis;validasi silang
MHS3806;2;43;1;9991;0;1;130.0;1;37;37;9;9;110.0;1;0;0;1;0;0;38;0;4;10;14;4;10.75;0;2;10;10;2;10.0;0;7.6;2.6;0.32;Dropout;0.2904;Prioritas;0.9725;Kritis;validasi silang
MHS3807;1;1;3;9070;1;1;147.0;1;34;37;5;7;135.8;1;0;0;1;0;0;20;0;0;6;6;6;13.666666666666666;0;0;6;6;6;13.333333333333334;0;9.4;-0.8;-3.12;Graduate;0.326;Prioritas;0.037;Aman;data uji
MHS3808;1;39;1;8014;0;19;149.0;1;34;34;0;0;126.3;0;0;0;1;0;0;55;0;0;6;6;6;13.833333333333334;0;1;6;6;6;12.833333333333334;0;7.6;2.6;0.32;Graduate;0.7375;Kritis;0.0438;Aman;validasi silang
MHS3809;4;27;1;9070;1;2;130.0;1;34;34;0;0;130.0;0;0;0;1;0;0;53;0;15;18;18;17;13.176470588235292;0;13;18;18;16;13.0;0;7.6;2.6;0.32;Dropout;0.8201;Kritis;0.0922;Aman;validasi silang
MHS3810;2;39;1;8014;0;1;120.0;1;34;34;0;0;104.0;0;0;0;1;0;0;54;0;0;6;8;4;12.75;0;0;6;12;5;12.6;0;7.6;2.6;0.32;Dropout;0.6637;Kritis;0.2267;Aman;data uji
MHS3811;1;43;1;9500;1;1;125.0;1;37;37;9;7;123.6;1;0;0;1;0;1;18;0;0;7;8;5;12.86;0;0;7;8;5;12.86;0;7.6;2.6;0.32;Enrolled;0.036;Aman;0.1883;Aman;mahasiswa aktif
MHS3812;1;39;1;8014;0;1;133.1;1;37;37;9;8;121.0;0;0;1;0;0;0;44;0;2;8;12;4;12.0;2;2;7;9;4;12.0;2;8.9;1.4;3.51;Dropout;0.9456;Kritis;0.9694;Kritis;validasi silang
MHS3813;1;43;1;9238;1;1;149.0;1;37;37;9;6;130.5;1;0;0;1;0;0;28;0;8;11;11;9;11.666666666666666;0;8;11;13;9;12.555555555555555;0;10.8;1.4;1.74;Graduate;0.1112;Aman;0.2771;Aman;validasi silang
MHS3814;1;7;1;8014;0;43;180.0;1;19;19;9;4;180.0;0;0;0;1;0;0;37;0;12;14;14;14;16.5;0;8;11;11;11;16.90909090909091;0;8.9;1.4;3.51;Graduate;0.1486;Aman;0.0454;Aman;validasi silang
MHS3815;1;43;1;9238;1;1;110.0;1;14;14;90;90;112.5;1;0;0;1;0;0;20;0;8;10;14;9;12.333333333333334;0;3;7;10;7;11.77777777777778;0;7.6;2.6;0.32;Graduate;0.3586;Prioritas;0.0761;Aman;data uji
MHS3816;1;1;3;9500;1;1;131.0;1;19;3;3;2;126.1;1;0;0;1;0;0;18;0;0;7;8;7;12.59125;0;0;8;11;7;12.820000000000002;0;15.5;2.8;-4.06;Enrolled;0.1301;Aman;0.0582;Aman;mahasiswa aktif
MHS3817;1;1;1;9238;1;1;117.0;1;19;19;9;9;111.8;1;0;0;1;1;0;19;0;0;6;9;4;11.5;0;0;6;12;3;11.0;0;8.9;1.4;3.51;Dropout;0.1861;Aman;0.9673;Kritis;data uji
MHS3818;1;17;1;9003;1;1;120.0;1;38;37;5;9;131.4;1;0;0;1;1;1;23;0;17;18;19;18;11.894736842105264;0;12;13;13;13;12.923076923076923;0;15.5;2.8;-4.06;Graduate;0.1543;Aman;0.0377;Aman;validasi silang
MHS3819;1;17;1;9238;1;1;160.0;1;19;37;6;6;144.3;0;0;0;1;1;0;22;0;0;6;0;0;0.0;0;0;6;0;0;0.0;0;13.9;-0.3;0.79;Dropout;0.2009;Aman;0.9789;Kritis;validasi silang
MHS3820;1;39;1;9254;1;1;100.0;1;3;19;3;5;115.0;0;0;0;0;1;0;24;0;0;6;0;0;0.0;0;0;6;0;0;0.0;0;11.1;0.6;2.02;Dropout;0.9649;Kritis;0.9796;Kritis;validasi silang
MHS3821;1;44;1;9003;1;39;140.0;1;4;4;4;2;120.0;1;0;0;1;1;0;22;0;0;6;13;5;13.0;0;0;6;13;2;11.5;0;12.4;0.5;1.79;Enrolled;0.4335;Prioritas;0.9662;Kritis;mahasiswa aktif
MHS3822;1;39;1;9003;1;1;160.0;1;1;38;5;6;168.6;0;0;0;1;1;0;26;0;0;6;9;0;0.0;0;0;6;6;0;0.0;0;13.9;-0.3;0.79;Dropout;0.2244;Prioritas;0.9795;Kritis;validasi silang
MHS3823;1;17;6;9773;1;1;141.0;1;37;37;5;5;127.7;1;0;0;1;1;0;18;0;0;6;6;6;15.166666666666666;0;0;6;6;6;14.833333333333334;0;9.4;-0.8;-3.12;Graduate;0.5399;Prioritas;0.0555;Aman;validasi silang
MHS3824;1;44;1;9130;1;39;130.0;1;38;19;9;9;150.0;0;0;0;1;1;0;24;0;2;6;8;4;11.75;0;1;6;8;2;13.5;0;11.1;0.6;2.02;Dropout;0.5478;Prioritas;0.9734;Kritis;validasi silang
MHS3825;1;1;1;9119;1;1;142.0;1;1;38;4;3;129.8;1;0;0;1;1;0;18;0;0;5;5;0;0.0;0;0;5;6;1;15.0;0;10.8;1.4;1.74;Enrolled;0.5759;Prioritas;0.9763;Kritis;mahasiswa aktif
MHS3826;1;1;1;171;1;1;130.0;1;1;38;7;8;135.6;1;0;0;1;1;0;26;0;0;0;0;0;0.0;0;0;0;0;0;0.0;0;11.1;0.6;2.02;Dropout;0.3785;Prioritas;0.515;Prioritas;validasi silang
MHS3827;1;39;1;9254;1;19;133.1;1;37;37;9;4;100.0;0;0;0;1;1;0;27;0;0;6;11;3;11.333333333333334;0;0;6;10;3;14.75;0;16.2;0.3;-0.92;Dropout;0.865;Kritis;0.9715;Kritis;validasi silang
MHS3828;1;44;1;9003;1;39;140.0;1;37;37;9;6;140.0;1;0;0;1;1;1;20;0;0;6;10;5;12.6;0;0;6;6;5;13.2;0;12.4;0.5;1.79;Graduate;0.0895;Aman;0.0618;Aman;validasi silang
MHS3829;1;1;1;9119;1;1;129.0;1;12;1;4;10;124.1;1;0;0;1;1;0;19;0;0;5;10;0;0.0;0;0;5;10;1;14.0;3;7.6;2.6;0.32;Dropout;0.6084;Prioritas;0.9747;Kritis;validasi silang
MHS3830;1;1;1;9085;1;1;148.0;1;38;38;4;9;131.6;0;0;0;1;1;1;18;0;0;6;8;6;15.5;0;0;6;9;4;15.5;0;11.1;0.6;2.02;Dropout;0.0609;Aman;0.177;Aman;validasi silang
MHS3831;1;1;3;9500;1;1;143.0;1;1;1;4;4;129.0;1;0;0;1;1;0;18;0;0;8;8;7;12.365714285714288;0;0;8;8;7;12.365714285714288;0;10.8;1.4;1.74;Graduate;0.2762;Prioritas;0.037;Aman;validasi silang
MHS3832;1;17;1;9670;1;1;128.0;1;37;37;9;9;135.7;1;0;0;1;1;0;19;0;0;6;7;5;13.2;0;0;6;10;5;13.25;0;10.8;1.4;1.74;Enrolled;0.3349;Prioritas;0.1598;Aman;mahasiswa aktif
MHS3833;1;43;1;9070;1;1;100.0;1;37;37;9;9;108.0;1;0;0;1;1;0;34;0;7;12;12;7;11.428571428571429;0;4;12;12;7;11.857142857142858;0;7.6;2.6;0.32;Enrolled;0.3422;Prioritas;0.881;Kritis;mahasiswa aktif
MHS3834;1;1;1;9238;1;1;116.0;1;38;19;8;10;110.8;1;0;0;1;1;0;19;0;0;6;0;0;0.0;0;0;6;0;0;0.0;0;16.2;0.3;-0.92;Dropout;0.4098;Prioritas;0.9798;Kritis;data uji
MHS3835;1;1;1;9773;1;1;128.0;1;1;19;4;4;124.5;0;0;0;1;1;1;19;0;0;6;10;4;14.0;0;0;6;9;6;12.333333333333334;0;9.4;-0.8;-3.12;Graduate;0.1233;Aman;0.0638;Aman;validasi silang
MHS3836;2;39;1;9003;1;1;120.0;1;2;2;1;4;100.0;0;0;0;1;1;0;30;0;3;12;12;3;12.0;0;5;12;16;5;11.8;0;15.5;2.8;-4.06;Dropout;0.7021;Kritis;0.9581;Kritis;validasi silang
MHS3837;1;43;1;9773;1;1;121.0;1;1;3;9;3;123.8;0;0;0;0;1;0;22;0;0;4;4;0;0.0;4;0;5;8;3;12.0;0;10.8;1.4;1.74;Dropout;0.8833;Kritis;0.9619;Kritis;validasi silang
MHS3838;1;17;1;9147;1;1;137.0;1;3;38;1;9;131.4;0;0;0;0;1;0;19;0;0;5;13;4;10.0;0;0;5;7;3;11.333333333333334;0;15.5;2.8;-4.06;Dropout;0.9445;Kritis;0.9722;Kritis;validasi silang
MHS3839;1;1;1;9147;1;1;115.0;1;38;1;9;8;118.5;0;0;0;1;1;0;21;0;0;5;9;1;10.0;0;0;5;10;1;10.0;0;7.6;2.6;0.32;Dropout;0.3764;Prioritas;0.9796;Kritis;validasi silang
MHS3840;1;1;2;171;1;1;129.0;1;37;37;9;9;122.0;1;0;0;0;1;0;22;0;0;0;0;0;0.0;0;0;0;0;0;0.0;0;7.6;2.6;0.32;Dropout;0.9104;Kritis;0.8484;Kritis;validasi silang
MHS3841;1;1;1;9254;1;1;125.0;1;37;37;9;9;122.9;0;0;0;1;1;1;19;0;0;6;7;6;11.166666666666666;0;0;6;12;3;11.666666666666666;0;10.8;1.4;1.74;Enrolled;0.1637;Aman;0.5924;Prioritas;mahasiswa aktif
MHS3842;1;1;1;9238;1;1;125.0;1;19;38;7;7;118.7;0;0;0;1;1;0;20;0;0;6;12;4;11.75;0;0;6;13;3;11.333333333333334;0;15.5;2.8;-4.06;Enrolled;0.3007;Prioritas;0.9625;Kritis;mahasiswa aktif
MHS3843;1;39;1;9003;1;19;133.1;1;3;1;2;8;100.0;1;0;0;1;1;0;35;0;0;6;13;3;11.75;0;0;6;10;0;0.0;0;13.9;-0.3;0.79;Dropout;0.699;Kritis;0.979;Kritis;validasi silang
MHS3844;1;16;2;9147;1;1;131.0;1;37;37;9;9;135.9;1;0;0;1;1;0;20;0;0;5;8;1;10.0;0;0;5;7;1;11.0;0;7.6;2.6;0.32;Dropout;0.4104;Prioritas;0.9782;Kritis;validasi silang
MHS3845;1;1;1;9130;1;1;133.1;1;6;11;4;5;138.4;0;0;0;1;1;0;21;0;0;5;8;3;14.0;0;0;5;5;5;12.8;0;7.6;2.6;0.32;Graduate;0.4301;Prioritas;0.0684;Aman;validasi silang
MHS3846;1;39;1;9085;1;12;133.1;1;34;34;99;99;128.2;0;0;1;0;1;0;27;0;0;5;5;0;0.0;0;0;5;5;0;0.0;0;7.6;2.6;0.32;Dropout;0.9972;Kritis;0.9788;Kritis;validasi silang
MHS3847;1;43;1;9773;1;1;114.0;1;37;38;9;5;107.4;1;0;0;0;1;0;26;0;0;6;12;3;12.0;0;0;6;15;0;0.0;0;9.4;-0.8;-3.12;Dropout;0.9343;Kritis;0.9795;Kritis;validasi silang
MHS3848;1;17;1;9773;1;1;127.0;1;1;33;3;3;129.8;0;0;0;0;1;0;20;0;0;6;10;0;0.0;0;0;5;10;0;0.0;0;10.8;1.4;1.74;Dropout;0.9038;Kritis;0.9795;Kritis;validasi silang
MHS3849;1;39;1;9003;1;1;130.0;1;37;37;6;6;100.0;0;0;1;0;1;0;28;0;4;10;19;8;11.88888888888889;0;2;8;17;5;11.6;1;15.5;2.8;-4.06;Dropout;0.9731;Kritis;0.9636;Kritis;validasi silang
MHS3850;1;1;3;9773;1;1;121.0;1;19;38;9;7;113.0;1;0;0;1;1;0;19;0;0;6;6;6;13.833333333333334;0;0;6;6;6;13.666666666666666;0;11.1;0.6;2.02;Graduate;0.3621;Prioritas;0.033;Aman;data uji
MHS3851;1;43;1;9991;0;1;120.0;1;37;19;9;9;107.0;0;0;0;0;1;0;47;0;0;5;5;0;0.0;0;0;5;5;0;0.0;0;12.7;3.7;-1.7;Dropout;0.968;Kritis;0.9798;Kritis;validasi silang
MHS3852;4;39;1;9773;1;12;120.0;1;37;37;4;9;130.0;0;0;0;0;1;0;55;0;0;6;8;5;11.4;0;0;6;9;5;12.4;0;10.8;1.4;1.74;Dropout;0.9779;Kritis;0.9291;Kritis;validasi silang
MHS3853;1;43;1;9003;1;1;120.0;1;37;37;5;9;120.0;1;0;0;1;1;0;39;0;0;6;8;0;0.0;0;1;6;8;2;11.0;0;16.2;0.3;-0.92;Dropout;0.4855;Prioritas;0.9764;Kritis;validasi silang
MHS3854;2;1;1;9003;1;1;120.0;1;37;37;9;9;120.5;1;0;1;1;1;0;35;0;14;17;17;14;10.642857142857142;1;12;12;12;12;10.666666666666666;0;15.5;2.8;-4.06;Dropout;0.4802;Prioritas;0.2288;Aman;data uji
MHS3855;1;39;1;9238;1;1;133.1;1;37;29;0;4;120.5;0;0;0;0;1;0;32;0;0;6;10;2;11.0;0;0;6;12;0;0.0;0;7.6;2.6;0.32;Dropout;0.9724;Kritis;0.9795;Kritis;validasi silang
MHS3856;1;1;4;9773;1;1;124.0;1;3;12;2;9;137.0;1;0;0;1;1;0;20;0;0;6;6;6;16.833333333333332;0;0;6;6;6;16.666666666666668;0;8.9;1.4;3.51;Graduate;0.2472;Prioritas;0.0742;Aman;data uji
MHS3857;1;39;1;9254;1;1;150.0;1;37;37;9;9;115.0;0;0;0;1;1;0;36;0;0;6;8;6;13.571428571428571;0;0;6;9;5;13.2;0;12.7;3.7;-1.7;Graduate;0.771;Kritis;0.1456;Aman;validasi silang
MHS3858;1;39;1;9991;0;19;133.1;1;38;19;9;10;142.7;0;0;1;1;1;1;34;0;0;5;11;5;14.714285714285714;0;0;5;14;5;14.375;5;16.2;0.3;-0.92;Graduate;0.6355;Prioritas;0.1669;Aman;validasi silang
MHS3859;1;1;1;9670;1;1;116.0;1;38;19;0;2;116.7;1;0;0;1;1;0;21;0;0;5;8;0;0.0;0;0;5;5;0;0.0;0;9.4;-0.8;-3.12;Dropout;0.4647;Prioritas;0.9787;Kritis;validasi silang
MHS3860;1;43;1;9991;0;1;133.1;1;37;19;3;10;136.1;0;0;0;1;1;1;42;0;0;5;14;1;10.0;0;0;5;14;1;11.0;0;13.9;-0.3;0.79;Dropout;0.1791;Aman;0.9608;Kritis;data uji
MHS3861;1;39;1;9003;1;19;133.1;1;37;19;9;7;134.3;0;0;0;1;1;0;25;0;0;6;15;1;11.0;0;0;6;13;4;11.75;0;12.4;0.5;1.79;Dropout;0.4055;Prioritas;0.9666;Kritis;validasi silang
MHS3862;1;18;1;9773;1;1;167.0;1;38;38;6;7;153.0;1;0;0;1;1;1;18;0;0;6;6;1;11.0;0;0;6;0;0;0.0;0;8.9;1.4;3.51;Dropout;0.056;Aman;0.9712;Kritis;validasi silang
MHS3863;1;1;1;9773;1;1;140.0;1;19;38;9;9;132.0;0;0;0;1;1;1;18;0;0;6;6;5;12.0;0;0;6;6;6;12.833333333333334;0;12.7;3.7;-1.7;Graduate;0.1468;Aman;0.0434;Aman;validasi silang
MHS3864;1;1;2;9238;1;1;124.0;1;38;19;9;7;129.6;1;0;0;1;1;0;19;0;0;6;10;6;11.125;0;0;6;7;6;11.857142857142858;0;7.6;2.6;0.32;Graduate;0.1658;Aman;0.0475;Aman;validasi silang
MHS3865;1;43;1;9085;1;1;110.0;1;3;19;4;6;105.0;0;0;1;0;1;0;34;0;2;6;13;3;11.333333333333334;0;0;6;8;2;11.5;0;13.9;-0.3;0.79;Dropout;0.9805;Kritis;0.9791;Kritis;validasi silang
MHS3866;1;17;2;9773;1;1;150.0;1;1;1;4;5;130.8;0;0;0;1;1;0;20;0;0;6;15;2;12.0;0;0;6;12;0;0.0;0;10.8;1.4;1.74;Dropout;0.4557;Prioritas;0.9781;Kritis;validasi silang
MHS3867;1;1;1;9500;1;1;123.0;1;37;37;7;7;119.7;0;0;0;1;1;0;20;0;0;7;8;0;0.0;1;0;7;7;0;0.0;0;13.9;-0.3;0.79;Dropout;0.3068;Prioritas;0.9788;Kritis;validasi silang
MHS3868;1;17;1;9500;1;1;152.0;1;19;19;4;9;132.5;0;0;0;1;1;0;21;0;0;8;8;7;14.54;0;0;8;8;7;14.54;0;10.8;1.4;1.74;Graduate;0.2906;Prioritas;0.0434;Aman;validasi silang
MHS3869;1;44;1;9003;1;39;130.0;1;1;19;3;10;130.0;1;0;0;1;1;0;19;0;0;6;9;6;12.166666666666666;0;0;6;14;4;13.0;0;12.4;0.5;1.79;Graduate;0.331;Prioritas;0.1324;Aman;validasi silang
MHS3870;1;39;1;9085;1;1;133.1;1;1;1;4;4;120.0;0;0;1;0;1;0;31;0;0;5;13;4;13.5;1;0;5;12;3;11.666666666666666;1;9.4;-0.8;-3.12;Dropout;0.9888;Kritis;0.9687;Kritis;validasi silang
MHS3871;1;17;1;9670;1;1;133.1;1;1;37;4;5;150.0;0;0;0;1;1;0;21;0;0;6;8;6;14.75;0;0;6;9;5;14.333333333333334;0;11.1;0.6;2.02;Graduate;0.2948;Prioritas;0.0805;Aman;data uji
MHS3872;1;1;1;9147;1;1;124.0;1;38;38;9;9;115.6;0;0;0;1;1;1;20;0;0;5;8;5;12.375;0;0;5;7;5;11.666666666666666;0;13.9;-0.3;0.79;Graduate;0.1623;Aman;0.0488;Aman;validasi silang
MHS3873;1;43;2;9500;1;6;119.1;1;1;19;4;10;119.1;0;0;0;1;1;0;22;0;0;7;7;6;12.733333333333334;0;0;7;7;6;12.733333333333334;0;7.6;2.6;0.32;Graduate;0.1935;Aman;0.041;Aman;validasi silang
MHS3874;1;1;2;9070;1;1;128.0;1;19;19;3;3;123.5;1;1;0;0;1;0;19;0;0;6;9;4;12.5;0;0;6;6;0;0.0;0;9.4;-0.8;-3.12;Dropout;0.7816;Kritis;0.9775;Kritis;validasi silang
MHS3875;1;39;1;9130;1;1;133.1;1;1;1;90;1;120.0;1;0;1;0;1;0;41;0;0;5;5;0;0.0;1;0;5;5;0;0.0;5;12.7;3.7;-1.7;Dropout;0.9973;Kritis;0.9793;Kritis;validasi silang
MHS3876;1;43;1;9500;1;19;133.1;1;34;34;0;0;110.0;1;0;0;1;1;0;27;0;0;7;7;0;0.0;6;0;7;7;0;0.0;6;7.6;2.6;0.32;Dropout;0.6984;Kritis;0.9775;Kritis;validasi silang
MHS3877;1;17;1;9500;1;1;145.0;1;1;1;4;10;131.4;0;0;0;1;0;0;19;0;0;7;7;7;13.44285714285714;0;0;8;8;7;13.771428571428572;0;13.9;-0.3;0.79;Dropout;0.1835;Aman;0.044;Aman;data uji
MHS3878;1;18;2;9500;1;1;141.0;24;1;1;4;3;126.8;1;0;0;1;0;1;20;1;0;8;8;8;14.2;0;0;8;8;8;14.2;0;9.4;-0.8;-3.12;Graduate;0.0326;Aman;0.0684;Aman;validasi silang
MHS3879;1;43;4;9500;1;6;118.9;1;38;37;5;9;118.9;1;0;0;1;0;1;19;0;0;7;7;6;13.55;0;0;7;7;6;13.55;0;7.6;2.6;0.32;Graduate;0.0601;Aman;0.0332;Aman;validasi silang
MHS3880;2;39;1;9991;0;1;160.0;1;37;37;9;9;160.0;0;0;0;1;0;0;35;0;0;5;5;5;11.6;0;0;5;6;5;11.166666666666666;0;15.5;2.8;-4.06;Graduate;0.4313;Prioritas;0.0573;Aman;validasi silang
MHS3881;1;17;5;9773;1;1;111.0;1;19;12;7;3;115.9;1;0;0;1;0;0;22;0;0;6;7;6;13.571428571428571;0;0;6;7;6;15.285714285714286;0;13.9;-0.3;0.79;Graduate;0.4091;Prioritas;0.049;Aman;data uji
MHS3882;1;1;2;9254;1;1;111.0;1;1;19;5;7;109.3;1;0;0;1;0;1;20;0;0;6;6;6;13.833333333333334;0;0;6;6;6;15.0;0;11.1;0.6;2.02;Graduate;0.128;Aman;0.043;Aman;data uji
MHS3883;1;1;1;9670;1;1;123.0;1;37;38;9;9;113.9;1;0;1;0;0;0;18;0;0;6;7;4;11.25;0;0;6;9;4;10.857142857142858;0;10.8;1.4;1.74;Dropout;0.9017;Kritis;0.9673;Kritis;validasi silang
MHS3884;1;1;1;9238;1;1;133.0;1;37;37;9;9;121.8;1;0;0;1;0;1;18;0;0;6;7;5;10.2;0;0;6;9;4;11.25;0;12.4;0.5;1.79;Graduate;0.037;Aman;0.1284;Aman;data uji
MHS3885;1;7;1;9500;1;3;140.0;1;1;37;9;5;140.0;0;0;0;1;0;0;30;0;0;8;8;7;15.675714285714283;0;0;8;8;7;15.675714285714283;0;10.8;1.4;1.74;Graduate;0.2955;Prioritas;0.077;Aman;validasi silang
MHS3886;1;18;1;9238;1;1;122.0;1;38;38;9;7;114.7;0;0;1;1;0;1;18;0;0;6;9;6;10.833333333333334;0;0;6;8;6;12.0;0;11.1;0.6;2.02;Graduate;0.1071;Aman;0.0478;Aman;validasi silang
MHS3887;1;1;1;9254;1;1;128.0;1;19;19;7;8;120.0;1;0;0;1;0;1;20;0;0;6;6;6;14.5;0;0;6;7;5;15.0;0;12.4;0.5;1.79;Enrolled;0.1373;Aman;0.0477;Aman;mahasiswa aktif
MHS3888;1;1;1;9238;1;1;108.0;1;19;38;9;9;107.3;0;1;0;1;0;1;19;0;0;6;12;4;10.4;0;0;6;11;4;10.75;0;12.4;0.5;1.79;Enrolled;0.041;Aman;0.145;Aman;mahasiswa aktif
MHS3889;1;17;1;9085;1;1;139.0;1;38;38;5;3;136.2;0;0;0;1;0;0;19;0;0;5;7;5;13.0;1;0;5;7;5;13.333333333333334;0;7.6;2.6;0.32;Graduate;0.2023;Aman;0.0413;Aman;validasi silang
MHS3890;1;1;2;9556;1;1;130.0;1;1;38;3;8;119.5;1;0;0;1;0;1;21;0;0;7;7;7;12.242857142857144;0;0;8;8;8;14.125;0;15.5;2.8;-4.06;Graduate;0.09;Aman;0.0528;Aman;validasi silang
MHS3891;1;18;1;9853;1;1;133.1;1;1;19;141;182;106.0;1;0;1;1;0;0;21;0;0;7;7;7;13.0;0;0;7;8;6;12.5;0;8.9;1.4;3.51;Enrolled;0.7968;Kritis;0.2189;Aman;mahasiswa aktif
MHS3892;1;1;4;9670;1;1;130.0;1;1;1;9;9;124.1;1;0;0;1;0;0;18;0;0;6;6;6;14.166666666666666;0;0;6;7;6;13.428571428571429;0;8.9;1.4;3.51;Enrolled;0.1682;Aman;0.0402;Aman;mahasiswa aktif
MHS3893;1;1;3;9147;1;1;143.0;1;1;1;5;7;133.2;1;0;0;1;0;1;18;0;0;5;11;4;14.25;0;0;5;7;4;12.5;0;12.7;3.7;-1.7;Graduate;0.1226;Aman;0.0993;Aman;validasi silang
MHS3894;4;39;1;9085;1;1;110.0;1;37;37;90;90;110.0;0;0;0;0;0;0;35;0;0;5;14;1;12.0;2;0;5;11;2;10.5;1;9.4;-0.8;-3.12;Dropout;0.9715;Kritis;0.9773;Kritis;validasi silang
MHS3895;1;1;6;9500;1;1;120.0;41;1;1;9;6;114.8;1;0;0;1;0;0;21;1;0;7;11;4;13.25;0;0;7;9;5;13.82;0;11.1;0.6;2.02;Enrolled;0.0734;Aman;0.6286;Prioritas;mahasiswa aktif
MHS3896;1;1;1;9500;1;1;140.0;1;38;37;9;7;130.0;1;0;0;1;1;1;18;0;0;7;7;6;13.183333333333332;0;0;7;7;6;13.183333333333332;0;7.6;2.6;0.32;Graduate;0.0437;Aman;0.0358;Aman;data uji
MHS3897;1;17;5;9070;1;1;125.0;1;19;1;5;5;122.6;1;0;0;1;1;0;22;0;0;6;6;1;11.0;0;0;6;6;0;0.0;0;9.4;-0.8;-3.12;Enrolled;0.5078;Prioritas;0.9797;Kritis;mahasiswa aktif
MHS3898;1;17;1;9500;1;1;134.0;1;38;1;9;6;133.5;1;0;0;1;1;1;20;0;0;7;8;7;11.9725;0;0;8;8;8;12.65125;0;15.5;2.8;-4.06;Graduate;0.0881;Aman;0.0413;Aman;validasi silang
MHS3899;2;39;1;9254;1;1;130.0;1;37;37;4;7;120.0;1;0;0;1;0;0;34;0;0;6;7;5;12.4;0;0;6;8;5;12.8;0;9.4;-0.8;-3.12;Graduate;0.572;Prioritas;0.1485;Aman;validasi silang
MHS3900;2;7;1;9147;1;3;120.0;1;37;37;9;9;120.0;0;0;0;1;0;0;33;0;3;8;9;5;12.6;2;2;7;13;5;11.25;0;10.8;1.4;1.74;Enrolled;0.5184;Prioritas;0.7937;Kritis;mahasiswa aktif
MHS3901;1;1;3;9500;1;1;142.0;1;37;38;9;9;137.3;1;0;0;1;0;1;22;0;0;7;7;6;13.9;0;0;7;7;6;13.9;0;7.6;2.6;0.32;Graduate;0.0219;Aman;0.0302;Aman;data uji
MHS3902;1;17;3;9254;1;1;127.0;1;37;37;9;6;123.5;1;0;0;1;0;1;20;0;0;6;11;4;11.5;0;0;6;12;3;11.0;0;7.6;2.6;0.32;Enrolled;0.0912;Aman;0.8213;Kritis;mahasiswa aktif
MHS3903;2;39;1;9147;1;1;140.0;1;37;37;6;10;131.8;0;0;0;1;0;0;35;0;0;5;6;4;14.2;0;0;5;10;4;11.857142857142858;0;10.8;1.4;1.74;Enrolled;0.4168;Prioritas;0.1643;Aman;mahasiswa aktif
MHS3904;2;39;1;9147;1;1;140.0;1;38;37;4;7;130.0;1;0;0;0;0;0;39;0;0;5;12;3;10.666666666666666;2;0;5;15;3;10.666666666666666;0;9.4;-0.8;-3.12;Dropout;0.9381;Kritis;0.9726;Kritis;data uji
MHS3905;1;18;6;9500;1;1;142.0;1;38;37;9;5;128.0;1;0;0;0;0;0;19;0;0;7;14;0;0.0;0;0;8;0;0;0.0;0;11.1;0.6;2.02;Dropout;0.6506;Kritis;0.9787;Kritis;validasi silang
MHS3906;4;39;1;9254;1;1;120.0;1;37;37;9;8;95.0;0;0;0;1;0;1;36;0;0;6;10;6;11.0;0;0;6;14;3;11.333333333333334;0;10.8;1.4;1.74;Graduate;0.3721;Prioritas;0.5254;Prioritas;data uji
MHS3907;1;1;2;9500;1;1;124.0;1;37;37;9;9;116.0;1;0;0;1;0;1;21;0;0;8;8;7;13.957142857142856;0;0;8;8;7;13.957142857142856;0;12.7;3.7;-1.7;Graduate;0.0409;Aman;0.0287;Aman;data uji
MHS3908;1;1;1;9238;1;1;157.0;1;3;38;1;5;136.7;1;0;0;1;0;0;22;0;0;6;11;4;12.5;1;0;6;13;3;13.666666666666666;0;9.4;-0.8;-3.12;Enrolled;0.1088;Aman;0.8711;Kritis;mahasiswa aktif
MHS3909;2;39;1;9238;1;1;126.6;1;38;38;9;7;107.5;0;0;1;1;0;1;42;0;0;6;8;6;13.333333333333334;0;0;6;7;6;15.285714285714286;0;11.1;0.6;2.02;Graduate;0.2601;Prioritas;0.0384;Aman;validasi silang
MHS3910;1;39;1;9119;1;1;110.0;1;37;37;90;90;108.4;1;0;0;1;0;0;34;0;0;5;5;0;0.0;0;0;5;6;0;0.0;0;10.8;1.4;1.74;Dropout;0.908;Kritis;0.9796;Kritis;validasi silang
MHS3911;1;17;1;9773;1;1;144.0;1;19;19;4;4;130.7;1;0;0;1;0;0;20;0;0;6;9;6;11.666666666666666;0;0;6;8;5;11.6;0;7.6;2.6;0.32;Enrolled;0.31;Prioritas;0.1123;Aman;mahasiswa aktif
MHS3912;2;44;1;8014;0;39;160.0;1;37;19;9;10;155.9;0;0;0;1;0;0;33;0;3;6;7;6;15.714285714285714;0;2;6;7;6;15.5;0;13.9;-0.3;0.79;Graduate;0.121;Aman;0.0479;Aman;validasi silang
MHS3913;1;1;4;9254;1;1;105.0;1;1;19;9;6;106.1;1;0;0;1;0;0;20;0;0;6;8;5;11.0;0;0;6;9;5;11.4;0;13.9;-0.3;0.79;Graduate;0.3372;Prioritas;0.0988;Aman;validasi silang
MHS3914;1;1;2;9670;1;1;130.0;1;26;30;0;5;128.6;1;0;1;1;0;0;19;0;0;5;8;4;12.25;0;0;5;7;4;12.75;2;7.6;2.6;0.32;Graduate;0.7048;Kritis;0.6493;Prioritas;validasi silang
MHS3915;2;43;1;9991;0;3;140.0;1;37;19;9;4;140.0;0;0;1;1;0;0;34;0;4;10;25;5;12.2;0;3;9;18;8;12.22222222222222;0;16.2;0.3;-0.92;Dropout;0.7084;Kritis;0.6661;Kritis;validasi silang
MHS3916;1;1;1;9147;1;1;138.0;1;37;37;9;6;145.0;1;0;0;1;0;0;18;0;0;5;6;5;13.0;0;0;5;5;5;14.0;0;7.6;2.6;0.32;Graduate;0.1602;Aman;0.0356;Aman;validasi silang
MHS3917;1;17;1;8014;0;1;120.0;1;38;37;6;6;113.0;0;0;0;1;0;1;24;0;0;6;11;4;12.0;0;0;6;7;6;13.0;0;10.8;1.4;1.74;Graduate;0.0288;Aman;0.0516;Aman;data uji
MHS3918;1;1;1;9853;1;1;135.0;1;19;12;9;7;137.1;1;0;0;1;0;0;18;0;0;6;6;6;13.333333333333334;0;0;6;7;6;12.333333333333334;0;7.6;2.6;0.32;Graduate;0.3299;Prioritas;0.0377;Aman;validasi silang
MHS3919;1;1;1;9670;1;1;119.0;1;37;37;10;6;119.7;1;0;0;1;0;0;20;0;0;5;6;3;13.0;0;0;5;7;3;13.0;1;7.6;2.6;0.32;Enrolled;0.1108;Aman;0.7729;Kritis;mahasiswa aktif
MHS3920;1;17;1;9500;1;1;121.0;1;1;1;4;3;120.5;1;0;0;1;0;0;21;0;0;8;8;7;12.91;0;0;8;8;7;12.91;0;10.8;1.4;1.74;Graduate;0.1838;Aman;0.0311;Aman;data uji
MHS3921;1;1;5;9238;1;1;126.0;1;38;1;9;5;125.7;1;0;0;1;0;1;19;0;0;6;8;6;11.0;0;0;6;13;3;11.0;0;9.4;-0.8;-3.12;Graduate;0.048;Aman;0.3204;Aman;validasi silang
MHS3922;1;17;4;9500;1;1;132.0;1;38;19;5;7;125.5;0;0;0;1;0;1;19;0;0;7;8;6;13.579999999999998;0;0;8;8;8;12.93625;0;15.5;2.8;-4.06;Graduate;0.0768;Aman;0.0478;Aman;validasi silang
MHS3923;1;1;1;9238;1;1;128.0;1;19;19;5;5;124.5;1;0;0;1;0;1;18;0;0;6;10;4;12.4;0;0;6;8;6;12.5;0;12.4;0.5;1.79;Graduate;0.0412;Aman;0.0461;Aman;validasi silang
MHS3924;4;39;1;8014;0;1;160.0;1;37;37;5;5;126.0;0;0;0;1;0;1;38;0;4;9;13;8;12.88888888888889;0;2;7;9;7;13.0;0;13.9;-0.3;0.79;Graduate;0.1745;Aman;0.0387;Aman;validasi silang
MHS3925;1;1;1;171;1;1;125.0;1;19;19;5;4;136.2;1;0;1;1;1;0;21;0;6;12;12;11;11.545454545454543;0;4;11;18;9;11.7;1;8.9;1.4;3.51;Enrolled;0.6867;Kritis;0.3706;Aman;mahasiswa aktif
MHS3926;1;43;1;9147;1;1;127.0;25;1;5;9;10;124.2;1;0;0;1;1;0;23;1;0;5;6;1;10.0;0;0;5;5;0;0.0;0;15.5;2.8;-4.06;Enrolled;0.5012;Prioritas;0.9792;Kritis;mahasiswa aktif
MHS3927;1;17;5;9500;1;1;147.0;1;19;1;4;3;138.5;1;0;0;1;0;0;19;0;0;8;8;8;14.34125;0;0;8;8;8;14.34125;0;9.4;-0.8;-3.12;Graduate;0.2009;Aman;0.0515;Aman;validasi silang
MHS3928;1;1;2;9773;1;1;130.0;1;38;37;5;3;122.3;1;0;1;0;0;0;18;0;0;6;8;6;14.142857142857142;0;0;6;6;5;12.0;0;13.9;-0.3;0.79;Dropout;0.9094;Kritis;0.7931;Kritis;validasi silang
MHS3929;1;1;6;171;1;1;134.0;1;19;37;5;5;126.0;1;0;0;1;0;1;18;0;0;0;0;0;0.0;0;0;0;0;0;0.0;0;9.4;-0.8;-3.12;Graduate;0.1412;Aman;0.4091;Prioritas;data uji
MHS3930;1;39;1;9003;1;1;140.0;1;19;19;9;6;135.4;1;0;0;1;0;0;24;0;0;6;10;5;11.8;0;0;6;13;4;11.25;0;12.4;0.5;1.79;Enrolled;0.2132;Aman;0.4534;Prioritas;mahasiswa aktif
MHS3931;1;1;1;9773;1;1;151.0;2;1;1;5;9;146.5;0;0;0;1;0;1;18;1;0;6;6;6;13.333333333333334;0;0;6;6;6;14.166666666666666;0;12.7;3.7;-1.7;Graduate;0.0458;Aman;0.0777;Aman;validasi silang
MHS3932;1;1;1;9130;1;1;132.0;1;3;1;4;9;121.9;1;0;0;1;0;0;18;0;0;6;8;6;14.5;0;0;6;9;6;12.857142857142858;0;13.9;-0.3;0.79;Graduate;0.462;Prioritas;0.05;Aman;validasi silang
MHS3933;1;7;1;9991;0;40;130.0;1;19;19;7;3;130.0;0;0;0;1;0;0;26;0;5;10;13;8;12.666666666666666;0;5;10;12;10;13.4;0;11.1;0.6;2.02;Graduate;0.4707;Prioritas;0.1428;Aman;data uji
MHS3934;1;1;1;9147;1;1;126.0;1;19;19;9;9;115.2;0;0;1;1;0;0;19;0;0;5;13;1;10.0;0;0;5;8;2;10.0;0;12.4;0.5;1.79;Enrolled;0.5618;Prioritas;0.9762;Kritis;mahasiswa aktif
MHS3935;1;18;3;9670;1;1;119.0;1;38;38;9;9;115.2;1;0;0;1;0;1;19;0;0;6;10;0;0.0;0;0;6;6;0;0.0;0;12.7;3.7;-1.7;Dropout;0.0809;Aman;0.9776;Kritis;data uji
MHS3936;1;1;1;9254;1;1;123.0;1;38;37;5;5;125.1;0;0;0;1;0;0;19;0;0;6;12;4;11.0;0;0;6;6;4;12.5;0;16.2;0.3;-0.92;Enrolled;0.3637;Prioritas;0.3888;Aman;mahasiswa aktif
MHS3937;1;1;1;9130;1;1;106.0;1;37;37;9;9;108.0;1;0;1;1;0;0;20;0;0;5;10;2;12.0;2;0;5;9;4;11.0;0;9.4;-0.8;-3.12;Dropout;0.6301;Prioritas;0.8223;Kritis;validasi silang
MHS3938;1;1;3;9254;1;1;121.0;1;19;19;9;9;125.9;1;0;0;1;0;0;22;0;0;6;10;4;10.0;0;0;6;12;2;13.5;0;9.4;-0.8;-3.12;Enrolled;0.2887;Prioritas;0.9549;Kritis;mahasiswa aktif
MHS3939;1;1;2;9500;1;1;138.0;1;19;1;5;5;128.0;1;0;0;1;0;0;19;0;0;7;7;7;14.20857142857143;0;0;8;9;8;15.127777777777778;0;11.1;0.6;2.02;Graduate;0.1583;Aman;0.0574;Aman;validasi silang
MHS3940;1;1;5;9500;1;1;118.0;1;3;1;5;10;113.5;1;0;0;1;0;0;20;0;0;7;7;7;14.30714285714286;0;0;8;8;8;15.0125;0;12.4;0.5;1.79;Graduate;0.183;Aman;0.0346;Aman;validasi silang
MHS3941;2;39;1;9147;1;1;120.0;1;37;37;5;5;124.6;0;0;0;1;0;0;36;0;0;5;8;3;11.0;0;0;5;12;4;13.375;0;10.8;1.4;1.74;Enrolled;0.5358;Prioritas;0.7004;Kritis;mahasiswa aktif
MHS3942;1;39;1;9853;1;19;133.1;1;19;4;9;4;116.0;1;0;0;1;0;0;29;0;0;7;14;0;0.0;0;0;6;6;0;0.0;0;11.1;0.6;2.02;Dropout;0.8644;Kritis;0.9801;Kritis;data uji
MHS3943;1;17;3;9238;1;1;141.0;1;3;3;2;2;124.9;1;0;0;1;0;0;19;0;0;6;10;6;12.0;0;0;6;12;4;11.0;0;12.7;3.7;-1.7;Graduate;0.179;Aman;0.1972;Aman;validasi silang
MHS3944;5;39;1;9147;1;1;180.0;1;1;1;4;8;140.5;0;0;1;0;0;0;24;0;0;5;0;0;0.0;0;0;5;0;0;0.0;0;13.9;-0.3;0.79;Dropout;0.9698;Kritis;0.9787;Kritis;validasi silang
MHS3945;5;39;1;9003;1;1;180.0;1;1;1;4;8;179.6;0;0;1;0;0;0;27;0;0;6;6;0;0.0;0;0;6;7;0;0.0;0;8.9;1.4;3.51;Dropout;0.8461;Kritis;0.9788;Kritis;validasi silang
MHS3946;1;17;1;9773;1;1;115.0;1;37;37;9;8;116.1;1;0;0;1;0;1;18;0;0;6;7;6;13.857142857142858;0;0;6;7;6;14.285714285714286;0;13.9;-0.3;0.79;Graduate;0.1276;Aman;0.0375;Aman;validasi silang
MHS3947;1;17;2;171;1;1;142.0;1;3;1;2;6;139.4;1;0;0;1;0;1;18;0;0;0;0;0;0.0;0;0;0;0;0;0.0;0;15.5;2.8;-4.06;Graduate;0.108;Aman;0.3097;Aman;validasi silang
MHS3948;1;17;4;9556;1;1;135.0;1;38;37;3;7;129.0;1;0;0;1;0;0;21;0;0;7;0;0;0.0;0;0;7;0;0;0.0;0;12.7;3.7;-1.7;Dropout;0.3255;Prioritas;0.9801;Kritis;data uji
MHS3949;2;39;1;9670;1;1;150.0;1;37;19;9;4;135.6;0;0;0;1;0;1;43;0;0;6;8;5;11.0;0;0;6;9;5;13.0;0;12.4;0.5;1.79;Graduate;0.1715;Aman;0.0802;Aman;validasi silang
MHS3950;1;43;1;9147;1;1;153.0;1;1;19;9;10;147.8;0;0;0;1;0;1;18;0;0;5;9;5;13.2;0;0;5;13;5;14.4;5;16.2;0.3;-0.92;Graduate;0.1077;Aman;0.053;Aman;data uji
MHS3951;1;18;1;9085;1;1;153.0;1;37;37;9;9;138.0;1;0;0;1;0;1;21;0;0;6;7;6;13.5;0;0;6;6;3;15.333333333333334;0;8.9;1.4;3.51;Dropout;0.0696;Aman;0.255;Aman;validasi silang
MHS3952;1;7;1;9147;1;3;150.0;1;6;27;1;7;150.0;0;0;0;1;0;0;26;0;0;5;5;0;0.0;0;0;5;0;0;0.0;0;9.4;-0.8;-3.12;Dropout;0.7249;Kritis;0.9788;Kritis;validasi silang
MHS3953;1;1;6;9500;1;1;144.0;1;1;19;9;4;130.8;1;0;0;1;0;1;19;0;0;8;8;7;14.214285714285714;0;0;8;8;7;14.214285714285714;0;12.7;3.7;-1.7;Graduate;0.0361;Aman;0.0279;Aman;validasi silang
MHS3954;1;1;1;9085;1;1;130.0;1;37;11;90;90;122.6;0;0;0;1;0;0;18;0;0;5;5;5;13.0;0;0;5;5;5;12.4;0;7.6;2.6;0.32;Graduate;0.3154;Prioritas;0.0334;Aman;validasi silang
MHS3955;1;1;1;9773;1;1;125.0;1;3;2;2;1;119.1;1;0;0;1;0;0;22;0;0;6;13;2;12.0;0;0;6;14;1;10.0;0;9.4;-0.8;-3.12;Dropout;0.3175;Prioritas;0.9784;Kritis;validasi silang
MHS3956;1;39;1;9500;1;19;133.1;1;1;19;4;10;111.8;1;0;0;1;0;0;27;0;0;7;0;0;0.0;0;0;8;0;0;0.0;0;11.1;0.6;2.02;Dropout;0.3453;Prioritas;0.9795;Kritis;validasi silang
MHS3957;1;1;3;9147;1;1;133.0;1;38;19;9;10;125.0;1;0;0;1;0;0;18;0;0;5;6;5;12.8;1;0;5;6;5;12.6;0;9.4;-0.8;-3.12;Graduate;0.2573;Prioritas;0.0379;Aman;validasi silang
MHS3958;1;17;1;9085;1;1;140.0;1;37;38;7;9;129.9;0;0;0;1;0;0;19;0;0;5;11;4;13.6;2;0;5;9;4;12.2;0;9.4;-0.8;-3.12;Graduate;0.257;Prioritas;0.1709;Aman;validasi silang
MHS3959;1;17;4;9500;1;1;133.0;1;19;19;3;10;131.1;1;0;0;1;0;0;18;0;0;7;7;7;13.971428571428572;0;0;8;8;8;15.75;0;13.9;-0.3;0.79;Graduate;0.154;Aman;0.068;Aman;validasi silang
MHS3960;1;1;1;9085;1;1;154.0;1;38;37;4;4;141.4;0;0;0;1;0;1;19;0;0;6;8;6;15.0;0;0;6;9;6;14.857142857142858;0;11.1;0.6;2.02;Graduate;0.0607;Aman;0.0386;Aman;validasi silang
MHS3961;1;39;1;9085;1;1;133.1;1;37;37;9;9;120.0;0;0;0;0;0;0;32;0;0;6;0;0;0.0;0;0;6;0;0;0.0;0;11.1;0.6;2.02;Dropout;0.9099;Kritis;0.9788;Kritis;validasi silang
MHS3962;1;42;1;9500;1;1;168.0;1;37;1;9;4;133.4;1;0;0;1;0;0;23;0;20;26;27;26;15.07777777777778;0;14;17;17;17;15.023529411764704;0;15.5;2.8;-4.06;Graduate;0.4011;Prioritas;0.0391;Aman;validasi silang
MHS3963;1;17;3;9500;1;1;132.0;1;37;37;4;3;127.3;1;0;0;1;0;0;20;0;0;7;7;6;13.383333333333333;0;0;7;7;6;13.383333333333333;0;7.6;2.6;0.32;Graduate;0.1618;Aman;0.044;Aman;validasi silang
MHS3964;1;1;1;171;1;1;133.1;1;19;38;5;5;131.8;1;0;1;1;0;0;20;0;6;12;12;12;13.25;0;4;11;16;10;13.090909090909092;0;8.9;1.4;3.51;Graduate;0.4729;Prioritas;0.0762;Aman;data uji
MHS3965;1;17;1;9238;1;1;120.0;1;19;19;4;5;114.8;1;0;1;0;0;0;19;0;0;6;10;5;11.714285714285714;0;0;6;13;2;10.666666666666666;0;16.2;0.3;-0.92;Dropout;0.9289;Kritis;0.976;Kritis;validasi silang
MHS3966;1;1;3;9500;1;1;150.0;1;19;19;5;5;132.8;1;0;0;1;0;1;18;0;0;8;8;8;13.01125;0;0;8;8;8;13.01125;0;9.4;-0.8;-3.12;Graduate;0.0475;Aman;0.0305;Aman;validasi silang
MHS3967;1;44;1;9003;1;39;140.0;1;19;19;9;4;140.0;0;0;0;1;0;0;21;0;0;6;12;3;10.666666666666666;2;0;6;12;4;12.0;0;15.5;2.8;-4.06;Dropout;0.3096;Prioritas;0.9033;Kritis;validasi silang
MHS3968;1;1;1;9500;1;1;103.0;1;1;19;9;9;108.3;0;0;0;1;0;1;20;0;0;7;14;0;0.0;0;0;7;15;0;0.0;0;11.1;0.6;2.02;Enrolled;0.0322;Aman;0.9785;Kritis;mahasiswa aktif
MHS3969;1;44;1;9085;1;39;150.0;1;3;19;2;4;150.0;1;0;0;1;0;0;22;0;1;6;9;6;13.0;0;1;6;18;3;12.666666666666666;0;12.4;0.5;1.79;Graduate;0.3518;Prioritas;0.6933;Kritis;validasi silang
MHS3970;1;44;1;9991;0;39;160.0;1;37;37;9;9;160.0;0;0;0;1;0;0;26;0;0;5;5;5;12.0;0;0;5;7;5;11.4;0;12.7;3.7;-1.7;Graduate;0.3727;Prioritas;0.0403;Aman;validasi silang
MHS3971;1;1;1;9070;1;1;131.0;1;37;37;3;3;131.7;1;0;0;1;0;0;20;0;0;6;6;6;12.166666666666666;0;0;6;7;5;13.8;0;12.7;3.7;-1.7;Graduate;0.1216;Aman;0.0428;Aman;validasi silang
MHS3972;1;1;1;9500;1;1;114.0;1;19;38;5;3;112.6;1;0;0;1;0;0;19;0;0;7;10;6;11.85;0;0;8;10;7;13.65;0;16.2;0.3;-0.92;Graduate;0.1758;Aman;0.0419;Aman;data uji
MHS3973;1;39;1;9991;0;1;120.0;1;37;37;9;9;111.1;0;0;0;1;0;0;31;0;0;5;8;4;11.0;0;0;5;6;5;11.2;0;7.6;2.6;0.32;Graduate;0.478;Prioritas;0.1326;Aman;validasi silang
MHS3974;1;43;3;9500;1;1;140.0;1;1;19;9;7;127.5;1;0;1;1;0;1;20;0;0;7;9;7;12.327777777777778;0;0;8;10;8;11.736;0;15.5;2.8;-4.06;Graduate;0.1551;Aman;0.0784;Aman;validasi silang
MHS3975;1;43;1;9085;1;1;130.0;1;19;38;7;7;120.2;1;0;0;1;0;0;20;0;0;5;9;4;12.0;0;0;5;10;5;13.428571428571429;1;10.8;1.4;1.74;Graduate;0.3861;Prioritas;0.0649;Aman;validasi silang
MHS3976;1;17;4;9500;1;1;121.0;1;37;37;5;5;118.9;1;0;0;1;0;0;21;0;0;7;7;7;14.428571428571429;0;0;8;9;8;14.511111111111113;0;16.2;0.3;-0.92;Graduate;0.2947;Prioritas;0.0449;Aman;validasi silang
MHS3977;1;1;4;9500;1;1;130.0;1;19;19;9;7;119.9;1;0;0;1;0;0;18;0;0;7;7;7;13.78;0;0;8;8;8;12.6125;0;12.4;0.5;1.79;Graduate;0.1358;Aman;0.0338;Aman;data uji
MHS3978;1;17;2;9500;1;1;141.0;1;37;1;9;4;127.3;1;0;0;1;0;1;19;0;0;7;7;6;13.8;0;0;7;7;6;13.8;0;7.6;2.6;0.32;Graduate;0.0614;Aman;0.0476;Aman;data uji
MHS3979;1;1;1;9853;1;1;131.0;1;19;19;3;7;127.9;1;0;0;1;0;1;18;0;0;7;7;7;14.857142857142858;0;0;7;7;7;15.142857142857142;0;13.9;-0.3;0.79;Graduate;0.1875;Aman;0.0368;Aman;validasi silang
MHS3980;4;39;1;9773;1;38;133.1;1;19;19;7;9;133.0;0;0;0;1;0;0;40;0;0;6;8;5;13.0;0;0;6;7;5;12.6;0;16.2;0.3;-0.92;Enrolled;0.5683;Prioritas;0.2138;Aman;mahasiswa aktif
MHS3981;1;17;6;9238;1;1;117.0;1;1;38;4;7;114.6;0;0;0;1;0;1;18;0;0;6;7;6;12.142857142857142;0;0;6;6;6;13.333333333333334;0;13.9;-0.3;0.79;Graduate;0.069;Aman;0.0359;Aman;validasi silang
MHS3982;1;1;2;9085;1;1;151.0;1;40;4;2;2;144.5;1;0;0;1;0;0;18;0;0;6;7;6;15.666666666666666;0;0;6;6;6;14.833333333333334;0;8.9;1.4;3.51;Graduate;0.2924;Prioritas;0.0721;Aman;validasi silang
MHS3983;1;17;1;9500;1;1;131.0;1;1;19;4;3;125.4;1;0;0;1;0;0;19;0;0;7;13;5;12.5;0;0;8;14;7;12.166666666666666;0;15.5;2.8;-4.06;Graduate;0.1936;Aman;0.2573;Aman;validasi silang
MHS3984;1;17;1;9238;1;1;145.0;1;38;38;9;7;145.0;0;0;0;1;0;1;19;0;0;6;7;6;12.833333333333334;0;0;6;6;6;13.166666666666666;0;12.4;0.5;1.79;Graduate;0.0331;Aman;0.0286;Aman;data uji
MHS3985;1;39;1;9003;1;1;135.0;1;38;38;9;6;138.1;0;0;1;0;0;0;28;0;0;6;6;0;0.0;0;0;6;7;0;0.0;0;8.9;1.4;3.51;Dropout;0.8394;Kritis;0.9795;Kritis;validasi silang
MHS3986;1;17;1;9070;1;1;119.0;1;37;38;9;8;124.6;1;0;0;1;0;0;20;0;0;6;6;6;12.5;0;0;6;6;6;12.666666666666666;0;7.6;2.6;0.32;Graduate;0.2054;Aman;0.0295;Aman;validasi silang
MHS3987;1;1;2;9773;1;1;122.0;1;37;37;9;9;130.8;1;0;0;1;0;0;18;0;0;6;14;4;11.25;0;0;6;9;5;13.0;0;9.4;-0.8;-3.12;Graduate;0.1484;Aman;0.1448;Aman;validasi silang
MHS3988;1;1;2;9500;1;1;155.0;1;1;1;4;3;140.5;1;0;0;1;0;0;18;0;0;7;7;6;15.25;0;0;7;7;6;15.25;0;7.6;2.6;0.32;Graduate;0.0987;Aman;0.0337;Aman;validasi silang
MHS3989;1;1;1;9085;1;1;123.0;1;19;37;9;9;124.1;1;0;0;1;0;1;20;0;0;5;13;5;14.0;2;0;5;10;3;12.0;1;9.4;-0.8;-3.12;Graduate;0.058;Aman;0.2505;Aman;data uji
MHS3990;1;43;1;9238;1;1;130.0;1;38;19;9;4;118.4;0;0;1;1;0;0;28;0;15;16;16;13;12.076923076923077;0;13;13;13;11;12.090909090909092;0;16.2;0.3;-0.92;Graduate;0.5314;Prioritas;0.3752;Aman;validasi silang
MHS3991;1;15;1;9853;1;1;133.1;41;43;1;153;135;128.2;0;0;0;1;0;0;23;1;11;16;17;16;14.625;0;6;10;12;9;14.88888888888889;0;8.9;1.4;3.51;Graduate;0.1363;Aman;0.0916;Aman;data uji
MHS3992;1;1;1;9853;1;1;114.0;1;19;37;5;5;109.5;1;0;0;1;0;0;19;0;0;7;10;4;10.5;0;0;7;7;2;10.5;0;16.2;0.3;-0.92;Dropout;0.7017;Kritis;0.9602;Kritis;validasi silang
MHS3993;1;17;1;9238;1;1;137.0;1;38;19;152;171;131.1;1;0;0;1;0;1;18;0;0;6;8;6;12.833333333333334;0;0;6;6;6;12.166666666666666;0;8.9;1.4;3.51;Graduate;0.0308;Aman;0.0303;Aman;validasi silang
MHS3994;1;1;3;9773;1;1;161.0;22;37;37;9;9;137.9;0;0;1;0;0;1;20;1;0;6;6;6;12.5;0;0;6;7;5;11.8;0;10.8;1.4;1.74;Graduate;0.5883;Prioritas;0.624;Prioritas;data uji
MHS3995;1;1;1;171;1;1;133.1;1;3;1;2;4;128.2;1;0;0;1;0;0;20;0;5;12;13;12;11.23076923076923;0;3;11;18;9;12.77777777777778;0;11.1;0.6;2.02;Graduate;0.3895;Prioritas;0.2177;Aman;validasi silang
MHS3996;2;39;1;9991;0;1;133.1;1;37;37;9;9;126.5;0;0;0;1;0;0;27;0;0;5;5;2;10.5;0;0;5;5;0;0.0;0;7.6;2.6;0.32;Dropout;0.3701;Prioritas;0.98;Kritis;data uji
MHS3997;1;1;1;9853;1;1;128.0;1;1;1;9;9;120.0;1;0;0;1;0;0;18;0;0;6;11;3;12.0;0;0;6;13;2;12.0;0;12.7;3.7;-1.7;Dropout;0.5365;Prioritas;0.9736;Kritis;validasi silang
MHS3998;4;39;2;9556;1;19;133.1;1;19;19;4;6;123.0;0;0;0;1;0;1;37;0;0;7;10;7;10.985714285714286;0;0;8;11;8;12.3;0;10.8;1.4;1.74;Graduate;0.2391;Prioritas;0.0497;Aman;validasi silang
MHS3999;4;7;1;9500;1;40;130.0;1;19;19;4;6;130.0;0;0;0;0;0;0;42;0;2;7;10;5;12.62;0;3;7;11;3;14.166666666666666;0;12.4;0.5;1.79;Dropout;0.6881;Kritis;0.9713;Kritis;validasi silang
MHS4000;1;17;6;9500;1;1;147.0;1;1;38;4;8;141.1;1;0;0;1;0;0;20;0;0;7;9;6;13.0;0;0;8;8;8;14.2125;0;13.9;-0.3;0.79;Dropout;0.1759;Aman;0.083;Aman;data uji
MHS4001;2;39;1;9119;1;1;140.0;1;34;34;9;9;140.0;0;0;0;0;1;0;34;0;0;5;5;0;0.0;0;0;5;5;0;0.0;0;15.5;2.8;-4.06;Dropout;0.995;Kritis;0.9801;Kritis;data uji
MHS4002;1;42;1;9119;1;1;140.0;1;3;3;3;2;133.6;1;0;0;1;1;0;22;0;0;5;0;0;0.0;0;0;5;0;0;0.0;0;10.8;1.4;1.74;Dropout;0.6191;Prioritas;0.9798;Kritis;validasi silang
MHS4003;2;39;2;9254;1;19;133.1;1;19;19;9;5;123.5;0;0;0;1;1;0;39;0;0;6;6;6;13.5;0;0;6;6;6;13.333333333333334;0;12.4;0.5;1.79;Graduate;0.7117;Kritis;0.0337;Aman;data uji
MHS4004;1;1;1;9500;1;1;141.0;1;37;37;9;9;136.3;1;0;0;1;1;1;18;0;0;7;7;6;13.516666666666666;0;0;7;7;6;13.516666666666666;0;7.6;2.6;0.32;Graduate;0.0398;Aman;0.0312;Aman;validasi silang
MHS4005;1;1;2;9070;1;1;128.0;1;37;37;9;9;123.5;1;0;0;1;1;1;21;0;0;6;6;6;13.166666666666666;0;0;6;8;6;13.285714285714286;0;8.9;1.4;3.51;Graduate;0.0776;Aman;0.0374;Aman;validasi silang
MHS4006;2;39;1;9085;1;1;150.0;1;37;37;90;10;112.0;0;0;0;1;1;0;34;0;0;6;0;0;0.0;0;0;6;0;0;0.0;0;10.8;1.4;1.74;Dropout;0.5777;Prioritas;0.9794;Kritis;validasi silang
MHS4007;1;44;1;9003;1;39;160.0;1;37;37;9;9;160.0;0;0;0;1;1;1;22;0;0;6;8;6;13.125;0;0;6;10;6;13.0;0;16.2;0.3;-0.92;Graduate;0.1385;Aman;0.0296;Aman;validasi silang
MHS4008;1;39;1;9003;1;1;133.1;1;1;37;4;7;110.0;0;0;0;1;1;0;31;0;0;6;15;3;14.4;0;0;6;20;0;0.0;0;16.2;0.3;-0.92;Dropout;0.6672;Kritis;0.9788;Kritis;validasi silang
MHS4009;1;18;3;9853;1;1;128.0;1;38;37;5;9;116.8;1;0;0;0;1;0;19;0;0;6;10;4;12.0;0;0;6;12;0;0.0;0;10.8;1.4;1.74;Dropout;0.9733;Kritis;0.9793;Kritis;validasi silang
MHS4010;1;17;5;9254;1;1;114.0;1;38;1;5;9;109.5;0;0;0;1;1;0;19;0;0;5;5;0;0.0;0;0;5;10;0;0.0;0;10.8;1.4;1.74;Dropout;0.6624;Kritis;0.9799;Kritis;data uji
MHS4011;1;39;1;9556;1;19;133.1;1;37;37;9;10;100.0;0;0;0;1;1;0;31;0;0;7;7;0;0.0;0;0;7;7;0;0.0;0;15.5;2.8;-4.06;Dropout;0.8396;Kritis;0.9799;Kritis;validasi silang
MHS4012;1;5;1;9147;1;1;126.0;1;19;38;5;6;117.3;1;0;0;1;0;0;19;0;0;5;15;3;10.8;0;0;5;6;3;10.5;0;13.9;-0.3;0.79;Enrolled;0.3699;Prioritas;0.9216;Kritis;mahasiswa aktif
MHS4013;2;39;2;9670;1;1;133.1;41;37;19;9;9;130.0;0;0;0;1;0;0;30;1;0;6;0;0;0.0;0;0;6;0;0;0.0;0;9.4;-0.8;-3.12;Dropout;0.2142;Aman;0.98;Kritis;data uji
MHS4014;1;51;1;9500;1;1;129.0;1;37;38;3;3;137.8;1;0;0;1;0;1;20;0;2;7;7;7;16.13142857142857;0;0;8;9;8;15.52222222222222;0;11.1;0.6;2.02;Graduate;0.0239;Aman;0.0311;Aman;validasi silang
MHS4015;1;17;1;9500;1;1;140.0;1;19;38;7;7;136.5;1;0;0;1;0;1;18;0;0;7;7;7;14.838571428571427;0;0;8;9;8;14.8;0;12.4;0.5;1.79;Graduate;0.0455;Aman;0.0279;Aman;validasi silang
MHS4016;4;39;1;9991;0;1;133.1;1;37;37;5;5;138.7;0;0;0;1;0;0;31;0;0;5;7;3;10.333333333333334;0;0;5;6;3;12.0;0;10.8;1.4;1.74;Dropout;0.4354;Prioritas;0.9182;Kritis;validasi silang
MHS4017;1;17;1;9254;1;1;134.0;1;19;1;9;4;124.9;1;0;0;1;0;0;19;0;0;6;11;3;12.0;0;0;6;11;4;11.25;0;7.6;2.6;0.32;Dropout;0.3711;Prioritas;0.9402;Kritis;validasi silang
MHS4018;4;39;1;8014;0;1;133.1;1;37;37;9;7;140.0;0;0;0;1;0;1;43;0;0;6;6;0;0.0;0;0;5;5;0;0.0;0;8.9;1.4;3.51;Dropout;0.0521;Aman;0.9768;Kritis;validasi silang
MHS4019;1;17;2;9254;1;1;132.0;1;38;38;9;8;122.6;1;0;0;1;0;1;20;0;0;6;6;6;13.166666666666666;0;0;6;6;6;14.0;0;13.9;-0.3;0.79;Graduate;0.1213;Aman;0.0347;Aman;validasi silang
MHS4020;1;1;2;9500;1;1;131.0;1;1;1;5;9;129.5;1;0;0;1;0;1;19;0;0;8;8;8;13.9475;0;0;8;8;8;13.9475;0;9.4;-0.8;-3.12;Graduate;0.0392;Aman;0.028;Aman;validasi silang
MHS4021;1;1;1;9670;1;1;133.1;1;3;1;1;7;155.0;0;0;0;1;0;0;22;0;0;5;6;3;11.333333333333334;0;0;5;5;0;0.0;0;9.4;-0.8;-3.12;Dropout;0.1073;Aman;0.9774;Kritis;validasi silang
MHS4022;1;1;1;8014;0;1;133.1;1;3;1;1;7;100.0;0;0;0;1;0;0;26;0;2;8;11;7;12.75;0;2;7;7;7;12.285714285714286;0;16.2;0.3;-0.92;Graduate;0.2516;Prioritas;0.0568;Aman;validasi silang
MHS4023;1;18;1;9147;1;1;160.0;1;19;19;5;8;137.6;1;0;0;1;0;1;19;0;0;5;6;5;12.6;0;0;5;8;5;11.25;0;10.8;1.4;1.74;Graduate;0.164;Aman;0.0345;Aman;data uji
MHS4024;1;7;1;9500;1;3;120.0;1;19;3;4;2;120.0;1;0;0;1;0;0;29;0;0;8;8;6;12.25;1;0;8;8;6;12.25;1;12.7;3.7;-1.7;Dropout;0.357;Prioritas;0.5048;Prioritas;data uji
MHS4025;1;15;1;9556;1;1;114.0;26;3;19;122;144;114.0;0;0;0;1;0;0;20;1;0;7;14;0;0.0;6;0;7;12;2;11.666666666666666;0;8.9;1.4;3.51;Enrolled;0.0465;Aman;0.9688;Kritis;mahasiswa aktif
MHS4026;4;1;1;9991;0;1;140.0;1;37;37;9;7;139.0;0;0;0;1;0;1;38;0;0;5;8;5;11.0;0;0;5;7;5;11.4;0;9.4;-0.8;-3.12;Enrolled;0.0941;Aman;0.0401;Aman;mahasiswa aktif
MHS4027;1;39;1;9003;1;1;100.0;1;37;37;9;5;110.0;0;0;0;1;0;0;41;0;8;12;17;12;11.833333333333334;0;3;12;22;9;12.7;0;15.5;2.8;-4.06;Graduate;0.4811;Prioritas;0.1325;Aman;validasi silang
MHS4028;1;1;6;9500;1;1;139.0;1;19;38;4;9;128.5;1;0;0;1;0;0;19;0;0;8;10;6;13.066666666666668;0;0;8;10;6;13.066666666666668;0;12.7;3.7;-1.7;Dropout;0.1055;Aman;0.3154;Aman;validasi silang
MHS4029;1;1;1;9070;1;1;136.0;1;1;38;4;5;132.2;0;0;1;1;0;0;19;0;0;6;6;6;13.833333333333334;0;0;6;8;6;13.875;0;10.8;1.4;1.74;Graduate;0.2722;Prioritas;0.0385;Aman;data uji
MHS4030;4;7;1;9500;1;3;130.0;1;3;19;2;3;130.0;0;0;0;1;0;0;43;0;0;7;7;3;13.833333333333334;1;0;7;7;0;0.0;0;16.2;0.3;-0.92;Dropout;0.413;Prioritas;0.9796;Kritis;data uji
MHS4031;1;17;1;9130;1;1;145.0;1;38;37;9;7;129.3;1;0;0;1;0;0;19;0;0;5;5;5;11.8;0;0;5;5;5;13.2;0;10.8;1.4;1.74;Graduate;0.3953;Prioritas;0.0368;Aman;validasi silang
MHS4032;1;1;1;171;1;1;133.1;1;19;38;9;8;128.2;1;0;0;1;1;1;19;0;6;12;12;12;13.333333333333334;0;4;11;15;10;12.818181818181818;0;8.9;1.4;3.51;Enrolled;0.1255;Aman;0.045;Aman;mahasiswa aktif
MHS4033;1;1;6;9500;1;1;146.0;1;2;19;3;9;130.3;1;0;0;1;1;0;18;0;0;8;8;8;13.74625;0;0;8;8;8;13.74625;0;9.4;-0.8;-3.12;Graduate;0.1496;Aman;0.0368;Aman;data uji
MHS4034;1;1;1;171;1;1;159.0;1;3;3;2;2;162.5;1;0;0;1;1;0;19;0;0;0;0;0;0.0;0;0;0;0;0;0.0;0;16.2;0.3;-0.92;Dropout;0.3569;Prioritas;0.3537;Aman;validasi silang
MHS4035;2;39;1;8014;0;19;133.1;1;34;34;0;0;130.0;0;0;0;1;1;0;38;0;0;6;0;0;0.0;0;0;6;0;0;0.0;0;9.4;-0.8;-3.12;Dropout;0.7474;Kritis;0.979;Kritis;validasi silang
MHS4036;2;7;1;9130;1;2;110.0;1;19;19;4;8;110.0;1;0;0;1;1;0;37;0;0;6;9;0;0.0;0;0;6;6;0;0.0;0;16.2;0.3;-0.92;Dropout;0.8191;Kritis;0.9796;Kritis;validasi silang
MHS4037;1;39;1;9670;1;1;120.0;1;1;19;4;10;142.3;1;0;0;1;0;1;26;0;0;6;6;6;13.333333333333334;0;0;6;10;5;14.5;0;10.8;1.4;1.74;Graduate;0.0846;Aman;0.0725;Aman;validasi silang
MHS4038;1;17;1;9238;1;1;130.0;1;37;37;9;9;122.0;1;0;0;1;0;1;21;0;0;6;8;1;10.0;0;0;6;13;5;11.4;0;12.7;3.7;-1.7;Enrolled;0.0606;Aman;0.641;Prioritas;mahasiswa aktif
MHS4039;1;1;3;9085;1;1;158.0;1;1;19;9;9;153.6;1;0;0;1;0;1;18;0;0;6;7;6;15.666666666666666;0;0;6;8;6;15.285714285714286;0;8.9;1.4;3.51;Graduate;0.0497;Aman;0.0524;Aman;validasi silang
MHS4040;1;1;1;9853;1;1;122.0;1;3;19;2;3;112.9;0;0;0;1;0;0;18;0;0;7;9;7;11.857142857142858;0;0;7;7;7;11.857142857142858;0;16.2;0.3;-0.92;Graduate;0.6502;Kritis;0.0474;Aman;validasi silang
MHS4041;1;1;1;9085;1;1;140.0;1;3;1;2;4;124.1;0;0;0;1;0;0;18;0;0;5;12;5;14.5;2;0;5;5;5;13.6;0;9.4;-0.8;-3.12;Graduate;0.2768;Prioritas;0.1546;Aman;validasi silang
MHS4042;1;17;1;9238;1;1;136.0;1;38;1;9;4;129.7;0;0;0;1;0;0;19;0;0;6;6;6;12.166666666666666;0;0;6;7;6;13.714285714285714;0;15.5;2.8;-4.06;Graduate;0.2481;Prioritas;0.0382;Aman;data uji
MHS4043;1;1;1;9773;1;1;111.0;1;19;19;9;9;110.0;1;0;0;1;0;0;18;0;0;6;6;5;12.6;0;0;6;8;6;12.0;0;11.1;0.6;2.02;Graduate;0.2045;Aman;0.0564;Aman;validasi silang
MHS4044;1;17;2;9500;1;1;145.0;1;2;38;3;8;136.3;1;0;0;1;0;0;18;0;0;8;12;7;12.285714285714286;0;0;8;12;7;12.285714285714286;0;12.7;3.7;-1.7;Enrolled;0.0959;Aman;0.0406;Aman;mahasiswa aktif
MHS4045;1;17;1;9238;1;1;133.1;1;38;38;191;193;146.0;0;0;1;1;0;1;19;0;0;6;6;6;12.666666666666666;0;0;6;7;6;13.0;0;8.9;1.4;3.51;Graduate;0.0269;Aman;0.0381;Aman;data uji
MHS4046;1;1;1;9500;1;1;140.0;1;19;38;7;8;129.9;0;0;0;1;0;0;19;0;0;7;0;0;0.0;0;0;8;0;0;0.0;0;16.2;0.3;-0.92;Dropout;0.1591;Aman;0.9799;Kritis;data uji
MHS4047;1;1;1;9254;1;1;140.0;1;19;1;9;8;140.9;1;0;0;1;0;1;18;0;0;6;7;6;12.857142857142858;0;0;6;10;4;13.0;0;12.7;3.7;-1.7;Graduate;0.094;Aman;0.0534;Aman;validasi silang
MHS4048;2;1;1;9500;1;1;156.0;1;1;1;9;10;135.5;0;0;0;1;0;0;18;0;0;8;8;7;13.9;0;0;8;8;7;13.9;0;12.7;3.7;-1.7;Graduate;0.0576;Aman;0.0294;Aman;validasi silang
MHS4049;1;1;1;9500;1;1;132.0;1;38;37;9;7;122.0;1;0;0;1;0;1;20;0;0;8;8;7;13.817142857142857;0;0;8;8;7;13.817142857142857;0;10.8;1.4;1.74;Graduate;0.0306;Aman;0.0274;Aman;validasi silang
MHS4050;1;53;1;9556;1;42;140.0;1;1;19;4;5;140.0;0;0;0;1;0;1;22;0;1;7;10;6;13.314285714285717;0;2;8;10;7;12.875;0;8.9;1.4;3.51;Graduate;0.0522;Aman;0.0409;Aman;validasi silang
MHS4051;1;1;1;9130;1;1;164.0;1;34;1;0;0;163.0;0;0;0;1;0;0;18;0;0;6;0;0;0.0;0;0;6;0;0;0.0;0;7.6;2.6;0.32;Dropout;0.44;Prioritas;0.9794;Kritis;validasi silang
MHS4052;1;17;4;9254;1;1;113.0;1;38;19;7;7;107.4;1;0;0;1;0;1;19;0;0;6;6;6;12.166666666666666;0;0;6;6;6;12.166666666666666;0;12.4;0.5;1.79;Graduate;0.2208;Prioritas;0.0344;Aman;validasi silang
MHS4053;1;1;1;9254;1;1;122.0;1;37;37;9;9;114.3;1;0;0;0;0;1;20;0;0;6;12;4;11.25;0;0;6;12;3;11.333333333333334;0;7.6;2.6;0.32;Dropout;0.6304;Prioritas;0.9353;Kritis;validasi silang
MHS4054;1;43;1;9070;1;1;150.0;1;2;3;3;2;140.8;0;0;0;1;0;0;19;0;1;6;6;5;12.4;0;0;6;8;6;12.75;0;10.8;1.4;1.74;Enrolled;0.1057;Aman;0.0452;Aman;mahasiswa aktif
MHS4055;1;1;2;9773;1;1;135.0;1;37;37;5;5;126.3;1;1;0;1;0;1;20;0;0;6;6;6;14.666666666666666;0;0;6;7;6;14.571428571428571;0;8.9;1.4;3.51;Graduate;0.0803;Aman;0.0492;Aman;data uji
MHS4056;1;39;1;9085;1;1;133.1;1;3;19;2;9;110.0;0;0;0;1;0;0;28;0;0;6;15;4;12.0;0;0;6;14;4;12.0;0;11.1;0.6;2.02;Dropout;0.4341;Prioritas;0.737;Kritis;validasi silang
MHS4057;1;1;2;9085;1;1;122.0;1;1;1;193;101;126.2;0;0;0;1;0;0;19;0;0;6;8;6;14.0;0;0;6;18;3;12.666666666666666;0;12.4;0.5;1.79;Graduate;0.1309;Aman;0.2213;Aman;validasi silang
MHS4058;1;42;1;9003;1;39;140.0;1;19;1;5;5;140.0;0;0;0;1;0;0;22;0;0;6;10;6;12.571428571428571;0;0;6;12;4;13.666666666666666;0;15.5;2.8;-4.06;Enrolled;0.3723;Prioritas;0.1191;Aman;mahasiswa aktif
MHS4059;1;1;1;9085;1;1;138.0;1;1;3;9;1;123.0;1;0;0;1;0;0;19;0;1;6;14;6;15.538461538461538;0;0;6;9;6;12.625;0;15.5;2.8;-4.06;Graduate;0.2188;Aman;0.0413;Aman;validasi silang
MHS4060;1;1;3;9773;1;1;130.0;1;19;19;5;5;157.0;1;0;0;0;0;0;18;0;0;6;0;0;0.0;0;0;6;0;0;0.0;0;13.9;-0.3;0.79;Dropout;0.7735;Kritis;0.9782;Kritis;validasi silang
MHS4061;1;5;1;9130;1;1;157.0;1;5;43;2;2;149.7;1;0;0;1;0;0;18;0;0;6;6;6;15.0;0;0;6;6;6;14.833333333333334;0;8.9;1.4;3.51;Graduate;0.6027;Prioritas;0.0523;Aman;validasi silang
MHS4062;1;43;1;9130;1;1;140.0;1;2;1;2;3;140.0;1;0;0;1;0;0;22;0;0;5;11;4;12.25;0;0;5;9;5;13.285714285714286;0;12.7;3.7;-1.7;Graduate;0.4898;Prioritas;0.0789;Aman;validasi silang
MHS4063;1;53;1;9085;1;42;170.0;1;1;19;4;7;170.0;0;0;0;1;0;0;20;0;7;11;13;11;15.692307692307692;0;4;9;9;9;15.555555555555555;0;8.9;1.4;3.51;Graduate;0.0985;Aman;0.0457;Aman;validasi silang
MHS4064;1;39;1;9991;0;1;150.0;1;1;37;9;7;130.2;0;0;0;1;0;1;24;0;0;5;7;5;12.285714285714286;0;0;5;9;5;12.75;1;16.2;0.3;-0.92;Graduate;0.3104;Prioritas;0.0324;Aman;validasi silang
MHS4065;1;17;1;171;1;1;146.0;1;1;38;9;9;135.5;1;0;1;1;0;0;22;0;12;17;19;12;11.833333333333334;0;10;17;22;11;11.25;0;11.1;0.6;2.02;Enrolled;0.5598;Prioritas;0.7149;Kritis;mahasiswa aktif
MHS4066;1;43;1;8014;0;1;120.0;1;38;19;5;4;118.3;0;0;0;1;0;0;20;0;2;6;6;6;12.166666666666666;0;0;6;7;5;14.0;0;12.7;3.7;-1.7;Enrolled;0.1888;Aman;0.048;Aman;mahasiswa aktif
MHS4067;1;1;1;9556;1;1;118.0;1;19;38;9;9;116.3;1;0;0;1;0;1;20;0;0;7;10;7;11.88888888888889;0;0;8;10;8;11.95625;0;12.7;3.7;-1.7;Graduate;0.087;Aman;0.03;Aman;data uji
MHS4068;2;7;1;8014;0;3;120.0;1;38;1;9;9;120.0;0;0;0;0;0;0;35;0;0;6;0;0;0.0;0;0;6;0;0;0.0;0;10.8;1.4;1.74;Dropout;0.7925;Kritis;0.9795;Kritis;validasi silang
MHS4069;1;1;1;9670;1;1;154.0;1;1;1;5;7;154.7;0;0;0;1;0;1;18;0;0;5;6;5;11.8;0;0;5;5;5;12.6;0;9.4;-0.8;-3.12;Graduate;0.0585;Aman;0.0343;Aman;validasi silang
MHS4070;1;17;2;9238;1;1;139.0;1;2;3;3;3;132.7;1;0;0;1;0;0;19;0;0;6;7;6;11.166666666666666;0;0;6;9;6;11.666666666666666;0;9.4;-0.8;-3.12;Graduate;0.0986;Aman;0.0823;Aman;data uji
MHS4071;1;18;1;9500;1;1;136.0;1;3;3;3;3;130.8;0;0;0;1;0;0;18;0;0;7;7;7;14.05714285714286;0;0;8;9;8;14.6;0;16.2;0.3;-0.92;Graduate;0.1262;Aman;0.0453;Aman;validasi silang
MHS4072;1;1;2;9254;1;1;130.0;1;1;38;4;9;122.7;1;0;0;1;0;0;18;0;0;6;10;4;11.75;0;0;6;13;4;10.0;0;7.6;2.6;0.32;Dropout;0.2273;Prioritas;0.4173;Prioritas;validasi silang
MHS4073;2;39;1;9238;1;19;133.1;1;1;2;4;6;130.0;0;0;0;1;0;0;31;0;0;6;6;6;13.166666666666666;0;0;6;8;6;13.0;0;9.4;-0.8;-3.12;Enrolled;0.2801;Prioritas;0.0436;Aman;mahasiswa aktif
MHS4074;1;17;1;9238;1;1;133.0;1;19;19;5;7;123.6;0;0;0;1;0;1;19;0;0;6;7;6;13.5;0;0;6;7;6;14.0;0;15.5;2.8;-4.06;Graduate;0.0751;Aman;0.0334;Aman;validasi silang
MHS4075;1;18;1;9500;1;1;143.0;1;38;37;4;9;116.5;1;0;0;1;0;1;20;0;0;7;10;7;12.625;0;0;8;8;8;13.0625;0;15.5;2.8;-4.06;Graduate;0.0762;Aman;0.029;Aman;validasi silang
MHS4076;1;17;3;9085;1;1;117.0;1;19;38;5;7;111.1;0;0;0;1;0;0;21;0;0;6;0;0;0.0;0;0;6;0;0;0.0;0;15.5;2.8;-4.06;Dropout;0.3988;Prioritas;0.9786;Kritis;validasi silang
MHS4077;1;1;3;9500;1;1;145.0;1;19;38;9;7;136.3;1;0;0;1;0;1;18;0;0;8;8;7;13.971428571428572;0;0;8;8;7;13.971428571428572;0;12.7;3.7;-1.7;Graduate;0.0357;Aman;0.0273;Aman;validasi silang
MHS4078;1;1;5;9070;1;1;134.0;1;34;1;5;7;129.8;1;0;0;1;0;0;18;0;0;6;7;2;11.0;0;0;6;0;0;0.0;0;9.4;-0.8;-3.12;Dropout;0.4462;Prioritas;0.9785;Kritis;validasi silang
MHS4079;2;39;1;9991;0;1;170.0;1;38;19;4;8;134.7;0;0;0;1;0;0;33;0;0;5;5;5;12.8;0;0;5;6;5;15.333333333333334;0;10.8;1.4;1.74;Graduate;0.4217;Prioritas;0.0994;Aman;validasi silang
MHS4080;1;1;2;9670;1;1;143.0;1;37;37;9;7;131.8;1;0;0;1;0;1;18;0;0;6;8;6;13.571428571428571;0;0;6;6;5;12.8;0;12.4;0.5;1.79;Enrolled;0.0545;Aman;0.1652;Aman;mahasiswa aktif
MHS4081;1;1;1;171;1;1;140.0;1;37;37;7;9;126.8;1;0;0;0;0;1;18;0;0;0;0;0;0.0;0;0;0;0;0;0.0;0;12.7;3.7;-1.7;Dropout;0.7132;Kritis;0.8355;Kritis;validasi silang
MHS4082;1;1;1;9085;1;1;131.0;1;37;37;9;6;130.7;0;0;1;1;0;0;21;0;0;5;9;2;11.5;0;0;5;13;4;11.0;1;10.8;1.4;1.74;Enrolled;0.2602;Prioritas;0.8972;Kritis;mahasiswa aktif
MHS4083;1;17;3;9254;1;1;115.0;1;37;19;5;5;109.8;1;0;0;1;0;0;19;0;0;6;8;4;11.25;0;0;6;8;4;12.0;0;10.8;1.4;1.74;Enrolled;0.4792;Prioritas;0.3081;Aman;mahasiswa aktif
MHS4084;1;7;1;9991;0;3;130.0;1;3;19;2;3;133.9;0;0;0;1;0;0;28;0;0;5;7;5;13.714285714285714;0;0;5;7;5;13.142857142857142;0;16.2;0.3;-0.92;Graduate;0.5902;Prioritas;0.0474;Aman;validasi silang
MHS4085;2;39;1;9147;1;1;130.0;1;1;19;9;9;109.9;0;0;0;0;0;0;29;0;0;4;4;0;0.0;0;0;5;0;0;0.0;0;12.7;3.7;-1.7;Dropout;0.9419;Kritis;0.9796;Kritis;validasi silang
MHS4086;1;44;1;9130;1;39;160.0;1;1;37;3;3;160.0;1;0;1;0;0;0;36;0;2;6;9;6;12.0;0;1;6;8;3;14.666666666666666;0;12.4;0.5;1.79;Dropout;0.9554;Kritis;0.9595;Kritis;validasi silang
MHS4087;1;39;1;8014;0;19;133.1;1;37;37;9;7;106.5;0;0;0;1;0;1;32;0;0;6;7;6;12.666666666666666;0;0;6;7;6;13.333333333333334;0;12.7;3.7;-1.7;Graduate;0.1638;Aman;0.0277;Aman;validasi silang
MHS4088;1;39;1;9500;1;1;130.0;1;38;37;5;7;120.0;1;0;0;1;0;1;25;0;0;8;11;7;13.29;3;0;8;11;7;13.29;3;9.4;-0.8;-3.12;Enrolled;0.1162;Aman;0.0583;Aman;mahasiswa aktif
MHS4089;2;43;1;9991;0;1;140.0;1;37;37;3;10;107.8;0;0;0;1;0;0;33;0;8;10;15;8;10.375;0;7;10;13;9;10.444444444444445;0;7.6;2.6;0.32;Enrolled;0.236;Prioritas;0.2258;Aman;mahasiswa aktif
MHS4090;2;43;1;8014;0;14;133.1;1;34;34;0;0;100.0;0;0;0;0;0;0;34;0;3;7;13;3;12.0;0;2;7;15;1;13.0;1;9.4;-0.8;-3.12;Dropout;0.9511;Kritis;0.9783;Kritis;data uji
MHS4091;2;39;1;8014;0;1;150.0;1;34;34;0;0;112.5;0;0;0;1;0;0;33;0;0;6;10;5;11.4;0;1;6;7;6;11.166666666666666;0;7.6;2.6;0.32;Graduate;0.6237;Prioritas;0.0492;Aman;validasi silang
MHS4092;1;43;1;9991;0;1;140.0;1;37;38;9;8;135.5;0;0;1;0;0;0;29;0;0;5;15;2;13.25;0;0;5;12;3;12.6;3;16.2;0.3;-0.92;Dropout;0.9554;Kritis;0.9762;Kritis;data uji
MHS4093;1;1;1;9500;1;1;145.0;1;1;1;4;10;145.0;0;0;0;1;0;0;18;0;0;7;7;6;13.861666666666666;0;0;8;16;0;0.0;1;12.4;0.5;1.79;Dropout;0.0877;Aman;0.9748;Kritis;validasi silang
MHS4094;1;1;1;9773;1;1;126.0;1;37;38;7;7;119.0;0;0;0;1;0;1;18;0;0;6;6;6;12.166666666666666;0;0;6;7;6;12.142857142857142;0;15.5;2.8;-4.06;Graduate;0.1091;Aman;0.0347;Aman;validasi silang
MHS4095;2;7;1;9238;1;3;130.0;1;37;19;4;5;130.0;0;0;0;1;0;0;38;0;0;6;17;4;13.75;0;0;6;15;6;14.5;0;16.2;0.3;-0.92;Graduate;0.38;Prioritas;0.2073;Aman;validasi silang
MHS4096;1;1;4;9500;1;1;135.0;1;38;37;9;8;126.3;1;0;0;1;0;1;19;0;0;7;7;6;15.433333333333332;0;0;7;7;6;15.433333333333332;0;7.6;2.6;0.32;Graduate;0.0242;Aman;0.0277;Aman;validasi silang
MHS4097;4;39;1;8014;0;19;133.1;1;37;37;9;9;113.5;0;0;0;1;0;1;39;0;0;6;6;6;13.833333333333334;0;0;6;6;6;15.5;0;11.1;0.6;2.02;Graduate;0.1324;Aman;0.0313;Aman;validasi silang
MHS4098;1;43;1;9991;0;3;120.0;1;37;37;9;9;120.0;0;0;0;1;0;0;37;0;7;14;21;12;11.833333333333334;0;11;12;15;11;11.363636363636363;0;12.7;3.7;-1.7;Graduate;0.5247;Prioritas;0.3408;Aman;validasi silang
MHS4099;1;17;2;9556;1;1;120.0;1;37;37;5;5;111.3;1;0;0;1;0;0;32;0;0;7;7;0;0.0;0;0;8;8;0;0.0;0;16.2;0.3;-0.92;Dropout;0.5481;Prioritas;0.9794;Kritis;validasi silang
MHS4100;1;18;1;9238;1;1;147.0;1;38;34;4;0;130.2;0;0;0;1;0;0;18;0;0;1;1;0;0.0;1;0;6;0;0;0.0;0;10.8;1.4;1.74;Dropout;0.1593;Aman;0.973;Kritis;data uji
MHS4101;1;43;1;9556;1;1;149.0;1;1;1;4;8;140.2;1;1;0;1;0;0;20;0;1;7;9;7;12.333333333333334;0;0;8;8;8;12.625;0;12.7;3.7;-1.7;Enrolled;0.3561;Prioritas;0.0431;Aman;mahasiswa aktif
MHS4102;1;1;5;9070;1;1;124.0;1;37;37;9;9;113.9;1;0;0;1;0;0;20;0;0;6;6;6;11.166666666666666;0;0;6;6;6;12.166666666666666;0;7.6;2.6;0.32;Graduate;0.1677;Aman;0.0476;Aman;data uji
MHS4103;1;17;1;9085;1;1;133.1;1;37;37;9;9;99.0;1;0;0;1;0;1;23;0;0;6;6;6;14.666666666666666;0;0;6;8;6;12.428571428571429;0;8.9;1.4;3.51;Graduate;0.102;Aman;0.0279;Aman;validasi silang
MHS4104;1;1;2;9147;1;1;125.0;1;1;19;4;9;124.0;1;0;0;1;0;0;19;0;0;5;5;5;11.2;0;0;5;11;4;11.75;0;10.8;1.4;1.74;Enrolled;0.2709;Prioritas;0.0503;Aman;mahasiswa aktif
MHS4105;1;1;1;9238;1;1;141.0;1;37;38;9;10;138.9;0;0;0;1;0;0;18;0;0;6;9;6;13.714285714285714;0;0;6;6;6;14.166666666666666;0;13.9;-0.3;0.79;Graduate;0.088;Aman;0.0285;Aman;validasi silang
MHS4106;1;1;1;9147;1;1;131.0;1;38;19;9;9;130.0;1;0;0;1;1;0;19;0;0;5;5;5;12.8;0;0;5;10;5;11.444444444444445;0;10.8;1.4;1.74;Graduate;0.3979;Prioritas;0.0583;Aman;validasi silang
MHS4107;1;17;4;9773;1;1;118.0;1;1;38;5;7;120.8;1;0;0;1;0;0;20;0;0;6;9;4;13.25;0;0;6;11;5;11.8;0;12.4;0.5;1.79;Graduate;0.3171;Prioritas;0.1309;Aman;validasi silang
MHS4108;1;1;6;9500;1;1;129.0;1;37;19;9;7;127.8;1;0;0;1;0;0;19;0;0;8;10;6;13.78;1;0;8;10;6;13.78;1;9.4;-0.8;-3.12;Dropout;0.1141;Aman;0.3783;Aman;validasi silang
MHS4109;1;17;3;9500;1;1;136.0;1;37;38;4;5;126.0;1;0;0;1;0;0;19;0;0;8;8;7;15.11;0;0;8;8;7;15.11;0;10.8;1.4;1.74;Graduate;0.1883;Aman;0.0294;Aman;validasi silang
MHS4110;1;1;2;9238;1;1;134.0;1;1;19;4;5;126.0;0;0;0;1;0;0;18;0;0;6;10;4;11.0;0;0;6;8;5;11.2;0;10.8;1.4;1.74;Graduate;0.1119;Aman;0.0793;Aman;validasi silang
MHS4111;1;1;1;9500;1;1;153.0;1;38;19;9;5;138.5;1;0;0;1;0;1;20;0;0;8;8;7;15.798571428571426;0;0;8;8;7;15.798571428571426;0;10.8;1.4;1.74;Graduate;0.0238;Aman;0.0314;Aman;validasi silang
MHS4112;1;1;3;9500;1;1;119.0;1;19;37;9;9;119.4;1;0;0;1;0;0;20;0;0;7;7;7;13.775714285714288;0;0;8;8;8;15.599999999999998;0;12.4;0.5;1.79;Graduate;0.1349;Aman;0.0366;Aman;validasi silang
MHS4113;4;39;1;9500;1;1;140.0;1;38;37;7;7;101.5;1;0;0;1;0;0;24;0;0;8;11;7;12.16;0;0;8;11;7;12.16;0;10.8;1.4;1.74;Graduate;0.4695;Prioritas;0.062;Aman;validasi silang
MHS4114;4;39;2;9556;1;1;133.1;1;38;37;7;7;101.5;1;0;0;1;0;0;24;0;0;7;0;0;0.0;0;0;7;0;0;0.0;0;10.8;1.4;1.74;Dropout;0.6459;Prioritas;0.9799;Kritis;data uji
MHS4115;1;17;2;9773;1;1;130.0;1;2;1;2;7;126.2;1;0;0;1;0;0;20;0;0;6;6;6;14.333333333333334;0;0;6;6;6;15.5;0;12.4;0.5;1.79;Graduate;0.2882;Prioritas;0.0551;Aman;validasi silang
MHS4116;1;1;3;9070;1;1;128.0;1;19;19;3;3;129.8;1;0;0;1;0;0;20;0;0;6;6;6;11.833333333333334;0;0;6;6;3;13.333333333333334;0;9.4;-0.8;-3.12;Enrolled;0.1288;Aman;0.1221;Aman;mahasiswa aktif
MHS4117;1;1;1;9085;1;1;145.0;1;38;37;3;9;138.4;1;0;0;0;0;0;18;0;0;6;7;6;14.833333333333334;0;0;6;8;6;12.5;0;8.9;1.4;3.51;Enrolled;0.6336;Prioritas;0.1615;Aman;mahasiswa aktif
MHS4118;1;1;1;9500;1;1;146.0;1;1;37;9;9;129.3;0;0;0;1;0;0;18;0;0;8;8;7;14.2;0;0;8;8;7;14.2;0;12.7;3.7;-1.7;Graduate;0.1221;Aman;0.0276;Aman;validasi silang
MHS4119;1;1;1;9085;1;1;119.0;1;2;1;4;3;113.1;1;0;0;1;0;0;21;0;0;5;6;5;12.2;0;0;5;5;5;13.2;0;10.8;1.4;1.74;Graduate;0.1801;Aman;0.0358;Aman;data uji
MHS4120;1;17;1;9853;1;1;160.0;1;1;38;4;10;144.3;1;0;0;1;0;0;18;0;0;6;10;4;13.0;0;0;6;9;5;13.666666666666666;0;9.4;-0.8;-3.12;Graduate;0.4598;Prioritas;0.2617;Aman;validasi silang
MHS4121;1;17;5;9500;1;1;144.0;1;19;1;5;3;141.0;1;0;0;1;0;1;19;0;0;8;8;7;12.485714285714286;0;0;8;8;7;12.485714285714286;0;12.7;3.7;-1.7;Graduate;0.0779;Aman;0.0412;Aman;validasi silang
MHS4122;1;7;1;9085;1;40;130.0;1;1;1;4;4;130.0;1;0;0;1;0;0;22;0;0;6;7;6;17.0;0;0;6;7;6;16.285714285714285;0;11.1;0.6;2.02;Graduate;0.43;Prioritas;0.0655;Aman;validasi silang
MHS4123;1;17;3;9238;1;1;122.0;1;19;19;7;7;117.5;1;0;0;1;0;0;19;0;0;6;7;5;10.8;0;0;6;9;6;10.166666666666666;0;8.9;1.4;3.51;Graduate;0.2002;Aman;0.0759;Aman;data uji
MHS4124;1;1;3;9500;1;1;153.0;6;37;37;9;9;131.8;1;0;0;1;0;0;18;1;0;7;7;6;14.716666666666669;0;0;7;7;6;14.716666666666669;0;7.6;2.6;0.32;Graduate;0.0889;Aman;0.0309;Aman;validasi silang
MHS4125;1;1;1;9085;1;1;147.0;1;37;19;9;5;133.7;1;0;0;1;0;1;19;0;0;5;10;2;13.5;0;0;5;11;5;11.4;1;10.8;1.4;1.74;Enrolled;0.0497;Aman;0.1447;Aman;mahasiswa aktif
MHS4126;1;43;1;9500;1;1;121.0;1;38;19;5;5;115.4;1;0;0;1;0;1;24;0;0;8;8;7;11.971428571428572;0;0;8;8;7;11.971428571428572;0;12.7;3.7;-1.7;Enrolled;0.0582;Aman;0.0304;Aman;mahasiswa aktif
MHS4127;1;1;3;9085;1;1;134.0;1;38;19;9;5;129.1;0;0;0;1;0;0;19;0;0;5;7;3;12.0;0;0;5;7;4;13.5;0;7.6;2.6;0.32;Enrolled;0.127;Aman;0.1332;Aman;mahasiswa aktif
MHS4128;1;1;1;8014;0;1;133.0;1;38;38;5;2;135.5;0;0;0;1;0;0;34;0;0;6;7;6;12.333333333333334;0;0;6;6;6;11.666666666666666;0;10.8;1.4;1.74;Graduate;0.1205;Aman;0.0358;Aman;validasi silang
MHS4129;1;17;5;9085;1;1;118.0;1;38;38;9;9;112.4;1;0;0;1;0;0;19;0;0;12;22;6;15.307692307692308;0;0;10;13;6;13.875;0;15.5;2.8;-4.06;Graduate;0.3316;Prioritas;0.7961;Kritis;data uji
MHS4130;1;1;1;9500;1;1;137.0;1;37;37;7;9;130.8;1;0;0;1;0;1;18;0;0;7;7;6;12.666666666666666;0;0;7;7;6;12.666666666666666;0;7.6;2.6;0.32;Graduate;0.035;Aman;0.0311;Aman;validasi silang
MHS4131;1;1;5;9500;1;1;143.0;1;37;37;9;5;131.6;1;0;0;1;0;1;19;0;0;7;10;7;14.368;0;0;8;8;8;14.44875;0;15.5;2.8;-4.06;Graduate;0.0568;Aman;0.0311;Aman;validasi silang
MHS4132;1;39;1;9500;1;1;123.0;1;19;1;1;1;140.8;0;0;0;1;0;0;25;0;0;8;8;7;12.084285714285716;0;0;8;8;7;12.084285714285716;0;10.8;1.4;1.74;Graduate;0.2998;Prioritas;0.0807;Aman;validasi silang
MHS4133;1;44;1;9085;1;39;140.0;1;3;38;2;9;140.0;1;0;0;1;0;0;21;0;7;12;18;8;12.25;0;4;12;27;8;12.2;0;12.4;0.5;1.79;Enrolled;0.277;Prioritas;0.4809;Prioritas;mahasiswa aktif
MHS4134;1;1;1;9254;1;1;118.0;1;37;37;7;7;114.2;0;0;0;1;0;0;18;0;0;6;10;5;12.2;0;0;6;10;5;11.6;0;16.2;0.3;-0.92;Enrolled;0.4495;Prioritas;0.0716;Aman;mahasiswa aktif
MHS4135;1;1;1;9238;1;1;142.0;1;34;38;4;7;127.3;0;0;0;1;0;1;18;0;0;6;12;4;11.0;0;0;6;9;6;11.5;0;9.4;-0.8;-3.12;Graduate;0.065;Aman;0.0596;Aman;validasi silang
MHS4136;1;1;1;8014;0;1;115.0;1;38;38;9;7;115.0;1;0;0;1;0;0;28;0;0;6;8;5;12.8;0;0;6;8;5;11.0;0;9.4;-0.8;-3.12;Graduate;0.1008;Aman;0.1099;Aman;data uji
MHS4137;5;43;1;9500;1;1;131.0;1;1;38;5;5;118.8;0;0;0;1;0;1;18;0;0;8;8;7;11.857142857142858;0;0;8;8;7;11.857142857142858;0;12.7;3.7;-1.7;Graduate;0.0573;Aman;0.0328;Aman;validasi silang
MHS4138;2;39;1;9254;1;1;130.0;1;37;37;9;9;125.0;0;0;0;1;0;0;41;0;0;6;8;6;12.285714285714286;0;0;6;10;5;13.0;0;8.9;1.4;3.51;Graduate;0.4382;Prioritas;0.0696;Aman;validasi silang
MHS4139;1;17;2;9853;1;1;133.1;1;37;37;5;0;111.5;0;0;0;1;0;0;18;0;0;6;11;3;12.333333333333334;0;0;6;11;4;13.5;0;7.6;2.6;0.32;Dropout;0.475;Prioritas;0.8517;Kritis;validasi silang
MHS4140;1;17;1;9238;1;1;134.0;1;38;19;7;7;124.2;0;0;0;1;0;1;21;0;0;6;11;4;11.25;0;0;6;12;4;11.4;0;15.5;2.8;-4.06;Graduate;0.0873;Aman;0.3103;Aman;validasi silang
MHS4141;4;7;1;9238;1;40;130.0;1;34;34;99;99;130.0;0;0;1;1;0;0;41;0;0;6;0;0;0.0;0;0;6;0;0;0.0;0;11.1;0.6;2.02;Dropout;0.8678;Kritis;0.9792;Kritis;validasi silang
MHS4142;1;7;1;9070;1;3;133.1;1;3;5;2;2;120.0;1;0;0;1;0;0;32;0;0;3;3;2;16.0;0;0;3;3;1;16.0;0;7.6;2.6;0.32;Dropout;0.5093;Prioritas;0.914;Kritis;validasi silang
MHS4143;1;43;1;8014;0;12;114.0;1;34;34;0;99;110.0;0;0;0;1;0;0;29;0;0;6;10;6;11.666666666666666;0;0;6;7;6;11.0;0;7.6;2.6;0.32;Graduate;0.6455;Prioritas;0.0373;Aman;data uji
MHS4144;1;39;1;9556;1;1;130.0;1;19;38;9;8;113.3;0;0;0;1;0;0;24;0;0;7;15;5;12.4;0;0;8;14;7;12.15;0;12.4;0.5;1.79;Enrolled;0.5272;Prioritas;0.1859;Aman;mahasiswa aktif
MHS4145;1;43;1;9556;1;1;128.0;1;38;38;7;8;123.5;1;0;0;1;0;0;22;0;0;7;14;6;10.744444444444444;1;0;8;10;8;11.8375;0;12.7;3.7;-1.7;Enrolled;0.3371;Prioritas;0.1032;Aman;mahasiswa aktif
MHS4146;1;1;1;9238;1;1;133.1;1;19;1;1;3;101.0;0;0;0;1;0;0;21;0;0;6;0;0;0.0;0;0;6;0;0;0.0;0;15.5;2.8;-4.06;Dropout;0.233;Prioritas;0.9795;Kritis;validasi silang
MHS4147;2;39;1;9500;1;19;133.1;1;37;38;9;10;120.9;1;0;0;1;0;0;39;0;0;7;12;4;12.0;0;0;7;13;4;12.5625;0;11.1;0.6;2.02;Dropout;0.2247;Prioritas;0.956;Kritis;validasi silang
MHS4148;4;39;1;9085;1;1;140.0;1;37;37;9;9;154.6;0;0;0;0;0;1;44;0;0;6;12;4;12.75;0;0;6;15;2;10.0;0;8.9;1.4;3.51;Enrolled;0.6559;Kritis;0.9682;Kritis;mahasiswa aktif
MHS4149;1;1;1;9147;1;1;117.0;1;37;37;9;9;120.2;1;0;0;1;0;0;20;0;0;5;9;2;10.0;0;0;5;10;2;11.0;0;7.6;2.6;0.32;Enrolled;0.2544;Prioritas;0.9772;Kritis;mahasiswa aktif
MHS4150;1;43;3;9500;1;1;139.0;1;38;37;9;8;146.5;0;0;0;1;0;0;21;0;11;14;26;12;13.417391304347827;1;11;14;26;12;13.417391304347827;1;7.6;2.6;0.32;Graduate;0.1069;Aman;0.213;Aman;validasi silang
MHS4151;1;1;1;9773;1;1;159.0;1;34;26;0;6;160.1;1;0;0;1;0;0;18;0;0;6;6;6;15.166666666666666;0;0;6;7;6;14.857142857142858;0;7.6;2.6;0.32;Graduate;0.4505;Prioritas;0.05;Aman;validasi silang
MHS4152;1;39;1;9003;1;1;140.0;1;37;37;5;5;150.0;0;0;1;1;0;0;34;0;0;6;10;5;13.833333333333334;0;0;6;13;5;12.5;0;16.2;0.3;-0.92;Graduate;0.6548;Kritis;0.48;Prioritas;validasi silang
MHS4153;1;1;3;9085;1;1;140.0;1;10;19;90;90;135.8;1;0;0;1;0;0;18;0;0;5;6;5;13.333333333333334;0;0;5;7;4;14.8;0;7.6;2.6;0.32;Graduate;0.306;Prioritas;0.0544;Aman;validasi silang
MHS4154;1;1;1;171;1;1;135.0;1;19;4;9;2;143.8;1;0;1;1;0;0;19;0;0;0;0;0;0.0;0;0;0;0;0;0.0;0;12.7;3.7;-1.7;Enrolled;0.5517;Prioritas;0.8234;Kritis;mahasiswa aktif
MHS4155;1;1;1;9853;1;1;121.0;1;37;19;6;7;116.8;1;0;0;1;0;0;18;0;0;6;11;3;11.666666666666666;0;0;6;11;3;10.666666666666666;0;9.4;-0.8;-3.12;Dropout;0.4473;Prioritas;0.9613;Kritis;validasi silang
MHS4156;1;1;5;9085;1;1;124.0;1;3;19;2;3;113.9;1;0;0;1;0;0;19;0;0;6;12;5;15.0;0;0;6;9;6;13.428571428571429;0;16.2;0.3;-0.92;Graduate;0.2964;Prioritas;0.0873;Aman;validasi silang
MHS4157;1;1;3;9500;1;1;131.0;1;37;37;9;9;118.0;1;0;0;1;0;1;18;0;0;8;8;7;13.242857142857144;0;0;8;8;7;13.242857142857144;0;12.7;3.7;-1.7;Enrolled;0.0415;Aman;0.0275;Aman;mahasiswa aktif
MHS4158;1;1;5;9130;1;1;160.0;1;3;1;2;9;150.2;1;0;0;1;0;0;19;0;0;5;13;1;13.0;0;0;5;7;2;12.5;0;12.7;3.7;-1.7;Dropout;0.3795;Prioritas;0.9686;Kritis;data uji
MHS4159;1;1;2;9500;1;1;120.0;1;3;37;4;7;115.1;1;0;0;1;0;1;19;0;0;7;8;6;13.075;0;0;8;10;7;12.05;0;12.4;0.5;1.79;Graduate;0.0407;Aman;0.0782;Aman;validasi silang
MHS4160;1;1;1;9670;1;1;140.0;1;19;19;5;9;131.3;1;0;0;1;0;1;18;0;0;6;6;6;13.5;0;0;6;9;6;13.666666666666666;0;10.8;1.4;1.74;Graduate;0.0566;Aman;0.0472;Aman;data uji
MHS4161;1;44;1;9991;0;39;120.0;1;37;37;7;7;120.0;1;0;0;1;0;1;23;0;2;6;8;5;11.8;0;2;6;8;6;12.333333333333334;0;9.4;-0.8;-3.12;Graduate;0.2754;Prioritas;0.0531;Aman;validasi silang
MHS4162;1;17;2;9254;1;1;118.0;22;19;37;9;9;110.3;1;0;0;0;0;0;18;1;0;6;7;5;12.6;0;0;6;6;5;11.8;0;11.1;0.6;2.02;Enrolled;0.8551;Kritis;0.4701;Prioritas;mahasiswa aktif
MHS4163;4;43;1;9853;1;1;133.1;100;19;22;90;90;100.0;0;0;0;1;0;0;33;1;0;6;6;6;12.166666666666666;0;0;6;9;3;11.0;0;7.6;2.6;0.32;Dropout;0.8306;Kritis;0.4704;Prioritas;validasi silang
MHS4164;1;17;2;9238;1;1;111.0;1;19;38;9;9;110.7;1;0;0;1;0;0;19;0;0;6;9;6;12.166666666666666;0;0;6;9;6;11.0;0;8.9;1.4;3.51;Graduate;0.1248;Aman;0.0433;Aman;validasi silang
MHS4165;1;43;3;171;1;1;140.0;1;37;38;7;7;143.4;1;0;0;1;0;0;21;0;0;0;0;0;0.0;0;0;0;0;0;0.0;0;9.4;-0.8;-3.12;Dropout;0.3167;Prioritas;0.7795;Kritis;validasi silang
MHS4166;1;1;6;9500;1;1;125.0;1;19;19;9;9;115.9;0;0;0;1;0;0;18;0;0;7;7;7;13.557142857142855;0;0;8;9;8;13.2;0;12.4;0.5;1.79;Graduate;0.1357;Aman;0.0307;Aman;validasi silang
MHS4167;1;18;1;9991;0;1;133.1;1;38;38;5;5;145.0;0;0;0;1;0;1;21;0;0;5;6;4;12.25;0;0;5;8;4;11.8;0;10.8;1.4;1.74;Enrolled;0.089;Aman;0.1302;Aman;mahasiswa aktif
MHS4168;1;17;2;9070;1;1;136.0;1;19;38;4;7;140.9;1;0;0;1;0;0;19;0;0;6;6;6;14.333333333333334;0;0;6;6;6;13.5;0;9.4;-0.8;-3.12;Graduate;0.1892;Aman;0.0302;Aman;validasi silang
MHS4169;1;1;2;9773;1;1;115.0;1;34;38;0;5;108.4;1;0;0;1;0;0;20;0;0;6;10;4;10.5;0;0;6;8;4;11.75;0;7.6;2.6;0.32;Graduate;0.5496;Prioritas;0.5651;Prioritas;validasi silang
MHS4170;1;1;1;9773;1;1;116.0;1;37;37;0;5;114.3;1;0;0;1;0;0;20;0;0;4;8;0;0.0;0;0;4;8;0;0.0;0;7.6;2.6;0.32;Dropout;0.3727;Prioritas;0.9789;Kritis;validasi silang
MHS4171;1;18;5;9853;1;1;110.0;1;19;37;7;7;110.0;1;0;0;1;0;0;20;0;0;6;10;4;12.75;0;0;6;14;3;11.333333333333334;0;10.8;1.4;1.74;Enrolled;0.7064;Kritis;0.9619;Kritis;mahasiswa aktif
MHS4172;1;1;1;9238;1;1;135.0;1;38;38;4;7;121.7;1;0;0;1;0;1;18;0;0;6;14;0;0.0;0;0;6;9;4;11.0;0;7.6;2.6;0.32;Enrolled;0.0244;Aman;0.8479;Kritis;mahasiswa aktif
MHS4173;1;43;2;9147;1;1;131.0;1;19;37;5;9;123.7;1;0;0;1;0;0;18;0;0;5;10;1;14.0;0;0;5;10;1;14.0;0;7.6;2.6;0.32;Enrolled;0.362;Prioritas;0.9781;Kritis;mahasiswa aktif
MHS4174;1;1;2;9500;1;1;124.0;1;37;37;7;7;116.5;1;0;0;1;0;1;20;0;0;7;9;7;14.093333333333332;0;0;8;8;8;15.0;0;11.1;0.6;2.02;Graduate;0.0455;Aman;0.0314;Aman;validasi silang
MHS4175;1;1;1;9238;1;1;163.0;1;37;37;5;6;155.0;0;0;0;1;0;1;21;0;0;6;6;6;13.333333333333334;0;0;6;8;6;13.166666666666666;0;9.4;-0.8;-3.12;Graduate;0.0179;Aman;0.0269;Aman;validasi silang
MHS4176;1;43;1;9500;1;1;137.0;1;38;19;9;5;129.3;1;0;0;1;0;0;19;0;0;8;12;7;12.071428571428571;0;0;8;12;7;12.071428571428571;0;12.7;3.7;-1.7;Graduate;0.1267;Aman;0.0542;Aman;validasi silang
MHS4177;1;1;3;9254;1;1;128.0;1;19;1;7;9;121.7;1;0;0;1;0;1;18;0;0;6;6;6;12.666666666666666;0;0;6;6;6;12.5;0;12.4;0.5;1.79;Graduate;0.1596;Aman;0.05;Aman;data uji
MHS4178;1;39;1;9085;1;1;133.1;1;37;37;9;9;148.2;1;0;1;1;0;0;27;0;0;6;11;6;12.125;0;0;6;16;5;12.0;0;12.4;0.5;1.79;Enrolled;0.5875;Prioritas;0.5087;Prioritas;mahasiswa aktif
MHS4179;1;1;2;9500;1;1;133.1;1;19;38;7;9;125.5;1;0;0;1;0;1;21;0;0;7;9;7;13.2;0;0;8;9;7;13.2575;0;15.5;2.8;-4.06;Graduate;0.0416;Aman;0.0378;Aman;validasi silang
MHS4180;1;17;4;9500;1;1;148.0;1;3;19;4;7;131.9;1;0;0;1;0;1;18;0;0;7;8;7;14.15;0;0;8;8;8;14.51125;0;15.5;2.8;-4.06;Graduate;0.0695;Aman;0.0398;Aman;validasi silang
MHS4181;1;17;1;9853;1;1;127.0;1;38;37;5;7;121.8;1;0;1;1;0;0;18;0;0;6;12;4;13.5;0;0;6;14;3;10.666666666666666;0;10.8;1.4;1.74;Enrolled;0.8007;Kritis;0.9714;Kritis;mahasiswa aktif
MHS4182;1;43;1;9853;1;1;110.0;1;37;37;9;9;107.7;0;0;1;0;0;0;28;0;0;6;0;0;0.0;0;0;5;10;0;0.0;0;10.8;1.4;1.74;Dropout;0.9824;Kritis;0.9796;Kritis;validasi silang
MHS4183;1;39;1;9556;1;1;133.1;1;44;40;2;2;115.5;0;0;0;1;0;0;36;0;0;7;13;5;12.2;0;0;7;14;3;11.4;0;11.1;0.6;2.02;Dropout;0.7769;Kritis;0.9659;Kritis;validasi silang
MHS4184;1;1;1;9085;1;1;145.0;1;38;38;9;10;139.8;1;0;0;1;0;0;20;0;0;5;6;5;14.8;1;0;5;6;5;14.0;0;12.7;3.7;-1.7;Graduate;0.1558;Aman;0.033;Aman;validasi silang
MHS4185;1;1;1;9238;1;1;136.0;1;38;38;0;7;133.2;1;0;0;1;0;0;19;0;0;6;8;5;11.0;0;0;6;13;5;11.4;0;7.6;2.6;0.32;Graduate;0.156;Aman;0.0973;Aman;validasi silang
MHS4186;1;1;1;9991;0;1;131.0;1;19;37;9;9;118.4;1;0;0;1;0;0;20;0;0;5;10;0;0.0;0;0;5;10;0;0.0;3;7.6;2.6;0.32;Enrolled;0.2374;Prioritas;0.9801;Kritis;mahasiswa aktif
MHS4187;1;17;2;9085;1;1;138.0;1;37;37;9;7;123.3;1;0;0;1;0;0;19;0;0;5;15;3;14.0;3;0;5;10;4;11.75;1;9.4;-0.8;-3.12;Enrolled;0.2859;Prioritas;0.3181;Aman;mahasiswa aktif
MHS4188;2;39;1;8014;0;1;150.0;1;37;38;3;7;134.5;0;0;0;1;0;0;28;0;0;6;8;5;11.833333333333334;0;0;6;6;6;13.0;0;16.2;0.3;-0.92;Graduate;0.2099;Aman;0.0388;Aman;validasi silang
MHS4189;1;1;1;9670;1;1;112.0;1;37;1;7;0;110.6;0;0;0;1;0;0;20;0;0;5;7;4;11.75;0;0;5;7;5;11.8;1;7.6;2.6;0.32;Graduate;0.1926;Aman;0.0821;Aman;validasi silang
MHS4190;1;42;1;9254;1;1;154.0;1;38;37;1;1;154.0;1;0;0;1;0;0;28;0;8;14;22;12;12.333333333333334;0;3;12;20;8;12.0;0;9.4;-0.8;-3.12;Graduate;0.3477;Prioritas;0.4074;Prioritas;validasi silang
MHS4191;1;43;1;9991;0;39;160.0;1;37;37;9;9;160.0;0;0;0;1;0;0;24;0;3;10;16;3;11.666666666666666;0;3;10;24;6;11.833333333333334;0;9.4;-0.8;-3.12;Dropout;0.2392;Prioritas;0.9168;Kritis;validasi silang
MHS4192;1;44;1;9085;1;39;140.0;1;1;39;3;9;140.0;1;0;0;1;0;0;20;0;1;6;9;6;12.666666666666666;0;1;6;10;4;11.5;0;13.9;-0.3;0.79;Enrolled;0.3534;Prioritas;0.1109;Aman;mahasiswa aktif
MHS4193;1;17;2;9853;1;1;150.0;1;37;37;5;6;132.5;1;0;0;1;0;0;22;0;0;6;9;4;12.25;0;0;6;8;5;11.6;0;10.8;1.4;1.74;Enrolled;0.5167;Prioritas;0.3769;Aman;mahasiswa aktif
MHS4194;1;17;2;9254;1;1;141.0;1;1;4;4;4;127.7;0;0;0;1;0;1;18;0;0;6;7;6;11.285714285714286;0;0;6;9;4;13.5;0;16.2;0.3;-0.92;Graduate;0.3734;Prioritas;0.0913;Aman;validasi silang
MHS4195;1;1;5;9147;1;1;122.0;1;38;38;9;9;117.5;1;0;1;0;0;0;22;0;0;5;12;2;11.5;0;0;5;12;0;0.0;0;12.7;3.7;-1.7;Dropout;0.9299;Kritis;0.9788;Kritis;validasi silang
MHS4196;1;1;5;9254;1;1;120.0;1;37;37;9;7;127.0;1;0;0;1;0;1;18;0;0;6;10;6;11.666666666666666;0;0;6;10;4;12.25;0;9.4;-0.8;-3.12;Graduate;0.1319;Aman;0.138;Aman;validasi silang
MHS4197;1;1;1;9500;1;1;139.0;1;19;37;5;5;125.5;0;0;0;1;0;1;21;0;0;8;8;7;13.514285714285714;0;0;8;8;7;13.514285714285714;0;12.7;3.7;-1.7;Graduate;0.0501;Aman;0.0273;Aman;validasi silang
MHS4198;1;17;6;9773;1;1;138.0;1;1;1;4;2;140.5;1;0;0;1;0;0;19;0;0;6;7;6;13.0;0;0;6;9;6;13.714285714285714;0;7.6;2.6;0.32;Graduate;0.3336;Prioritas;0.0648;Aman;validasi silang
MHS4199;1;5;1;9853;1;1;119.0;1;1;38;5;8;118.3;1;0;0;1;0;0;22;0;0;6;11;3;15.0;0;0;6;11;4;10.25;0;9.4;-0.8;-3.12;Enrolled;0.5811;Prioritas;0.9196;Kritis;mahasiswa aktif
MHS4200;1;1;1;9500;1;1;129.0;1;38;38;5;5;120.8;1;0;0;1;0;1;20;0;0;8;8;7;12.744285714285716;0;0;8;8;7;12.744285714285716;0;10.8;1.4;1.74;Graduate;0.0321;Aman;0.0305;Aman;validasi silang
MHS4201;1;1;1;9147;1;1;133.1;1;37;37;191;154;95.0;0;0;0;1;0;0;20;0;0;5;10;4;11.75;0;0;5;8;5;11.8;0;11.1;0.6;2.02;Graduate;0.3335;Prioritas;0.041;Aman;data uji
MHS4202;1;17;1;8014;0;1;125.0;1;37;37;5;6;122.2;1;0;1;1;0;0;19;0;0;6;6;6;12.166666666666666;0;0;6;7;6;11.666666666666666;0;10.8;1.4;1.74;Graduate;0.2749;Prioritas;0.0511;Aman;validasi silang
MHS4203;1;17;1;171;1;1;125.0;1;1;1;7;3;143.9;1;0;0;1;0;0;20;0;0;0;0;0;0.0;0;0;0;0;0;0.0;0;15.5;2.8;-4.06;Enrolled;0.4586;Prioritas;0.8054;Kritis;mahasiswa aktif
MHS4204;1;1;2;9070;1;1;137.0;1;19;38;9;9;127.2;1;0;0;1;0;1;20;0;1;6;9;5;13.4;1;0;6;9;6;12.375;0;13.9;-0.3;0.79;Graduate;0.0502;Aman;0.0499;Aman;data uji
MHS4205;1;1;1;9238;1;1;123.0;1;34;38;0;7;120.2;1;0;0;1;0;0;20;0;0;6;9;5;11.8;0;0;6;10;4;11.5;0;7.6;2.6;0.32;Dropout;0.3236;Prioritas;0.1784;Aman;data uji
MHS4206;1;1;3;9500;1;1;154.0;1;1;37;4;9;134.8;1;0;0;1;0;0;19;0;0;7;7;6;13.533333333333331;0;0;7;7;6;13.533333333333331;0;7.6;2.6;0.32;Graduate;0.0884;Aman;0.0284;Aman;validasi silang
MHS4207;1;1;1;9254;1;1;144.0;1;19;19;9;9;142.6;1;0;0;1;0;1;18;0;0;6;7;6;14.166666666666666;0;0;6;10;4;14.0;0;15.5;2.8;-4.06;Graduate;0.0992;Aman;0.0625;Aman;validasi silang
MHS4208;1;1;1;9500;1;1;153.0;1;38;37;7;8;147.9;0;0;0;1;0;1;18;0;0;7;7;7;14.652857142857142;0;0;8;9;8;14.755555555555556;0;12.4;0.5;1.79;Graduate;0.0291;Aman;0.0277;Aman;data uji
MHS4209;1;1;1;171;1;1;152.0;1;1;38;4;9;160.4;1;0;0;0;0;0;19;0;0;0;0;0;0.0;0;0;0;0;0;0.0;0;7.6;2.6;0.32;Dropout;0.6879;Kritis;0.715;Kritis;validasi silang
MHS4210;1;1;1;9147;1;1;150.0;103;37;37;9;9;134.6;0;0;0;1;1;0;20;1;0;5;5;5;13.6;0;0;5;7;5;13.0;0;9.4;-0.8;-3.12;Graduate;0.2848;Prioritas;0.0409;Aman;data uji
MHS4211;1;1;1;9254;1;1;129.0;1;19;1;3;7;121.0;0;0;0;1;0;1;22;0;0;6;9;6;12.833333333333334;0;0;6;6;4;13.25;0;16.2;0.3;-0.92;Graduate;0.1407;Aman;0.0922;Aman;validasi silang
MHS4212;1;1;1;9238;1;1;150.0;1;19;37;5;4;142.7;1;0;0;1;0;1;18;0;0;6;6;6;14.666666666666666;0;0;6;6;6;15.166666666666666;0;9.4;-0.8;-3.12;Graduate;0.0445;Aman;0.0349;Aman;data uji
MHS4213;1;17;2;9773;1;1;125.0;1;1;1;4;8;115.6;1;0;0;1;0;0;19;0;0;6;6;6;13.333333333333334;0;0;6;6;6;14.666666666666666;0;12.4;0.5;1.79;Graduate;0.3704;Prioritas;0.0417;Aman;data uji
MHS4214;1;1;1;9238;1;1;133.1;1;19;37;9;9;130.0;0;0;0;0;0;1;20;0;0;6;10;5;13.4;0;0;6;9;5;11.4;0;10.8;1.4;1.74;Graduate;0.2774;Prioritas;0.4746;Prioritas;validasi silang
MHS4215;1;1;2;9500;1;1;140.0;1;38;37;5;6;124.3;1;0;0;1;0;1;19;0;0;7;9;7;13.3125;0;0;8;8;8;15.6375;0;13.9;-0.3;0.79;Graduate;0.0343;Aman;0.035;Aman;validasi silang
MHS4216;1;1;1;171;1;1;140.0;1;19;37;5;6;137.9;1;0;1;0;0;0;18;0;0;0;0;0;0.0;0;0;0;0;0;0.0;0;8.9;1.4;3.51;Dropout;0.8984;Kritis;0.9189;Kritis;validasi silang
MHS4217;1;1;6;9773;1;1;133.1;1;1;37;3;3;100.0;1;0;1;0;0;0;20;0;0;4;4;0;0.0;0;0;5;5;0;0.0;0;12.4;0.5;1.79;Dropout;0.9283;Kritis;0.9785;Kritis;validasi silang
MHS4218;1;1;2;9773;1;1;132.0;1;1;2;9;3;128.2;1;0;0;1;0;1;19;0;0;6;7;6;12.333333333333334;0;0;6;6;6;13.5;0;9.4;-0.8;-3.12;Graduate;0.1025;Aman;0.0724;Aman;validasi silang
MHS4219;1;17;3;9773;1;1;135.0;1;1;19;5;7;135.0;0;0;0;1;0;0;18;0;0;6;6;6;13.5;0;0;6;6;6;13.333333333333334;0;12.4;0.5;1.79;Enrolled;0.3115;Prioritas;0.0314;Aman;mahasiswa aktif
MHS4220;1;16;4;9238;1;1;135.0;1;37;37;9;9;121.0;1;0;0;1;0;0;18;0;0;6;8;5;13.0;0;0;6;7;6;11.833333333333334;0;10.8;1.4;1.74;Graduate;0.1494;Aman;0.0753;Aman;validasi silang
MHS4221;1;1;1;9670;1;1;133.1;1;34;38;0;4;147.0;0;0;0;1;0;0;22;0;0;5;6;2;12.5;0;0;5;5;0;0.0;0;9.4;-0.8;-3.12;Dropout;0.4247;Prioritas;0.9792;Kritis;validasi silang
MHS4222;1;1;1;9238;1;1;168.0;1;37;37;9;9;149.5;0;0;0;1;0;0;18;0;0;6;10;6;17.0;0;0;6;11;6;16.0;0;12.4;0.5;1.79;Graduate;0.0934;Aman;0.0551;Aman;data uji
MHS4223;1;1;1;9238;1;1;143.0;1;19;1;9;9;144.4;1;0;0;1;0;0;20;0;0;6;7;6;13.5;0;0;6;6;6;13.0;0;10.8;1.4;1.74;Graduate;0.1105;Aman;0.0411;Aman;validasi silang
MHS4224;1;17;2;9254;1;1;116.0;1;19;38;5;5;116.0;1;0;0;1;0;0;19;0;0;6;7;6;12.714285714285714;0;0;6;6;6;11.833333333333334;0;8.9;1.4;3.51;Graduate;0.4545;Prioritas;0.0306;Aman;validasi silang
MHS4225;1;43;1;9500;1;1;134.0;1;38;19;5;8;120.7;0;0;0;1;0;1;19;0;0;7;9;6;13.0;0;0;8;11;8;13.927272727272726;0;16.2;0.3;-0.92;Graduate;0.055;Aman;0.0324;Aman;validasi silang
MHS4226;1;44;1;9238;1;39;140.0;1;38;19;5;0;141.8;0;0;0;1;0;0;21;0;3;6;7;6;12.571428571428571;0;2;6;6;6;13.5;0;12.4;0.5;1.79;Graduate;0.1683;Aman;0.0359;Aman;validasi silang
MHS4227;1;17;2;8014;0;1;133.0;1;19;1;5;5;119.7;1;0;0;1;0;1;19;0;0;6;10;4;11.5;0;0;6;11;6;11.5;0;9.4;-0.8;-3.12;Dropout;0.0711;Aman;0.0525;Aman;validasi silang
MHS4228;1;1;6;9238;1;1;125.0;1;38;1;7;4;118.4;1;0;0;1;0;1;19;0;0;6;6;6;13.5;0;0;6;7;6;13.285714285714286;0;11.1;0.6;2.02;Graduate;0.0699;Aman;0.0449;Aman;data uji
MHS4229;2;39;1;8014;0;1;133.1;1;37;37;5;4;134.5;0;0;0;1;0;0;45;0;0;6;8;5;13.6;0;0;6;7;5;13.0;0;15.5;2.8;-4.06;Enrolled;0.3714;Prioritas;0.1241;Aman;mahasiswa aktif
MHS4230;2;39;1;9085;1;1;133.1;1;36;36;99;5;128.2;0;0;0;0;0;1;28;0;0;5;14;1;12.0;3;0;5;5;0;0.0;5;9.4;-0.8;-3.12;Dropout;0.7571;Kritis;0.9778;Kritis;validasi silang
MHS4231;2;43;1;9500;1;1;137.0;1;3;3;2;2;115.0;0;0;0;1;0;0;28;0;0;7;8;7;14.95;0;0;8;8;8;14.7375;0;13.9;-0.3;0.79;Graduate;0.1758;Aman;0.0399;Aman;validasi silang
MHS4232;1;39;1;9991;0;1;140.0;1;38;19;9;5;130.0;0;0;1;1;0;0;25;0;0;5;10;4;11.25;0;0;5;9;4;12.0;0;12.7;3.7;-1.7;Enrolled;0.7129;Kritis;0.732;Kritis;mahasiswa aktif
MHS4233;1;43;1;9670;1;1;134.0;1;1;38;4;4;120.7;0;0;1;0;0;0;19;0;0;6;13;3;10.666666666666666;0;0;6;6;4;12.25;0;15.5;2.8;-4.06;Dropout;0.965;Kritis;0.9709;Kritis;validasi silang
MHS4234;1;1;5;9500;1;1;139.0;1;38;38;9;5;130.5;1;0;0;1;0;0;19;0;0;8;8;7;14.992857142857142;0;0;8;8;7;14.992857142857142;0;10.8;1.4;1.74;Graduate;0.0921;Aman;0.031;Aman;data uji
MHS4235;1;1;2;9147;1;1;113.0;1;38;38;9;5;107.4;1;0;0;1;1;0;20;0;0;5;12;3;10.5;0;0;5;10;4;11.25;0;12.4;0.5;1.79;Enrolled;0.4473;Prioritas;0.6023;Prioritas;mahasiswa aktif
MHS4236;1;1;3;9238;1;1;133.1;1;1;1;9;9;100.0;1;0;0;1;1;0;22;0;0;6;6;4;11.25;0;0;6;7;3;11.0;0;8.9;1.4;3.51;Enrolled;0.2664;Prioritas;0.942;Kritis;mahasiswa aktif
MHS4237;1;43;1;9773;1;1;132.0;1;38;19;9;9;125.0;1;0;0;1;1;1;20;0;0;6;6;6;12.333333333333334;0;0;6;7;6;14.0;0;12.4;0.5;1.79;Graduate;0.1438;Aman;0.059;Aman;data uji
MHS4238;1;1;4;9500;1;1;127.0;1;19;37;7;7;121.5;1;0;0;1;1;0;20;0;0;7;7;6;13.016666666666666;0;0;7;7;6;13.016666666666666;0;7.6;2.6;0.32;Enrolled;0.238;Prioritas;0.0372;Aman;mahasiswa aktif
MHS4239;1;1;1;9085;1;1;123.0;1;38;19;4;90;127.2;0;0;1;0;1;0;20;0;0;5;7;3;11.333333333333334;0;0;5;8;2;11.5;0;7.6;2.6;0.32;Dropout;0.9373;Kritis;0.9787;Kritis;data uji
MHS4240;1;39;1;9085;1;40;130.0;1;3;2;3;2;160.0;1;0;0;1;0;0;27;0;0;6;7;6;16.142857142857142;0;0;6;7;6;14.666666666666666;0;13.9;-0.3;0.79;Graduate;0.4925;Prioritas;0.0559;Aman;validasi silang
MHS4241;1;51;1;9085;1;1;125.0;1;1;1;9;4;120.0;0;0;0;1;0;0;22;0;0;6;8;6;14.833333333333334;0;0;6;10;5;13.833333333333334;0;11.1;0.6;2.02;Graduate;0.3461;Prioritas;0.0839;Aman;validasi silang
MHS4242;1;1;3;9500;1;1;140.0;1;37;37;9;9;141.5;1;0;1;0;0;0;19;0;0;8;8;7;13.327142857142857;0;0;8;8;7;13.327142857142857;0;10.8;1.4;1.74;Dropout;0.8022;Kritis;0.6163;Prioritas;data uji
MHS4243;1;17;1;9238;1;1;111.0;1;19;38;3;3;111.4;1;0;0;0;0;0;19;0;0;6;13;4;11.0;0;0;6;13;2;11.5;0;12.7;3.7;-1.7;Dropout;0.6988;Kritis;0.9783;Kritis;validasi silang
MHS4244;1;1;1;9070;1;1;132.0;1;4;39;2;2;136.6;1;0;0;1;0;0;18;0;1;6;10;6;11.714285714285714;1;0;6;15;6;10.375;0;13.9;-0.3;0.79;Enrolled;0.1789;Aman;0.0913;Aman;mahasiswa aktif
MHS4245;1;1;1;171;1;1;150.0;1;3;3;2;5;154.6;1;0;0;1;0;0;19;0;6;12;13;12;12.333333333333334;0;4;11;12;10;12.727272727272728;0;8.9;1.4;3.51;Dropout;0.1768;Aman;0.0707;Aman;data uji
MHS4246;1;18;4;9853;1;1;118.0;1;19;37;9;6;111.4;1;0;1;0;0;0;20;0;0;7;9;0;0.0;0;0;6;6;0;0.0;0;11.1;0.6;2.02;Dropout;0.9795;Kritis;0.9801;Kritis;data uji
MHS4247;2;43;1;9991;0;1;150.0;1;38;19;3;3;120.1;0;0;0;0;0;0;39;0;11;15;15;12;11.916666666666666;0;8;13;14;8;11.25;0;10.8;1.4;1.74;Dropout;0.7758;Kritis;0.9046;Kritis;validasi silang
MHS4248;2;39;2;8014;0;19;100.0;1;37;37;4;7;100.0;0;0;1;1;0;0;37;0;0;6;9;6;11.833333333333334;0;0;6;7;6;11.0;0;7.6;2.6;0.32;Graduate;0.5717;Prioritas;0.1582;Aman;validasi silang
MHS4249;2;39;1;9500;1;3;130.0;1;1;1;4;6;140.0;0;0;1;0;0;0;30;0;3;7;11;3;12.333333333333334;0;3;7;9;3;11.666666666666666;0;13.9;-0.3;0.79;Dropout;0.9106;Kritis;0.9759;Kritis;validasi silang
MHS4250;2;43;1;9991;0;3;130.0;1;37;37;9;9;130.0;0;0;0;1;0;0;41;0;5;10;11;10;14.3;0;5;10;10;10;14.2;0;12.7;3.7;-1.7;Graduate;0.371;Prioritas;0.0478;Aman;validasi silang
MHS4251;4;39;1;9500;1;19;133.1;1;37;37;5;7;100.0;0;0;0;0;0;0;40;0;0;8;11;5;11.832;4;0;8;11;5;11.832;4;9.4;-0.8;-3.12;Dropout;0.9395;Kritis;0.953;Kritis;validasi silang
MHS4252;1;1;1;9147;1;1;112.0;1;9;22;4;3;106.1;0;0;0;1;0;0;20;0;0;5;13;2;10.0;1;0;5;10;0;0.0;0;9.4;-0.8;-3.12;Dropout;0.5312;Prioritas;0.9792;Kritis;data uji
MHS4253;2;1;1;9991;0;1;144.0;1;19;19;9;9;151.4;0;0;0;1;0;0;28;0;0;5;5;5;12.0;0;0;5;6;5;11.6;0;7.6;2.6;0.32;Graduate;0.1463;Aman;0.0329;Aman;validasi silang
MHS4254;1;18;2;9853;1;1;120.0;1;19;37;9;4;113.7;1;0;1;0;0;0;19;0;0;7;11;5;12.2;0;0;7;13;0;0.0;0;12.4;0.5;1.79;Dropout;0.9836;Kritis;0.9775;Kritis;validasi silang
MHS4255;1;1;1;9670;1;1;121.0;1;37;37;5;9;116.5;1;0;0;1;0;0;23;0;0;5;7;3;11.333333333333334;0;0;5;5;4;11.25;0;7.6;2.6;0.32;Dropout;0.1855;Aman;0.469;Prioritas;validasi silang
MHS4256;1;7;1;8014;0;4;120.0;1;2;3;2;2;120.0;0;0;0;1;0;0;18;0;10;16;24;13;13.846153846153848;0;7;11;15;9;12.555555555555555;0;15.5;2.8;-4.06;Dropout;0.1957;Aman;0.1184;Aman;validasi silang
MHS4257;1;39;1;9500;1;1;100.0;1;1;19;4;8;122.0;0;0;0;1;0;0;24;0;0;8;8;7;12.412857142857144;0;0;8;8;7;12.412857142857144;0;10.8;1.4;1.74;Graduate;0.2539;Prioritas;0.0476;Aman;validasi silang
MHS4258;1;17;5;9670;1;1;115.0;1;1;19;5;5;117.1;0;0;0;1;0;0;21;0;0;5;7;3;12.666666666666666;0;0;5;6;4;12.75;1;7.6;2.6;0.32;Enrolled;0.2653;Prioritas;0.2404;Aman;mahasiswa aktif
MHS4259;1;1;2;9500;1;1;123.0;1;19;19;7;7;120.8;1;0;0;1;0;0;19;0;0;8;11;7;12.545714285714286;0;0;8;11;7;12.545714285714286;0;10.8;1.4;1.74;Graduate;0.1338;Aman;0.0335;Aman;validasi silang
MHS4260;1;1;1;9773;1;1;134.0;1;37;19;9;10;141.4;1;0;0;1;0;0;19;0;0;6;12;3;13.0;0;0;6;13;2;14.0;0;9.4;-0.8;-3.12;Dropout;0.1518;Aman;0.975;Kritis;data uji
MHS4261;1;39;1;9003;1;1;123.0;1;37;37;9;9;110.0;0;0;1;0;0;0;48;0;0;6;6;0;0.0;0;0;6;6;0;0.0;0;11.1;0.6;2.02;Dropout;0.9697;Kritis;0.9796;Kritis;validasi silang
MHS4262;2;43;1;9991;0;2;120.0;1;37;37;9;9;120.0;0;0;0;0;0;0;38;0;9;12;12;9;12.22222222222222;2;9;12;12;9;13.0;0;9.4;-0.8;-3.12;Dropout;0.9295;Kritis;0.8692;Kritis;validasi silang
MHS4263;1;17;1;9147;1;1;131.0;1;1;37;3;7;120.2;0;0;0;1;0;0;19;0;0;5;10;5;13.285714285714286;0;0;5;8;5;13.0;0;12.7;3.7;-1.7;Graduate;0.4357;Prioritas;0.031;Aman;validasi silang
MHS4264;2;39;1;9991;0;12;133.1;1;37;1;9;4;138.4;0;0;0;1;1;0;30;0;0;5;7;3;11.666666666666666;0;0;5;8;1;11.0;0;7.6;2.6;0.32;Dropout;0.6958;Kritis;0.976;Kritis;validasi silang
MHS4265;1;44;1;9003;1;39;150.0;1;37;19;9;9;150.0;0;0;0;1;1;1;24;0;0;6;9;6;13.555555555555555;0;0;6;7;6;12.666666666666666;0;13.9;-0.3;0.79;Graduate;0.1302;Aman;0.0351;Aman;validasi silang
MHS4266;1;17;5;9773;1;1;134.0;1;1;19;9;5;121.8;1;0;0;1;1;0;19;0;0;6;6;6;13.166666666666666;0;0;6;8;6;12.428571428571429;0;16.2;0.3;-0.92;Graduate;0.5633;Prioritas;0.0429;Aman;data uji
MHS4267;1;44;1;171;1;39;140.0;1;1;1;9;9;140.0;0;0;0;1;1;0;21;0;0;0;0;0;0.0;0;0;0;0;0;0.0;0;15.5;2.8;-4.06;Enrolled;0.6558;Kritis;0.716;Kritis;mahasiswa aktif
MHS4268;1;1;1;9254;1;1;117.0;1;1;1;5;5;116.3;1;0;0;1;1;1;21;0;0;6;6;6;11.666666666666666;0;0;6;7;5;12.2;0;10.8;1.4;1.74;Graduate;0.287;Prioritas;0.0731;Aman;validasi silang
MHS4269;1;1;2;9991;0;1;143.0;1;5;1;4;4;131.5;0;0;0;1;1;0;19;0;0;5;11;4;11.0;0;0;5;8;4;12.25;0;15.5;2.8;-4.06;Dropout;0.6192;Prioritas;0.2014;Aman;validasi silang
MHS4270;1;17;2;9070;1;1;142.0;1;3;1;2;4;141.0;1;0;0;1;1;0;18;0;0;6;6;6;13.0;0;0;6;8;1;10.0;0;10.8;1.4;1.74;Enrolled;0.4028;Prioritas;0.9262;Kritis;mahasiswa aktif
MHS4271;1;17;1;9070;1;1;132.0;1;37;38;9;7;138.0;0;0;0;1;1;1;18;0;0;6;6;6;13.666666666666666;0;0;6;6;6;12.0;0;12.4;0.5;1.79;Graduate;0.1117;Aman;0.0415;Aman;validasi silang
MHS4272;1;17;4;9119;1;1;138.0;1;1;3;1;4;127.5;1;0;0;1;1;0;19;0;0;5;6;5;14.6;0;0;5;5;5;15.2;0;8.9;1.4;3.51;Dropout;0.7122;Kritis;0.0554;Aman;validasi silang
MHS4273;1;1;1;9500;1;1;131.0;1;1;19;9;9;127.0;0;0;0;1;1;1;19;0;0;8;8;7;12.514285714285714;0;0;8;8;7;12.514285714285714;0;12.7;3.7;-1.7;Graduate;0.0569;Aman;0.0303;Aman;data uji
MHS4274;1;17;2;9085;1;1;123.0;1;3;19;2;9;118.9;0;0;0;1;1;0;18;0;0;5;5;3;14.0;0;0;5;7;3;12.666666666666666;0;7.6;2.6;0.32;Enrolled;0.3593;Prioritas;0.8831;Kritis;mahasiswa aktif
MHS4275;1;1;1;9254;1;1;131.0;1;37;19;9;9;134.5;1;0;0;1;1;0;25;0;0;6;8;6;13.166666666666666;0;0;6;8;5;12.6;0;7.6;2.6;0.32;Enrolled;0.3561;Prioritas;0.0585;Aman;mahasiswa aktif
MHS4276;1;17;1;9119;1;1;141.0;1;37;1;9;2;133.0;1;0;0;1;1;0;18;0;0;5;10;4;13.0;0;0;5;10;3;12.333333333333334;3;7.6;2.6;0.32;Enrolled;0.7081;Kritis;0.8687;Kritis;mahasiswa aktif
MHS4277;5;39;1;9147;1;1;133.1;1;1;19;4;7;114.0;0;0;0;0;1;0;29;0;0;5;5;1;13.0;0;0;5;5;0;0.0;0;8.9;1.4;3.51;Dropout;0.9576;Kritis;0.9788;Kritis;validasi silang
MHS4278;1;17;1;9119;1;1;116.0;1;19;37;90;5;116.7;1;0;0;1;1;0;21;0;0;5;10;1;10.0;0;0;5;8;3;13.666666666666666;3;7.6;2.6;0.32;Dropout;0.7982;Kritis;0.9655;Kritis;validasi silang
MHS4279;1;1;3;9773;1;1;123.0;1;1;1;4;7;125.1;1;0;1;1;1;1;18;0;0;6;6;6;14.333333333333334;0;0;6;6;6;15.333333333333334;0;11.1;0.6;2.02;Graduate;0.3049;Prioritas;0.0682;Aman;validasi silang
MHS4280;1;17;1;9254;1;1;133.0;1;19;1;9;9;137.2;0;0;0;1;1;1;20;0;0;6;6;0;0.0;0;0;6;12;0;0.0;0;10.8;1.4;1.74;Dropout;0.2338;Prioritas;0.9769;Kritis;validasi silang
MHS4281;1;39;1;9991;0;1;133.1;1;19;37;9;7;111.4;0;0;0;1;1;0;27;0;0;5;7;1;11.0;0;0;5;7;0;0.0;0;13.9;-0.3;0.79;Dropout;0.7685;Kritis;0.9799;Kritis;validasi silang
MHS4282;1;1;1;9085;1;1;133.1;1;3;1;4;9;105.0;1;0;0;1;1;0;21;0;0;6;15;3;11.25;0;0;6;9;0;0.0;0;12.4;0.5;1.79;Enrolled;0.4252;Prioritas;0.9798;Kritis;mahasiswa aktif
MHS4283;1;18;2;9147;1;1;140.0;1;37;37;5;9;124.3;1;0;0;1;1;0;20;0;0;5;7;4;10.75;0;0;5;12;3;10.571428571428571;0;10.8;1.4;1.74;Dropout;0.6234;Prioritas;0.8358;Kritis;validasi silang
MHS4284;1;39;1;9147;1;19;100.0;1;38;19;7;9;132.0;0;0;1;0;1;0;28;0;0;5;7;1;11.0;0;0;5;9;0;0.0;0;10.8;1.4;1.74;Dropout;0.9912;Kritis;0.9787;Kritis;validasi silang
MHS4285;1;39;2;9556;1;1;130.0;1;37;19;9;8;110.0;0;0;0;1;1;1;24;0;0;7;13;6;10.857142857142858;0;0;7;7;7;11.857142857142858;0;12.7;3.7;-1.7;Enrolled;0.4086;Prioritas;0.0551;Aman;mahasiswa aktif
MHS4286;1;1;5;9147;1;1;134.0;1;3;2;2;2;134.7;0;0;0;1;1;0;22;0;1;5;10;4;11.75;0;0;5;10;3;11.0;0;7.6;2.6;0.32;Enrolled;0.5591;Prioritas;0.8257;Kritis;mahasiswa aktif
MHS4287;1;1;1;9085;1;1;134.0;1;37;19;9;9;136.8;1;0;0;1;1;0;20;0;0;5;8;5;12.8;0;0;5;9;4;13.666666666666666;1;10.8;1.4;1.74;Graduate;0.2501;Prioritas;0.0953;Aman;data uji
MHS4288;1;44;1;9085;1;39;160.0;1;1;1;4;4;160.0;0;0;0;1;1;0;21;0;1;5;15;3;12.333333333333334;2;0;5;7;5;11.4;0;9.4;-0.8;-3.12;Graduate;0.5169;Prioritas;0.3674;Aman;validasi silang
MHS4289;1;44;1;9003;1;39;130.0;1;1;3;9;2;130.0;1;0;1;0;1;0;23;0;0;6;12;2;11.333333333333334;0;0;6;8;2;13.0;0;13.9;-0.3;0.79;Dropout;0.9667;Kritis;0.9784;Kritis;validasi silang
MHS4290;1;1;1;9238;1;1;141.0;1;19;1;7;3;128.8;1;0;0;1;1;0;18;0;0;6;10;5;11.6;0;0;6;6;6;11.166666666666666;0;10.8;1.4;1.74;Graduate;0.2902;Prioritas;0.0818;Aman;validasi silang
MHS4291;1;1;1;171;1;1;147.0;1;1;12;4;4;148.4;1;0;0;1;1;1;20;0;8;14;15;12;10.923076923076923;0;7;13;14;11;12.181818181818182;0;11.1;0.6;2.02;Graduate;0.1229;Aman;0.1104;Aman;validasi silang
MHS4292;1;1;1;171;1;1;137.0;1;1;38;4;5;130.4;1;0;0;1;1;0;19;0;0;0;0;0;0.0;0;0;0;0;0;0.0;0;15.5;2.8;-4.06;Graduate;0.5392;Prioritas;0.8172;Kritis;validasi silang
MHS4293;2;39;1;9500;1;3;130.0;1;1;1;4;6;126.0;0;0;0;1;1;0;32;0;0;7;7;7;13.62857142857143;0;0;8;8;8;13.9125;0;13.9;-0.3;0.79;Graduate;0.376;Prioritas;0.0418;Aman;validasi silang
MHS4294;1;1;6;9254;1;1;119.0;1;19;19;9;9;118.7;1;0;0;1;1;0;20;0;0;6;16;3;10.333333333333334;0;0;6;16;1;11.0;0;10.8;1.4;1.74;Dropout;0.4812;Prioritas;0.977;Kritis;data uji
MHS4295;1;39;1;9003;1;1;130.0;1;38;37;7;7;120.0;0;0;0;1;1;0;32;0;12;18;25;18;13.736842105263158;0;10;13;15;12;13.75;1;15.5;2.8;-4.06;Graduate;0.6753;Kritis;0.0648;Aman;validasi silang
MHS4296;1;39;1;9003;1;1;130.0;1;38;19;9;6;120.0;1;0;0;1;1;0;28;0;7;13;19;8;11.625;0;5;10;17;6;11.0;0;15.5;2.8;-4.06;Enrolled;0.4295;Prioritas;0.8389;Kritis;mahasiswa aktif
MHS4297;1;44;1;9070;1;39;120.0;1;1;38;5;5;116.3;1;1;0;1;1;1;21;0;2;7;7;4;11.5;0;5;9;10;7;12.142857142857142;0;12.4;0.5;1.79;Graduate;0.2396;Prioritas;0.3436;Aman;validasi silang
MHS4298;1;1;1;9773;1;1;130.0;1;38;37;9;6;133.9;0;0;0;1;1;1;19;0;0;6;8;5;14.0;0;0;6;8;6;13.0;0;10.8;1.4;1.74;Graduate;0.0543;Aman;0.0464;Aman;validasi silang
MHS4299;1;39;1;9991;0;39;150.0;1;19;19;9;9;150.3;0;0;0;1;1;0;24;0;0;5;7;3;11.333333333333334;0;0;5;6;0;0.0;0;10.8;1.4;1.74;Dropout;0.5845;Prioritas;0.9779;Kritis;validasi silang
MHS4300;1;17;1;9147;1;1;120.0;1;38;38;9;8;118.3;0;0;0;1;1;0;18;0;0;5;13;1;10.0;0;0;5;5;1;10.0;0;12.7;3.7;-1.7;Dropout;0.5199;Prioritas;0.9797;Kritis;data uji
MHS4301;1;44;1;9003;1;39;130.0;1;1;37;6;6;130.0;1;0;0;1;1;0;20;0;0;6;14;5;11.714285714285714;0;0;6;15;5;12.0;0;16.2;0.3;-0.92;Graduate;0.2916;Prioritas;0.1916;Aman;validasi silang
MHS4302;1;43;1;171;1;39;140.0;1;38;37;9;7;140.0;0;0;0;0;1;0;25;0;0;0;0;0;0.0;0;0;0;0;0;0.0;0;15.5;2.8;-4.06;Dropout;0.9612;Kritis;0.9226;Kritis;validasi silang
MHS4303;1;17;6;9147;1;1;130.0;1;37;37;9;9;110.4;1;0;0;1;1;0;25;0;13;15;15;13;10.76923076923077;0;11;14;15;12;11.833333333333334;0;7.6;2.6;0.32;Dropout;0.6011;Prioritas;0.2003;Aman;validasi silang
MHS4304;1;17;4;9773;1;1;147.0;1;1;1;4;5;139.7;1;0;0;1;1;0;18;0;0;6;10;5;11.6;0;0;6;6;6;12.0;0;9.4;-0.8;-3.12;Dropout;0.469;Prioritas;0.0851;Aman;validasi silang
MHS4305;1;1;1;9147;1;1;148.0;1;19;1;7;5;138.3;1;0;0;1;1;0;19;0;0;5;6;4;13.75;0;0;5;5;0;0.0;0;12.4;0.5;1.79;Dropout;0.5426;Prioritas;0.9771;Kritis;validasi silang
MHS4306;1;1;5;9147;1;1;133.0;1;19;3;9;9;123.2;1;0;0;1;1;0;18;0;0;5;14;4;11.0;0;0;5;9;5;10.5;0;13.9;-0.3;0.79;Dropout;0.5066;Prioritas;0.1231;Aman;validasi silang
MHS4307;1;42;1;9147;1;1;135.0;1;19;1;4;4;120.0;0;0;0;0;1;0;25;0;0;5;6;0;0.0;0;0;5;5;0;0.0;0;15.5;2.8;-4.06;Dropout;0.9812;Kritis;0.9796;Kritis;validasi silang
MHS4308;1;39;1;171;1;1;116.0;1;34;34;0;0;127.0;1;0;0;1;1;0;38;0;0;0;0;0;0.0;0;0;0;0;0;0.0;0;7.6;2.6;0.32;Dropout;0.9135;Kritis;0.7344;Kritis;data uji
MHS4309;1;44;1;171;1;39;110.0;1;1;1;1;7;114.2;0;0;0;1;1;0;19;0;0;0;0;0;0.0;0;0;0;0;0;0.0;0;12.4;0.5;1.79;Dropout;0.7241;Kritis;0.7025;Kritis;validasi silang
MHS4310;1;1;4;9773;1;1;133.0;1;1;19;9;9;119.7;1;0;0;1;1;0;19;0;0;6;7;6;12.333333333333334;0;0;6;10;5;13.2;0;16.2;0.3;-0.92;Graduate;0.4395;Prioritas;0.0816;Aman;data uji
MHS4311;1;44;1;9085;1;39;150.0;1;38;37;9;4;150.0;1;0;0;1;1;1;22;0;0;6;9;6;13.428571428571429;0;1;6;12;6;13.625;0;12.4;0.5;1.79;Graduate;0.175;Aman;0.0468;Aman;validasi silang
MHS4312;1;1;6;9119;1;1;135.0;1;2;1;3;5;123.5;1;0;0;1;1;0;18;0;0;5;10;0;0.0;0;0;5;10;1;10.0;3;7.6;2.6;0.32;Enrolled;0.5599;Prioritas;0.9771;Kritis;mahasiswa aktif
MHS4313;1;7;1;9991;0;3;130.0;1;19;19;3;9;130.0;0;0;0;0;1;0;32;0;0;5;12;4;14.75;0;0;5;9;2;15.0;0;16.2;0.3;-0.92;Dropout;0.9659;Kritis;0.9716;Kritis;validasi silang
MHS4314;1;43;1;9853;1;1;130.0;1;2;39;2;5;124.6;0;0;0;1;1;0;37;0;19;21;21;21;12.476190476190476;0;13;19;19;19;12.210526315789474;0;12.4;0.5;1.79;Graduate;0.8319;Kritis;0.055;Aman;validasi silang
MHS4315;1;17;1;9119;1;1;132.0;1;37;37;9;6;119.4;1;0;0;1;1;0;21;0;0;5;8;0;0.0;0;0;5;5;0;0.0;0;7.6;2.6;0.32;Dropout;0.6258;Prioritas;0.9801;Kritis;data uji
MHS4316;1;1;1;9254;1;1;125.0;1;1;3;4;1;121.9;1;0;0;1;1;0;18;0;0;6;15;3;11.666666666666666;0;0;6;14;2;12.5;0;10.8;1.4;1.74;Dropout;0.4273;Prioritas;0.9768;Kritis;validasi silang
MHS4317;1;1;3;9070;1;1;118.0;1;43;3;123;123;110.0;1;0;1;1;1;0;19;0;0;6;6;6;12.0;0;0;6;7;6;13.571428571428571;0;8.9;1.4;3.51;Graduate;0.5053;Prioritas;0.1023;Aman;data uji
MHS4318;1;17;1;9670;1;1;118.0;1;1;19;4;8;118.7;0;0;0;1;1;1;19;0;0;6;7;6;12.0;0;0;6;6;6;14.0;0;12.4;0.5;1.79;Graduate;0.1149;Aman;0.0388;Aman;validasi silang
MHS4319;1;1;1;171;1;1;161.0;41;1;1;9;7;163.1;1;0;0;0;0;0;19;1;6;12;12;12;15.25;0;4;11;12;11;15.0;0;8.9;1.4;3.51;Graduate;0.7113;Kritis;0.148;Aman;validasi silang
MHS4320;1;17;1;9773;1;1;136.0;1;19;38;9;9;121.7;1;0;0;1;1;1;19;0;0;6;9;5;12.4;0;0;6;6;6;13.166666666666666;0;12.7;3.7;-1.7;Graduate;0.2324;Prioritas;0.056;Aman;validasi silang
MHS4321;1;15;1;9147;1;1;135.0;26;1;1;9;7;135.0;0;0;1;1;1;0;21;1;0;5;9;3;12.333333333333334;0;0;5;8;4;11.25;0;8.9;1.4;3.51;Enrolled;0.332;Prioritas;0.6051;Prioritas;mahasiswa aktif
MHS4322;4;39;1;9991;0;1;147.0;1;19;19;7;8;147.9;0;0;0;1;0;0;28;0;0;5;8;4;11.5;0;0;5;7;4;12.0;0;10.8;1.4;1.74;Enrolled;0.504;Prioritas;0.3961;Aman;mahasiswa aktif
MHS4323;1;1;1;9773;1;1;124.0;17;1;1;3;5;118.1;1;0;1;0;0;0;19;1;0;6;8;5;12.2;0;0;6;6;4;11.75;0;16.2;0.3;-0.92;Dropout;0.9084;Kritis;0.9548;Kritis;data uji
MHS4324;1;39;1;9991;0;19;133.1;1;37;37;9;6;105.3;0;0;1;1;0;0;28;0;0;5;14;2;10.5;0;0;5;6;0;0.0;0;12.4;0.5;1.79;Dropout;0.7755;Kritis;0.9793;Kritis;validasi silang
MHS4325;1;1;1;9500;1;1;141.0;1;19;19;7;9;139.8;0;0;0;1;0;1;19;0;0;8;8;7;14.4;0;0;8;8;7;14.4;0;12.7;3.7;-1.7;Graduate;0.0371;Aman;0.0269;Aman;validasi silang
MHS4326;2;7;1;8014;0;3;130.0;1;19;38;3;7;130.0;0;0;0;1;0;0;32;0;8;14;18;13;12.846153846153848;0;7;11;19;10;12.8;0;10.8;1.4;1.74;Graduate;0.1727;Aman;0.104;Aman;validasi silang
MHS4327;1;39;1;8014;0;39;110.0;1;19;37;9;8;127.5;0;0;1;0;0;0;26;0;0;6;13;4;12.0;0;0;6;7;5;13.2;0;16.2;0.3;-0.92;Dropout;0.9717;Kritis;0.9558;Kritis;validasi silang
MHS4328;2;39;1;9147;1;12;133.1;1;37;37;9;9;120.0;0;0;0;1;0;0;25;0;0;5;0;0;0.0;0;0;5;0;0;0.0;0;9.4;-0.8;-3.12;Dropout;0.4631;Prioritas;0.9799;Kritis;validasi silang
MHS4329;2;43;2;9853;1;1;130.0;1;38;31;4;1;124.2;0;0;0;1;0;0;31;0;3;7;8;6;13.666666666666666;0;1;6;8;5;13.5;0;9.4;-0.8;-3.12;Dropout;0.3832;Prioritas;0.1599;Aman;validasi silang
MHS4330;1;17;1;9238;1;1;120.0;1;37;1;9;5;113.4;1;0;0;1;0;1;20;0;0;6;10;5;11.857142857142858;0;0;6;8;6;11.666666666666666;0;12.7;3.7;-1.7;Graduate;0.055;Aman;0.0503;Aman;validasi silang
MHS4331;1;1;4;9238;1;1;133.1;1;1;37;8;9;118.0;1;0;0;1;0;0;19;0;0;6;0;0;0.0;0;0;6;0;0;0.0;0;12.7;3.7;-1.7;Dropout;0.2767;Prioritas;0.9795;Kritis;data uji
MHS4332;1;17;1;171;1;1;145.0;1;37;19;5;9;130.0;1;0;0;1;0;0;23;0;0;0;0;0;0.0;0;0;0;0;0;0.0;0;11.1;0.6;2.02;Dropout;0.4202;Prioritas;0.7631;Kritis;validasi silang
MHS4333;1;1;1;9238;1;1;131.0;1;37;1;9;9;135.9;1;0;0;1;0;0;18;0;0;6;8;5;13.2;0;0;6;6;6;11.333333333333334;0;9.4;-0.8;-3.12;Graduate;0.1423;Aman;0.0631;Aman;validasi silang
MHS4334;1;1;2;9238;1;1;147.0;1;19;38;9;8;135.8;1;0;0;1;0;1;19;0;0;6;8;6;12.714285714285714;0;0;6;12;5;11.0;0;13.9;-0.3;0.79;Dropout;0.0289;Aman;0.0648;Aman;validasi silang
MHS4335;1;1;1;9254;1;1;138.0;1;38;19;9;10;133.1;0;0;0;1;0;0;18;0;0;6;6;6;12.5;0;0;6;6;6;12.666666666666666;0;15.5;2.8;-4.06;Graduate;0.2655;Prioritas;0.0325;Aman;validasi silang
MHS4336;1;1;1;9147;1;1;123.0;1;1;1;4;6;118.8;1;0;0;1;0;0;21;0;0;5;9;3;10.666666666666666;0;0;5;13;2;12.5;0;7.6;2.6;0.32;Enrolled;0.2189;Aman;0.9728;Kritis;mahasiswa aktif
MHS4337;1;1;2;9773;1;1;129.0;1;37;37;9;7;117.1;1;0;0;1;0;0;20;0;0;6;12;1;17.0;0;0;6;12;1;17.0;0;9.4;-0.8;-3.12;Enrolled;0.2442;Prioritas;0.9736;Kritis;mahasiswa aktif
MHS4338;1;1;1;9085;1;1;125.0;1;1;19;4;9;114.5;1;0;0;1;0;0;24;0;0;5;6;5;13.0;1;0;5;9;4;13.25;0;12.7;3.7;-1.7;Graduate;0.2347;Prioritas;0.0868;Aman;validasi silang
MHS4339;1;1;1;9670;1;1;131.0;1;37;37;9;6;127.2;0;0;0;1;0;1;18;0;0;5;7;3;12.666666666666666;0;0;5;5;4;12.5;0;9.4;-0.8;-3.12;Enrolled;0.0341;Aman;0.151;Aman;mahasiswa aktif
MHS4340;1;42;1;9500;1;1;100.0;1;3;37;2;6;130.0;1;0;0;1;0;0;25;0;0;14;14;12;13.291666666666666;1;0;14;14;12;13.291666666666666;1;7.6;2.6;0.32;Graduate;0.1036;Aman;0.1724;Aman;validasi silang
MHS4341;1;17;1;9085;1;1;120.0;1;2;3;2;2;116.1;0;0;0;1;0;0;20;0;0;5;12;3;11.666666666666666;2;0;5;11;4;11.5;1;9.4;-0.8;-3.12;Graduate;0.2661;Prioritas;0.4252;Prioritas;validasi silang
MHS4342;1;17;2;9500;1;1;145.0;1;19;37;5;9;130.5;1;0;0;1;0;0;18;0;0;8;8;7;14.24;0;0;8;8;7;14.24;0;10.8;1.4;1.74;Graduate;0.1912;Aman;0.0316;Aman;validasi silang
MHS4343;1;39;1;9670;1;1;120.0;1;34;34;0;0;104.0;1;0;0;1;0;0;24;0;0;5;10;3;13.0;0;0;5;11;3;11.333333333333334;0;7.6;2.6;0.32;Dropout;0.7951;Kritis;0.8739;Kritis;validasi silang
MHS4344;1;17;2;9500;1;1;140.0;1;1;1;5;10;128.5;1;0;0;1;0;0;18;0;0;7;9;5;14.06;0;0;7;9;6;12.571428571428571;0;12.4;0.5;1.79;Enrolled;0.1963;Aman;0.3553;Aman;mahasiswa aktif
MHS4345;1;17;5;9238;1;1;134.0;1;38;37;9;9;126.0;0;0;1;0;0;0;21;0;0;6;10;5;11.833333333333334;0;0;6;10;5;13.2;0;13.9;-0.3;0.79;Dropout;0.9142;Kritis;0.9007;Kritis;validasi silang
MHS4346;1;1;1;9773;1;1;140.0;1;1;19;5;10;141.1;1;0;0;1;0;0;18;0;0;6;6;6;12.833333333333334;0;0;6;6;6;13.333333333333334;0;9.4;-0.8;-3.12;Graduate;0.1761;Aman;0.0454;Aman;data uji
MHS4347;1;17;2;9254;1;1;107.0;1;12;19;5;5;102.8;1;0;0;1;0;0;20;0;0;6;16;1;10.0;0;0;6;12;0;0.0;0;10.8;1.4;1.74;Dropout;0.5497;Prioritas;0.9799;Kritis;validasi silang
MHS4348;1;17;5;9147;1;1;133.0;1;1;1;4;4;129.2;1;0;0;1;0;0;19;0;0;5;9;2;11.0;0;0;5;12;2;10.0;0;7.6;2.6;0.32;Dropout;0.4612;Prioritas;0.9746;Kritis;validasi silang
MHS4349;1;1;1;9500;1;1;127.0;1;3;1;2;9;119.3;1;0;0;1;0;0;20;0;0;7;7;7;14.105714285714289;0;0;8;8;8;13.6625;0;11.1;0.6;2.02;Graduate;0.1404;Aman;0.0332;Aman;validasi silang
MHS4350;1;1;5;9500;1;1;141.0;1;38;19;9;6;126.3;1;0;0;1;0;0;20;0;0;8;12;7;12.471428571428572;0;0;8;12;7;12.471428571428572;0;12.7;3.7;-1.7;Graduate;0.0996;Aman;0.0471;Aman;validasi silang
MHS4351;1;44;1;9085;1;39;140.0;1;3;1;4;3;140.0;1;0;0;1;0;1;20;0;2;6;11;6;11.833333333333334;0;1;6;17;5;11.857142857142858;0;12.4;0.5;1.79;Graduate;0.0955;Aman;0.0713;Aman;validasi silang
MHS4352;1;1;3;9070;1;1;150.0;1;1;1;4;8;131.5;1;0;0;1;0;0;20;0;0;6;6;6;12.5;0;0;6;6;6;12.833333333333334;0;7.6;2.6;0.32;Graduate;0.1356;Aman;0.0404;Aman;validasi silang
MHS4353;1;1;6;9853;1;1;140.0;1;38;38;9;7;137.6;1;0;0;1;0;0;18;0;0;6;7;6;11.666666666666666;0;0;6;7;6;12.333333333333334;0;10.8;1.4;1.74;Dropout;0.3903;Prioritas;0.0602;Aman;validasi silang
MHS4354;1;1;1;171;1;1;141.0;1;3;1;4;4;142.8;1;0;0;1;0;0;18;0;0;0;0;0;0.0;0;0;0;0;0;0.0;0;12.4;0.5;1.79;Graduate;0.3031;Prioritas;0.3642;Aman;validasi silang
MHS4355;4;39;1;9991;0;1;150.0;1;37;38;9;9;146.2;0;0;0;1;0;0;30;0;0;5;11;3;10.333333333333334;0;0;5;10;4;12.8;0;12.4;0.5;1.79;Enrolled;0.4529;Prioritas;0.7742;Kritis;mahasiswa aktif
MHS4356;1;1;2;9085;1;1;160.0;1;4;19;2;5;162.1;1;0;0;1;0;0;18;0;0;5;8;5;16.166666666666668;2;0;5;9;5;14.285714285714286;1;9.4;-0.8;-3.12;Graduate;0.0944;Aman;0.1748;Aman;validasi silang
MHS4357;1;39;1;9085;1;19;133.1;1;37;37;4;8;140.0;0;0;0;1;0;0;35;0;0;6;11;3;12.666666666666666;0;0;6;7;0;0.0;0;11.1;0.6;2.02;Dropout;0.4223;Prioritas;0.9791;Kritis;data uji
MHS4358;1;39;1;8014;0;1;133.1;1;19;37;7;8;120.0;0;0;1;0;0;0;31;0;0;6;14;2;10.5;0;0;6;6;3;12.333333333333334;0;11.1;0.6;2.02;Dropout;0.9234;Kritis;0.9779;Kritis;validasi silang
MHS4359;1;43;1;9254;1;1;134.0;1;37;37;9;9;133.3;1;0;1;1;0;0;19;0;0;6;13;2;11.5;0;0;6;13;1;11.0;0;7.6;2.6;0.32;Dropout;0.5416;Prioritas;0.9797;Kritis;validasi silang
MHS4360;1;1;4;9238;1;1;130.0;1;1;19;4;5;124.8;1;0;0;1;0;0;19;0;0;6;6;6;13.0;0;0;6;8;5;13.4;0;8.9;1.4;3.51;Graduate;0.1164;Aman;0.0592;Aman;validasi silang
MHS4361;1;17;4;9500;1;1;140.0;1;19;37;4;8;133.3;1;0;0;1;0;0;19;0;0;7;7;6;11.966666666666669;0;0;7;7;6;11.966666666666669;0;7.6;2.6;0.32;Graduate;0.1557;Aman;0.0617;Aman;validasi silang
MHS4362;1;17;1;9500;1;1;145.0;1;3;3;2;3;141.8;0;0;0;1;0;0;19;0;0;8;8;8;13.3475;0;0;8;8;8;13.3475;0;9.4;-0.8;-3.12;Graduate;0.1;Aman;0.0336;Aman;validasi silang
MHS4363;1;1;3;9085;1;1;133.0;1;1;38;9;90;128.2;0;0;0;1;0;0;21;0;0;5;7;5;12.0;0;0;5;7;4;12.5;0;7.6;2.6;0.32;Graduate;0.2605;Prioritas;0.0515;Aman;validasi silang
MHS4364;1;17;3;9853;1;1;133.1;1;34;34;0;0;115.0;0;0;0;1;0;0;18;0;0;6;10;2;10.5;0;0;6;13;0;0.0;0;7.6;2.6;0.32;Dropout;0.8627;Kritis;0.9795;Kritis;validasi silang
MHS4365;1;17;1;9238;1;1;132.0;1;37;37;9;9;123.6;1;0;0;1;0;0;18;0;0;6;9;4;11.5;0;0;6;10;4;10.75;0;7.6;2.6;0.32;Enrolled;0.1426;Aman;0.6669;Kritis;mahasiswa aktif
MHS4366;1;1;2;171;1;1;117.0;1;38;38;4;9;120.2;1;0;0;1;1;0;19;0;0;0;0;0;0.0;0;0;0;0;0;0.0;0;7.6;2.6;0.32;Graduate;0.3386;Prioritas;0.432;Prioritas;validasi silang
MHS4367;1;1;1;9670;1;1;127.0;1;3;19;3;9;127.0;1;0;0;1;1;0;18;0;0;6;9;6;13.571428571428571;0;0;6;11;4;14.0;0;12.4;0.5;1.79;Graduate;0.2766;Prioritas;0.1546;Aman;validasi silang
MHS4368;1;17;1;9085;1;1;134.0;1;19;19;1;1;120.4;1;0;0;1;1;0;18;0;0;6;10;6;14.7;0;0;6;10;6;12.0;0;16.2;0.3;-0.92;Graduate;0.5688;Prioritas;0.0461;Aman;validasi silang
MHS4369;1;39;1;9991;0;1;120.0;1;37;37;9;9;120.0;1;0;0;0;1;0;25;0;0;5;5;0;0.0;0;0;5;5;0;0.0;0;9.4;-0.8;-3.12;Dropout;0.9759;Kritis;0.9795;Kritis;validasi silang
MHS4370;1;1;1;9500;1;1;136.0;1;2;2;3;3;120.0;1;0;0;1;1;0;18;0;0;7;8;6;11.833333333333334;0;0;7;8;6;11.833333333333334;0;7.6;2.6;0.32;Enrolled;0.1914;Aman;0.0545;Aman;mahasiswa aktif
MHS4371;1;1;3;171;1;1;137.0;1;1;3;5;2;133.9;1;0;0;1;1;0;19;0;0;0;0;0;0.0;0;0;0;0;0;0.0;0;12.7;3.7;-1.7;Graduate;0.4337;Prioritas;0.4419;Prioritas;validasi silang
MHS4372;1;1;6;9500;1;1;118.0;1;38;19;3;3;113.5;1;0;0;1;1;0;18;0;0;7;7;7;13.175714285714289;0;0;8;8;8;14.925;0;12.4;0.5;1.79;Graduate;0.1968;Aman;0.0387;Aman;data uji
MHS4373;1;39;1;9003;1;1;130.0;1;12;12;9;9;126.1;0;0;0;1;1;0;24;0;0;6;7;0;0.0;0;0;6;10;0;0.0;0;12.4;0.5;1.79;Dropout;0.4643;Prioritas;0.9795;Kritis;validasi silang
MHS4374;1;1;1;9238;1;1;124.0;1;37;37;7;9;121.2;0;0;0;1;0;0;19;0;0;6;12;2;13.0;0;0;6;9;6;10.833333333333334;0;7.6;2.6;0.32;Enrolled;0.1178;Aman;0.3431;Aman;mahasiswa aktif
MHS4375;5;7;1;9500;1;40;150.0;1;37;37;4;9;150.0;0;0;0;1;0;0;29;0;1;8;11;7;13.742857142857144;0;1;8;11;7;13.742857142857144;0;12.7;3.7;-1.7;Graduate;0.2242;Prioritas;0.0616;Aman;validasi silang
MHS4376;1;43;1;9991;0;1;161.0;1;37;37;9;9;100.0;1;0;0;1;0;0;27;0;0;5;5;0;0.0;0;0;5;5;0;0.0;0;7.6;2.6;0.32;Dropout;0.3412;Prioritas;0.9788;Kritis;validasi silang
MHS4377;1;17;6;9500;1;1;143.0;1;38;1;9;10;127.3;1;0;0;1;0;0;18;0;0;7;8;7;12.217142857142855;0;0;8;11;7;12.11875;0;11.1;0.6;2.02;Graduate;0.191;Aman;0.1027;Aman;validasi silang
MHS4378;2;43;1;9991;0;1;130.0;1;37;37;9;9;103.8;0;0;0;1;0;0;28;0;14;15;15;14;11.071428571428571;0;12;14;16;12;11.333333333333334;1;9.4;-0.8;-3.12;Dropout;0.3425;Prioritas;0.511;Prioritas;validasi silang
MHS4379;2;39;1;9853;1;19;133.1;1;37;37;9;9;131.0;0;0;0;1;0;1;32;0;0;7;10;7;13.428571428571429;0;2;8;8;8;13.25;0;13.9;-0.3;0.79;Graduate;0.393;Prioritas;0.0373;Aman;validasi silang
MHS4380;1;39;1;9991;0;1;110.0;1;37;37;7;7;133.9;0;0;0;1;0;0;30;0;0;5;7;5;11.4;0;0;5;6;5;13.666666666666666;0;10.8;1.4;1.74;Dropout;0.5427;Prioritas;0.0332;Aman;validasi silang
MHS4381;1;7;1;9500;1;2;140.0;1;38;37;7;8;140.0;0;0;0;1;0;0;29;0;0;8;14;4;11.325;1;0;8;14;4;11.325;1;12.7;3.7;-1.7;Dropout;0.3625;Prioritas;0.9576;Kritis;validasi silang
MHS4382;1;1;2;9238;1;1;145.0;1;1;19;4;8;121.4;0;0;0;1;0;0;20;0;0;6;13;0;0.0;0;0;5;11;0;0.0;0;9.4;-0.8;-3.12;Enrolled;0.1213;Aman;0.9801;Kritis;mahasiswa aktif
MHS4383;1;1;1;9500;1;1;131.0;1;1;1;9;9;122.0;0;0;0;1;0;0;19;0;0;8;8;7;15.0;0;0;8;8;7;15.0;0;12.7;3.7;-1.7;Graduate;0.1524;Aman;0.0274;Aman;validasi silang
MHS4384;1;39;2;8014;0;1;141.0;1;37;37;9;9;150.5;0;0;0;1;0;0;29;0;0;6;7;6;13.166666666666666;0;0;6;8;6;15.625;0;12.4;0.5;1.79;Graduate;0.2171;Aman;0.0422;Aman;validasi silang
MHS4385;2;1;1;9238;1;1;145.0;1;37;34;9;7;139.4;0;0;0;0;0;0;27;0;0;6;12;2;11.0;0;0;6;14;4;10.5;0;9.4;-0.8;-3.12;Dropout;0.5408;Prioritas;0.9737;Kritis;validasi silang
MHS4386;1;1;1;9238;1;1;122.0;1;19;19;193;194;112.6;0;0;0;1;0;0;19;0;0;6;0;0;0.0;0;0;6;0;0;0.0;0;12.4;0.5;1.79;Dropout;0.0731;Aman;0.979;Kritis;validasi silang
MHS4387;1;17;1;9670;1;1;118.0;1;37;38;8;7;115.2;1;0;0;1;0;1;21;0;0;5;7;3;12.333333333333334;0;0;5;5;2;12.5;0;7.6;2.6;0.32;Dropout;0.1472;Aman;0.8757;Kritis;data uji
MHS4388;2;1;1;9991;0;1;150.0;1;37;37;9;9;131.8;0;0;0;0;0;0;29;0;0;5;6;4;12.25;0;0;5;6;5;10.166666666666666;0;10.8;1.4;1.74;Dropout;0.7847;Kritis;0.7316;Kritis;validasi silang
MHS4389;2;43;1;9147;1;2;120.0;1;37;37;9;9;122.8;0;0;1;0;0;0;42;0;13;13;13;13;11.923076923076923;0;12;12;12;12;12.5;0;15.5;2.8;-4.06;Dropout;0.9829;Kritis;0.567;Prioritas;data uji
MHS4390;1;1;1;9238;1;1;167.0;1;19;19;9;7;156.2;0;0;0;1;0;1;18;0;0;6;6;6;14.333333333333334;0;0;6;7;6;14.142857142857142;0;15.5;2.8;-4.06;Graduate;0.035;Aman;0.0288;Aman;validasi silang
MHS4391;1;39;1;9085;1;1;150.0;1;38;38;9;9;132.0;1;0;0;1;0;0;24;0;0;5;6;5;12.0;0;0;5;5;5;13.0;0;10.8;1.4;1.74;Graduate;0.2816;Prioritas;0.0413;Aman;validasi silang
MHS4392;2;7;1;9500;1;3;130.0;1;37;37;9;5;130.0;0;0;0;1;0;0;32;0;0;7;9;7;13.761111111111113;0;1;8;11;7;12.06375;0;15.5;2.8;-4.06;Enrolled;0.2951;Prioritas;0.061;Aman;mahasiswa aktif
MHS4393;1;1;1;9147;1;1;151.0;1;37;1;4;10;138.4;0;0;0;1;0;0;18;0;0;5;6;4;11.25;0;0;5;8;5;11.0;0;10.8;1.4;1.74;Enrolled;0.2655;Prioritas;0.0513;Aman;mahasiswa aktif
MHS4394;1;39;1;9991;0;1;120.0;1;38;38;5;7;146.2;0;0;0;1;0;0;27;0;0;5;10;3;12.333333333333334;0;0;5;10;3;10.666666666666666;0;11.1;0.6;2.02;Graduate;0.4586;Prioritas;0.9719;Kritis;validasi silang
MHS4395;1;1;4;9500;1;1;168.0;1;38;1;9;10;166.0;1;0;0;1;0;0;18;0;0;8;8;8;14.88875;0;0;8;8;8;14.88875;0;9.4;-0.8;-3.12;Graduate;0.0703;Aman;0.0325;Aman;validasi silang
MHS4396;1;17;3;9773;1;1;153.0;1;34;34;99;99;133.1;1;0;1;1;0;1;19;0;0;6;8;6;12.166666666666666;0;0;6;8;5;12.4;0;9.4;-0.8;-3.12;Dropout;0.6957;Kritis;0.1803;Aman;validasi silang
MHS4397;1;1;2;9773;1;1;131.0;1;19;37;9;10;121.9;1;0;0;1;0;1;18;0;0;6;7;6;12.666666666666666;0;0;6;6;6;13.333333333333334;0;11.1;0.6;2.02;Graduate;0.07;Aman;0.0819;Aman;validasi silang
MHS4398;1;5;4;9853;1;1;116.0;1;3;38;3;8;110.4;1;0;0;1;0;0;21;0;0;6;9;5;12.6;0;0;6;9;3;11.666666666666666;0;9.4;-0.8;-3.12;Enrolled;0.5334;Prioritas;0.7287;Kritis;mahasiswa aktif
MHS4399;1;39;1;9147;1;1;160.0;1;38;38;7;9;121.4;0;1;0;1;0;1;26;0;0;5;8;4;13.0;0;0;5;10;4;12.25;2;16.2;0.3;-0.92;Graduate;0.3671;Prioritas;0.1059;Aman;validasi silang
MHS4400;1;1;1;9254;1;1;152.0;1;37;19;9;9;137.0;1;0;0;1;0;1;22;0;0;6;9;6;13.875;0;0;6;6;6;14.333333333333334;0;9.4;-0.8;-3.12;Graduate;0.088;Aman;0.0329;Aman;validasi silang
MHS4401;2;39;1;9991;0;1;133.1;1;37;37;6;3;140.0;0;0;1;1;1;0;37;0;0;5;10;4;10.75;0;0;5;12;3;13.333333333333334;0;9.4;-0.8;-3.12;Dropout;0.6932;Kritis;0.9168;Kritis;validasi silang
MHS4402;1;7;1;9085;1;3;150.0;1;19;37;90;90;140.0;0;0;0;1;1;0;24;0;3;5;10;3;14.666666666666666;1;0;5;5;0;0.0;0;7.6;2.6;0.32;Dropout;0.6057;Prioritas;0.9765;Kritis;validasi silang
MHS4403;1;18;2;9853;1;1;168.0;1;1;19;3;9;126.8;1;0;0;1;1;0;18;0;0;6;7;5;12.6;0;0;6;6;6;13.0;0;10.8;1.4;1.74;Enrolled;0.6882;Kritis;0.1199;Aman;mahasiswa aktif
MHS4404;1;17;3;9500;1;1;137.0;1;1;1;4;10;124.8;1;0;0;1;1;1;19;0;0;7;11;6;12.4125;0;0;8;12;7;11.2625;0;15.5;2.8;-4.06;Graduate;0.1315;Aman;0.1202;Aman;validasi silang
MHS4405;2;39;1;9130;1;19;133.1;1;2;1;8;8;120.0;1;0;1;0;1;0;28;0;0;6;12;1;11.0;0;0;6;9;2;10.5;0;16.2;0.3;-0.92;Dropout;0.994;Kritis;0.979;Kritis;validasi silang
MHS4406;1;1;4;9500;1;1;160.0;1;37;37;7;7;133.0;1;0;0;1;1;1;18;0;0;8;8;7;14.314285714285717;0;0;8;8;7;14.314285714285717;0;12.7;3.7;-1.7;Graduate;0.1015;Aman;0.0275;Aman;validasi silang
MHS4407;1;1;1;9070;1;1;145.0;1;1;38;5;7;127.5;1;0;0;1;1;0;20;0;0;6;6;4;12.0;0;0;6;8;2;11.333333333333334;0;10.8;1.4;1.74;Enrolled;0.2733;Prioritas;0.9724;Kritis;mahasiswa aktif
MHS4408;1;1;1;9773;1;1;138.0;1;1;19;4;4;131.7;1;0;0;1;1;0;18;0;0;6;6;6;12.833333333333334;0;0;6;7;6;13.285714285714286;0;15.5;2.8;-4.06;Graduate;0.4587;Prioritas;0.0488;Aman;validasi silang
MHS4409;2;39;1;9773;1;1;100.0;1;37;37;9;9;133.0;0;0;0;1;1;0;47;0;0;6;8;5;11.4;0;0;6;10;6;11.666666666666666;0;12.7;3.7;-1.7;Dropout;0.5308;Prioritas;0.1046;Aman;validasi silang
MHS4410;2;43;1;9991;0;1;140.0;1;37;37;4;1;122.7;0;0;0;1;1;0;38;0;0;5;5;5;14.6;0;0;5;6;5;14.333333333333334;0;13.9;-0.3;0.79;Graduate;0.6206;Prioritas;0.0359;Aman;validasi silang
MHS4411;1;1;1;9070;1;1;124.0;1;37;19;9;4;121.2;0;0;0;1;1;1;20;0;1;6;7;6;13.5;0;1;6;9;5;12.5;0;10.8;1.4;1.74;Graduate;0.1118;Aman;0.0591;Aman;validasi silang
MHS4412;1;44;1;9130;1;39;150.0;1;37;37;9;3;150.0;1;0;0;1;1;0;21;0;1;6;8;6;12.5;0;0;6;11;3;13.333333333333334;0;13.9;-0.3;0.79;Dropout;0.6435;Prioritas;0.401;Prioritas;validasi silang
MHS4413;1;43;1;9070;1;1;125.0;1;19;19;7;8;133.4;1;0;0;1;1;1;19;0;4;6;6;4;13.0;0;2;6;7;5;12.2;0;13.9;-0.3;0.79;Enrolled;0.1423;Aman;0.178;Aman;mahasiswa aktif
MHS4414;1;43;1;33;1;1;143.0;1;37;1;9;10;121.2;1;0;0;1;1;0;25;0;5;10;13;5;11.6;0;2;8;10;2;13.0;0;12.4;0.5;1.79;Enrolled;0.5303;Prioritas;0.9727;Kritis;mahasiswa aktif
MHS4415;1;1;1;9130;1;1;137.0;1;3;38;3;5;129.3;1;0;0;1;0;0;18;0;0;5;6;5;11.8;1;0;5;8;5;11.6;0;9.4;-0.8;-3.12;Graduate;0.2442;Prioritas;0.038;Aman;validasi silang
MHS4416;4;39;1;9500;1;19;133.1;1;37;37;6;6;117.8;0;0;1;0;0;0;46;0;0;7;14;3;12.333333333333334;0;0;7;12;3;11.083333333333334;0;11.1;0.6;2.02;Dropout;0.9214;Kritis;0.978;Kritis;validasi silang
MHS4417;1;43;2;9500;1;1;136.0;1;38;38;9;5;131.3;0;0;0;1;0;0;23;0;11;14;15;12;12.625;1;11;14;15;12;12.625;1;7.6;2.6;0.32;Graduate;0.0886;Aman;0.1123;Aman;data uji
MHS4418;1;1;1;9070;1;1;132.0;1;1;1;9;9;133.8;1;0;0;1;0;1;20;0;0;6;6;6;13.833333333333334;0;0;6;6;6;13.5;0;16.2;0.3;-0.92;Graduate;0.0666;Aman;0.0505;Aman;validasi silang
MHS4419;1;44;1;9070;1;39;120.0;1;3;38;3;9;120.0;0;0;0;1;1;0;20;0;2;7;7;6;12.5;0;5;9;10;7;13.142857142857142;1;16.2;0.3;-0.92;Graduate;0.3922;Prioritas;0.3822;Aman;validasi silang
MHS4420;1;1;6;9773;1;1;125.0;1;1;1;5;4;122.2;0;0;0;1;1;0;19;0;0;6;7;5;13.6;0;0;6;8;5;12.666666666666666;0;15.5;2.8;-4.06;Graduate;0.5956;Prioritas;0.1264;Aman;data uji
MHS4421;1;1;2;9773;1;1;120.0;105;1;1;9;9;119.0;1;0;1;0;0;0;18;1;0;6;6;6;12.0;0;0;6;6;2;11.0;0;11.1;0.6;2.02;Dropout;0.8833;Kritis;0.9489;Kritis;validasi silang
MHS4422;1;1;1;9500;1;1;154.0;1;37;37;9;9;149.5;1;0;0;1;0;1;30;0;0;7;8;7;14.9125;0;0;8;9;1;13.5;0;13.9;-0.3;0.79;Dropout;0.0263;Aman;0.7799;Kritis;validasi silang
MHS4423;1;1;1;9147;1;1;180.0;1;37;37;7;4;153.8;1;0;0;1;0;1;20;0;0;5;5;5;13.8;0;0;5;6;5;12.0;0;9.4;-0.8;-3.12;Graduate;0.1343;Aman;0.0308;Aman;data uji
MHS4424;1;10;1;9773;1;1;152.0;22;38;37;5;9;152.0;1;0;0;1;0;0;22;1;0;6;8;6;11.666666666666666;0;0;6;6;6;13.0;0;12.7;3.7;-1.7;Graduate;0.1532;Aman;0.0521;Aman;data uji
